# LSST Y10 lens curves; original Fisher._makeLensPZ convention
# Reference: https://arxiv.org/abs/2507.01374 Figure 3
# Source: fisherA2Z/data/nzdist.txt, dneff column
# Original 40-point parent integration; dense Gaussian evaluation and normalization
# Raw n_i(z), NOT unit-integral PDFs and NOT galaxies/arcmin^2/z
# Z_MID	BIN1	BIN2	BIN3	BIN4	BIN5	BIN6	BIN7	BIN8	BIN9	BIN10
0.000000000000e+00	6.945655912836e-10	3.483961651515e-16	3.815290727648e-23	2.740981867395e-30	2.258734066776e-37	2.722858501617e-44	4.868636152788e-51	2.370451538897e-57	1.794417910908e-63	3.029021973599e-69
1.250000000000e-03	8.669256939269e-10	4.546789527411e-16	5.133918257561e-23	3.765613219038e-30	3.145851121256e-37	3.824909687545e-44	6.872306254392e-51	3.352968627835e-57	2.538287888405e-63	4.278421429572e-69
2.500000000000e-03	1.080856243273e-09	5.928197005505e-16	6.902583185316e-23	5.169534337130e-30	4.378590030547e-37	5.369960593287e-44	9.695660238719e-51	4.740559616436e-57	3.589043701184e-63	6.040899160941e-69
3.750000000000e-03	1.346081782873e-09	7.721944856674e-16	9.272903408656e-23	7.091748180851e-30	6.090507143798e-37	7.534853513258e-44	1.367199747875e-50	6.699331200485e-57	5.072676913408e-63	8.526219323229e-69
5.000000000000e-03	1.674527980113e-09	1.004886602011e-15	1.244690027393e-22	9.721680738474e-30	8.466339597848e-37	1.056652852183e-43	1.926931378889e-50	9.463134199634e-57	7.166650823212e-63	1.202952009882e-68
6.250000000000e-03	2.080802309097e-09	1.306452750273e-15	1.669352573885e-22	1.331728121153e-29	1.176145272337e-36	1.480961086080e-43	2.714439874864e-50	1.336103995886e-56	1.012082405126e-62	1.696590350575e-68
7.500000000000e-03	2.582775655181e-09	1.696901566921e-15	2.237053236546e-22	1.822955022533e-29	1.632861331578e-36	2.074477677056e-43	3.821852323437e-50	1.885589887712e-56	1.428683705127e-62	2.391897536316e-68
8.750000000000e-03	3.202285123271e-09	2.201942052051e-15	2.995338818798e-22	2.493575393111e-29	2.265482420096e-36	2.904207789498e-43	5.378327888704e-50	2.659842565553e-56	2.015936717225e-62	3.370893555125e-68
1.000000000000e-02	3.965982211619e-09	2.854574698369e-15	4.007347253679e-22	3.408436605655e-29	3.141196776981e-36	4.063501340104e-43	7.564850450819e-50	3.750302823393e-56	2.843402136406e-62	4.748805632506e-68
1.125000000000e-02	4.906355093477e-09	3.697117303548e-15	5.356848787688e-22	4.655583338173e-29	4.352638955733e-36	5.682336258703e-43	1.063489279742e-49	5.285407245034e-56	4.008854211966e-62	6.687451392493e-68
1.250000000000e-02	6.062959148994e-09	4.783781556191e-15	7.154893675147e-22	6.354467410515e-29	6.027444232158e-36	7.941586196868e-43	1.494326795439e-49	7.445472917822e-56	5.649666693753e-62	9.413990826595e-68
1.375000000000e-02	7.483896245956e-09	6.183946754352e-15	9.548570709408e-22	8.667031506955e-29	8.341358976438e-36	1.109280501922e-42	2.098639050147e-49	1.048353705513e-55	7.958770440290e-62	1.324719080050e-67
1.500000000000e-02	9.227590738055e-09	7.986314977533e-15	1.273253679311e-21	1.181266155329e-28	1.153621861449e-35	1.548564524710e-42	2.945843109442e-49	1.475452031399e-55	1.120700888861e-61	1.863419777933e-67
1.625000000000e-02	1.136491891489e-08	1.030417959083e-14	1.696418103096e-21	1.608834289690e-28	1.594458418509e-35	2.160583394672e-42	4.132959742754e-49	2.075601942588e-55	1.577444330157e-61	2.620200337262e-67
1.750000000000e-02	1.398175890735e-08	1.328209847317e-14	2.258355169141e-21	2.189581091397e-28	2.202348145602e-35	3.012774058792e-42	5.795520345382e-49	2.918533993182e-55	2.219417230625e-61	3.682944582978e-67
1.875000000000e-02	1.718204006440e-08	1.710433775310e-14	3.003951917123e-21	2.977809568630e-28	3.040057534501e-35	4.198710138855e-42	8.122755717829e-49	4.101919729195e-55	3.121364252317e-61	5.174790335447e-67
2.000000000000e-02	2.109138484625e-08	2.200554472178e-14	3.992409651835e-21	4.046867408129e-28	4.193732135841e-35	5.848157033930e-42	1.137873670605e-48	5.762504432220e-55	4.388039598466e-61	7.268205885843e-67
2.125000000000e-02	2.586145263641e-08	2.828422444235e-14	5.301742174490e-21	5.495752887476e-28	5.781527915216e-35	8.140966337096e-42	1.593178372440e-48	8.091650222026e-55	6.166194375797e-61	1.020466076699e-66
2.250000000000e-02	3.167511391739e-08	3.631973890410e-14	7.034666259927e-21	7.457986369136e-28	7.965400573714e-35	1.132626434523e-41	2.229535819422e-48	1.135702662172e-54	8.661327701003e-61	1.432210361872e-66
2.375000000000e-02	3.875260538621e-08	4.659372717888e-14	9.326308558797e-21	1.011351541884e-27	1.096719763723e-34	1.574893640543e-41	3.118488910135e-48	1.593286587151e-54	1.216108480372e-60	2.009333103542e-66
2.500000000000e-02	4.735884226542e-08	5.971706830056e-14	1.235428024247e-20	1.370467887451e-27	1.509060923711e-34	2.188615983042e-41	4.359670349317e-48	2.234214521178e-54	1.706792596844e-60	2.817954363148e-66
2.625000000000e-02	5.781209381309e-08	7.646378580448e-14	1.635183531086e-20	1.855759761155e-27	2.075109084897e-34	3.039776861998e-41	6.091760182282e-48	3.131537047470e-54	2.394472043572e-60	3.950507220938e-66
2.750000000000e-02	7.049426243782e-08	9.781363668589e-14	2.162504139465e-20	2.511081512442e-27	2.851662632778e-34	4.219564644310e-41	8.507689706940e-48	4.387245644692e-54	3.357835205199e-60	5.536160251700e-66
2.875000000000e-02	8.586304654470e-08	1.250055534871e-13	2.857516703077e-20	3.395361616385e-27	3.916322183239e-34	5.853928124923e-41	1.187572641208e-47	6.143672585580e-54	4.706841482981e-60	7.755348782305e-66
3.000000000000e-02	1.044663130189e-07	1.596046353273e-13	3.772784463975e-20	4.587725515156e-27	5.375040428369e-34	8.116726797981e-41	1.656869960090e-47	8.599355196306e-54	6.595084335704e-60	1.086002697134e-65
3.125000000000e-02	1.269590579299e-07	2.035860352329e-13	4.977102668852e-20	6.194339213771e-27	7.372386792501e-34	1.124781778020e-40	2.310448870429e-47	1.203110249506e-53	9.237016546651e-60	1.520188216670e-65
3.250000000000e-02	1.541233945473e-07	2.594398955763e-13	6.560434310578e-20	8.357544736997e-27	1.010549390405e-33	1.557791812774e-40	3.220208546518e-47	1.682467482215e-53	1.293193986950e-59	2.127162696690e-65
3.375000000000e-02	1.868920771375e-07	3.303024755496e-13	8.640322844745e-20	1.126804577716e-26	1.384299401649e-33	2.156276070823e-40	4.485918018824e-47	2.351741838183e-53	1.809740137232e-59	2.975369748721e-65
3.500000000000e-02	2.263761484279e-07	4.201198367814e-13	1.137021655339e-19	1.518114968714e-26	1.895071379388e-33	2.982999022379e-40	6.245948006846e-47	3.285748554383e-53	2.531566542193e-59	4.160236943728e-65
3.625000000000e-02	2.738973893617e-07	5.338519570792e-13	1.495026495260e-19	2.043839976017e-26	2.592651651355e-33	4.124351394137e-40	8.692107622720e-47	4.588605478196e-53	3.539835358807e-59	5.814763797380e-65
3.750000000000e-02	3.310263532616e-07	6.777269906842e-13	1.964130907765e-19	2.749636495122e-26	3.544751703156e-33	5.699175230977e-40	1.209014538336e-46	6.405142950408e-53	4.947631725789e-59	8.124244364059e-65
3.875000000000e-02	3.996268843425e-07	8.595576626768e-13	2.578299458218e-19	3.696492629680e-26	4.843402097903e-33	7.870859534439e-40	1.680806231744e-46	8.936730226752e-53	6.912454016316e-59	1.134673118461e-64
4.000000000000e-02	4.819081544057e-07	1.089134567921e-12	3.381720203139e-19	4.965815422020e-26	6.613605503083e-33	1.086390889258e-39	2.335519372263e-46	1.246321775784e-52	9.653565146984e-59	1.584146867148e-64
4.125000000000e-02	5.804854034187e-07	1.378714553468e-12	4.431832867318e-19	6.666186631824e-26	9.025039288097e-33	1.498662599033e-39	3.243612731112e-46	1.737334451622e-52	1.347608666181e-58	2.210838444028e-64
4.250000000000e-02	6.984507416184e-07	1.743626533586e-12	5.803239082410e-19	8.942326669518e-26	1.230787200225e-32	2.066214593693e-39	4.502505134833e-46	2.420685642866e-52	1.880444177215e-58	3.084291814769e-64
4.375000000000e-02	8.394555650561e-07	2.203022182896e-12	7.592747181834e-19	1.198697944456e-25	1.677412579948e-32	2.847087283138e-39	6.246822059289e-46	3.371281913618e-52	2.622875538182e-58	4.301211548065e-64
4.500000000000e-02	1.007806355609e-06	2.780805173960e-12	9.925875022969e-19	1.605665800845e-25	2.284651041316e-32	3.920847398898e-39	8.662510055391e-46	4.693031407275e-52	3.656920397832e-58	5.996019455438e-64
4.625000000000e-02	1.208575883093e-06	3.506780210420e-12	1.296522485929e-18	2.149248940674e-25	3.109731617452e-32	5.396508919287e-39	1.200626891162e-45	6.530005760916e-52	5.096522173036e-58	8.355494389388e-64
4.750000000000e-02	1.447732104128e-06	4.418072343811e-12	1.692125970468e-18	2.874778925277e-25	4.230084063757e-32	7.423345258870e-39	1.663229115361e-45	9.081872110179e-52	7.099911184645e-58	1.163906675016e-63
4.875000000000e-02	1.732287362965e-06	5.560878298255e-12	2.206615761311e-18	3.842451112026e-25	5.750401142673e-32	1.020563946970e-38	2.302903763157e-45	1.262521879505e-51	9.886726059437e-58	1.620694111571e-63
5.000000000000e-02	2.070470846861e-06	6.992625179201e-12	2.875160729627e-18	5.132139065720e-25	7.812145800642e-32	1.402279501493e-38	3.186978973003e-45	1.754301190840e-51	1.376171858837e-57	2.255905161575e-63
5.125000000000e-02	2.471927636449e-06	8.784628510301e-12	3.743164619584e-18	6.849748854434e-25	1.060634117896e-31	1.925673927378e-38	4.408210297958e-45	2.436526375110e-51	1.914755966678e-57	3.138900216616e-63
5.250000000000e-02	2.947948123527e-06	1.102536162564e-11	4.869194397804e-18	9.135599414140e-25	1.439076565354e-31	2.642924253547e-38	6.094317966789e-45	3.382515453619e-51	2.663022140526e-57	4.365872720750e-63
5.375000000000e-02	3.511732048921e-06	1.382447276035e-11	6.328731738822e-18	1.217546662921e-24	1.951305476932e-31	3.625271056945e-38	8.421076491869e-45	4.693644315578e-51	3.702173005337e-57	6.070179299030e-63
5.500000000000e-02	4.178691945588e-06	1.731771558836e-11	8.218974784086e-18	1.621512677740e-24	2.644171870898e-31	4.969927489265e-38	1.163027042585e-44	6.510019293303e-51	5.144690218049e-57	8.436627155901e-63
5.625000000000e-02	4.966801361415e-06	2.167299447566e-11	1.066497878704e-17	2.157949362516e-24	3.580775990468e-31	6.809471749774e-38	1.605431248119e-44	9.025184511131e-51	7.146317967464e-57	1.172122714339e-62
5.750000000000e-02	5.896993886653e-06	2.709776857079e-11	1.382750203524e-17	2.869778103572e-24	4.846047644420e-31	9.324608222714e-38	2.214997848337e-44	1.250637989980e-50	9.922612444514e-57	1.627849296254e-62
5.875000000000e-02	6.993619727286e-06	3.384811049530e-11	1.791302175471e-17	3.813656321767e-24	6.554223716391e-31	1.276149534633e-37	3.054461135235e-44	1.732243171879e-50	1.377178738859e-56	2.259915487610e-62
6.000000000000e-02	8.284967352621e-06	4.223977755270e-11	2.318650885746e-17	5.064317848047e-24	8.858861203040e-31	1.745526073469e-37	4.209936996564e-44	2.398213332786e-50	1.910623770298e-56	3.136224110139e-62
6.125000000000e-02	9.803858607708e-06	5.266172809785e-11	2.998770703755e-17	6.720266945603e-24	1.196623667682e-30	2.386189419336e-37	5.799576580448e-44	3.318703717563e-50	2.649601925171e-56	4.350697300158e-62
6.250000000000e-02	1.158832662372e-05	6.559260543273e-11	3.875185916971e-17	8.911242480435e-24	1.615326560323e-30	3.260147821195e-37	7.985400018193e-44	4.590403523936e-50	3.672879427750e-56	6.033197407850e-62
6.375000000000e-02	1.368238688670e-05	8.162081920231e-11	5.003607261547e-17	1.180799511971e-23	2.179145027422e-30	4.451675200028e-37	1.098947039676e-43	6.346509880600e-50	5.089244308524e-56	8.363211725384e-62
6.500000000000e-02	1.613691294173e-05	1.014689831649e-10	6.455282787870e-17	1.563508461192e-23	2.937886338868e-30	6.075240141238e-37	1.511598834961e-43	8.770427654331e-50	7.048886448050e-56	1.158872176288e-61
6.625000000000e-02	1.901062941984e-05	1.260236224319e-10	8.321252827616e-17	2.068761731096e-23	3.958283533741e-30	8.286234694926e-37	2.078145885130e-43	1.211457810360e-49	9.759067373995e-56	1.605221132412e-61
6.750000000000e-02	2.237123638294e-05	1.563712475641e-10	1.071774820916e-16	2.735312051564e-23	5.329688959876e-30	1.129548314089e-36	2.855585793910e-43	1.672620948237e-49	1.350568775941e-55	2.222650049263e-61
6.875000000000e-02	2.629668039067e-05	1.938421128711e-10	1.379303282097e-16	3.614010842709e-23	7.171663167468e-30	1.538885100585e-36	3.921878110205e-43	2.308279969306e-49	1.868295985353e-55	3.076409890103e-61
7.000000000000e-02	3.087658920610e-05	2.400632384698e-10	1.773606927560e-16	4.771535843421e-23	9.644083412044e-30	2.095373172832e-36	5.383598570172e-43	3.184059302878e-49	2.583421342535e-55	4.256515278575e-61
7.125000000000e-02	3.621388867586e-05	2.970225878564e-10	2.278748366787e-16	6.295251672246e-23	1.296059938963e-29	2.851480231525e-36	7.386368055856e-43	4.390111257023e-49	3.570798902056e-55	5.887095524100e-61
7.250000000000e-02	4.242662204665e-05	3.671466640000e-10	2.925342707539e-16	8.299542834320e-23	1.740653270687e-29	3.878226344723e-36	1.012905472685e-42	6.050226298469e-49	4.933511318902e-55	8.139258790499e-61
7.375000000000e-02	4.964999381334e-05	4.533942279108e-10	3.752308350474e-16	1.093405896063e-22	2.336267184346e-29	5.271688504580e-36	1.388310438024e-42	8.334305680697e-49	6.813455945922e-55	1.124878251378e-60
7.500000000000e-02	5.803866213427e-05	5.593693667080e-10	4.809076385873e-16	1.439444150931e-22	3.133688342073e-29	7.161766054963e-36	1.901883708362e-42	1.147542939323e-48	9.405878455959e-55	1.554043142861e-60
7.625000000000e-02	6.776930589297e-05	6.894577579320e-10	6.158376237166e-16	1.893626812720e-22	4.200607948198e-29	9.723985920560e-36	2.604120195637e-42	1.579320158846e-48	1.297931759827e-54	2.146137341175e-60
7.750000000000e-02	7.904349462899e-05	8.489907101720e-10	7.879744718392e-16	2.489316607228e-22	5.627189652431e-29	1.319539252324e-35	3.563836660642e-42	2.172566738473e-48	1.790296421580e-54	2.962707923893e-60
7.875000000000e-02	9.209089179745e-05	1.044442426740e-09	1.007394243318e-15	3.270032324710e-22	7.533451726229e-29	1.789592320166e-35	4.874771399992e-42	2.987292768029e-48	2.468417487817e-54	4.088434603751e-60
8.000000000000e-02	1.071728241387e-04	1.283666962097e-09	1.286850717247e-15	4.292498204121e-22	1.007904819209e-28	2.425714601016e-35	6.664543637878e-42	4.105671163981e-48	3.401988744782e-54	5.639779962320e-60
8.125000000000e-02	1.245862523362e-04	1.576182546677e-09	1.642473080123e-15	5.630595976553e-22	1.347621988510e-28	3.286087312702e-35	9.106809994019e-42	5.640170738833e-48	4.686706069483e-54	7.776857717396e-60
8.250000000000e-02	1.446681805965e-04	1.933512375622e-09	2.094641669024e-15	7.380482865306e-22	1.800693140052e-28	4.449101321372e-35	1.243775028136e-41	7.744654598267e-48	6.453913627617e-54	1.071970995789e-59
8.375000000000e-02	1.678005452889e-04	2.369592626514e-09	2.669086228151e-15	9.667214479602e-22	2.404553178976e-28	6.020316106053e-35	1.697841280536e-41	1.062951795165e-47	8.883808076736e-54	1.477062270226e-59
8.500000000000e-02	1.944156253062e-04	2.901260431984e-09	3.398261985242e-15	1.265330856687e-21	3.208869958275e-28	8.141793728884e-35	2.316498600861e-41	1.458232588698e-47	1.222350552495e-53	2.034470809666e-59
8.625000000000e-02	2.250020193374e-04	3.548836832771e-09	4.323072284606e-15	1.654980995405e-21	4.279498742609e-28	1.100461104010e-34	3.158978672941e-41	1.999593624278e-47	1.681175164320e-53	2.801179953529e-59
8.750000000000e-02	2.601112377442e-04	4.336822430745e-09	5.495023125410e-15	2.163057628743e-21	5.703700905250e-28	1.486562249129e-34	4.305672998991e-41	2.740680442966e-47	2.311270334110e-53	3.855382260243e-59
8.875000000000e-02	3.003649591810e-04	5.294726612853e-09	6.978915481414e-15	2.825070801193e-21	7.597026456352e-28	2.006990440879e-34	5.865635764295e-41	3.754713221316e-47	3.176209287536e-53	5.304332845619e-59
9.000000000000e-02	3.464630044493e-04	6.458054899035e-09	8.856206620306e-15	3.687030667030e-21	1.011238483738e-27	2.708078875617e-34	7.986726950285e-41	5.141583069587e-47	4.363028647520e-53	7.295095471503e-59
9.125000000000e-02	3.991920823029e-04	7.869483263471e-09	1.122920289631e-14	4.808507861610e-21	1.345199178689e-27	3.652002921462e-34	1.086931764708e-40	7.037504012999e-47	5.990838397868e-53	1.002924129233e-58
9.250000000000e-02	4.594353639658e-04	9.580253285045e-09	1.422628500164e-14	6.266572638104e-21	1.788309373480e-27	4.922148639167e-34	1.478479893280e-40	9.628134930269e-47	8.222572885170e-53	1.378294644366e-58
9.375000000000e-02	5.281829449441e-04	1.165182780932e-08	1.800841406970e-14	8.160861227496e-21	2.375865040018e-27	6.630284039149e-34	2.010056488473e-40	1.316641058358e-46	1.128102198908e-52	1.893446094763e-58
9.500000000000e-02	6.065432542593e-04	1.415785357593e-08	2.277722532450e-14	1.062008700768e-20	3.154452092274e-27	8.926132815233e-34	2.731371669224e-40	1.799676036994e-46	1.547069223675e-52	2.600163818997e-58
9.625000000000e-02	6.957554724290e-04	1.718648512503e-08	2.878508759997e-14	1.381040210997e-20	4.185517476663e-27	1.201014792903e-33	3.709650853021e-40	2.458798772529e-46	2.120760541918e-52	3.569319005819e-58
9.750000000000e-02	7.972030203240e-04	2.084313340648e-08	3.634759497270e-14	1.794612713423e-20	5.550056931485e-27	1.615054454779e-33	5.035759379773e-40	3.357788636635e-46	2.905989958065e-52	4.897866083536e-58
9.875000000000e-02	9.124281813568e-04	2.525371306170e-08	4.585906456171e-14	2.330350911529e-20	7.354764500657e-27	2.170599930195e-33	6.832452204705e-40	4.583375471046e-46	3.980312503519e-52	6.718391951030e-58
1.000000000000e-01	1.043147919241e-03	3.056847453837e-08	5.781174662104e-14	3.023834890343e-20	9.740094243466e-27	2.915588313003e-33	9.265480201168e-40	6.253443510821e-46	5.449552231430e-52	9.212142679707e-58
1.012500000000e-01	1.191270952717e-03	3.696652127189e-08	7.281961468888e-14	3.920856893551e-20	1.289082170540e-26	3.914050439630e-33	1.255853442648e-39	8.528148218218e-46	7.458045952823e-52	1.262678724763e-57
1.025000000000e-01	1.358916147094e-03	4.466112839147e-08	9.164780118644e-14	5.080308390044e-20	1.704987106104e-26	5.251464532279e-33	1.701334412845e-39	1.162497324761e-45	1.020257691139e-51	1.730063160732e-57
1.037500000000e-01	1.548432280113e-03	5.390599808674e-08	1.152489852596e-13	6.577870631949e-20	2.253640564179e-26	7.041874107327e-33	2.303669172728e-39	1.583911449852e-45	1.395131956596e-51	2.369561268340e-57
1.050000000000e-01	1.762419236423e-03	6.500260824351e-08	1.448083342343e-13	8.510728705629e-20	2.976948063459e-26	9.437346001165e-33	3.117670638288e-39	2.157106304637e-45	1.906958680368e-51	3.244223865627e-57
1.062500000000e-01	2.003750680754e-03	7.830883560899e-08	1.817989591751e-13	1.100358830132e-19	3.929894751460e-26	1.264053048737e-32	4.217159752687e-39	2.936391185883e-45	2.605480733639e-51	4.440077754001e-57
1.075000000000e-01	2.275598254636e-03	9.424906300727e-08	2.280502824079e-13	1.421634931460e-19	5.184580663413e-26	1.692133113631e-32	5.701505811553e-39	3.995379060434e-45	3.558402217343e-51	6.074453677240e-57
1.087500000000e-01	2.581457335069e-03	1.133260124783e-07	2.858322470220e-13	1.835388501002e-19	6.835486136170e-26	2.263901616281e-32	7.704399379955e-39	5.433801637141e-45	4.857835375934e-51	8.307316596768e-57
1.100000000000e-01	2.925174385891e-03	1.361345831968e-07	3.579589452111e-13	2.367849492632e-19	9.006337812193e-26	3.027153029221e-32	1.040561376966e-38	7.386714015500e-45	6.629047594282e-51	1.135667474635e-56
1.112500000000e-01	3.310975923616e-03	1.633780152432e-07	4.479160277872e-13	3.052575037883e-19	1.185905581479e-25	4.045432916611e-32	1.404676491840e-38	1.003692095237e-44	9.042324074043e-51	1.551952775815e-56
1.125000000000e-01	3.743499109020e-03	1.958867484176e-07	5.600172100797e-13	3.932464132936e-19	1.560540514850e-25	5.403179966188e-32	1.895241792960e-38	1.363174445784e-44	1.232904920124e-50	2.120033407550e-56
1.137500000000e-01	4.227823963866e-03	2.346404000555e-07	6.995963442579e-13	5.062317257177e-19	2.052215853854e-25	7.212530513170e-32	2.555833940432e-38	1.850563884663e-44	1.680349768128e-50	2.894968186779e-56
1.150000000000e-01	4.769507198614e-03	2.807933480421e-07	8.732429262897e-13	6.512085815976e-19	2.697081580383e-25	9.622317774356e-32	3.444929507872e-38	2.511067818081e-44	2.289235025265e-50	3.951680054168e-56
1.162500000000e-01	5.374617621774e-03	3.357044758527e-07	1.089090596894e-12	8.370994144321e-19	3.542323191879e-25	1.282996667558e-31	4.640959131757e-38	3.405763727281e-44	3.117465532467e-50	5.392083918328e-56
1.175000000000e-01	6.049773084719e-03	4.009717164727e-07	1.357170239299e-12	1.075276435351e-18	4.649490200452e-25	1.709720672099e-31	6.249062187521e-38	4.617132130502e-44	4.243591061225e-50	7.354758192574e-56
1.187500000000e-01	6.802178897119e-03	4.784721225840e-07	1.689841743346e-12	1.380223398882e-18	6.098816205877e-25	2.277081623467e-31	8.410109437296e-38	6.256505118955e-44	5.774122299706e-50	1.002806275696e-55
1.200000000000e-01	7.639667627779e-03	5.704082926752e-07	2.102321480148e-12	1.770373133138e-18	7.994822192192e-25	3.030999295968e-31	1.131274885259e-37	8.474088964423e-44	7.853423498400e-50	1.366792465326e-55
1.212500000000e-01	8.570740183483e-03	6.793620980726e-07	2.613326115227e-12	2.269166700695e-18	1.047357935899e-24	4.032244645118e-31	1.520947916764e-37	1.147244403234e-43	1.067708361335e-49	1.862194318236e-55
1.225000000000e-01	9.604608034509e-03	8.083567857658e-07	3.245857701019e-12	2.906391806632e-18	1.371211670423e-24	5.361196353082e-31	2.043808669490e-37	1.552460610871e-43	1.450998143747e-49	2.536204722192e-55
1.237500000000e-01	1.075123642976e-02	9.609286779235e-07	4.028160175301e-12	3.719872773019e-18	1.794059857131e-24	7.124105700327e-31	2.745022001691e-37	2.099843586501e-43	1.971068225029e-49	3.452872204429e-55
1.250000000000e-01	1.202138841712e-02	1.141209852890e-06	4.994883620518e-12	4.757602781538e-18	2.345807721105e-24	9.461343209120e-31	3.684945936057e-37	2.838932168949e-43	2.676437115414e-49	4.699088140804e-55
1.262500000000e-01	1.342666945567e-02	1.354023376123e-06	6.188500112503e-12	6.080432050136e-18	3.065285626680e-24	1.255824756932e-30	4.944200898894e-37	3.836408102722e-43	3.632729140396e-49	6.392688839230e-55
1.275000000000e-01	1.497957237592e-02	1.604992855003e-06	7.661023945484e-12	7.765454274379e-18	4.002879723883e-24	1.665938961732e-30	6.630416284523e-37	5.181986734811e-43	4.928668156910e-49	8.693415337151e-55
1.287500000000e-01	1.669352241241e-02	1.900668320961e-06	9.476099747719e-12	9.910269415416e-18	5.223928062336e-24	2.208731533301e-30	8.887204647588e-37	6.996317468166e-43	6.684158291913e-49	1.181773318557e-54
1.300000000000e-01	1.858292200010e-02	2.248670698247e-06	1.171153483492e-11	1.263834546986e-17	6.813101975376e-24	2.926715981330e-30	1.190609281341e-36	9.441574684624e-43	9.061173804111e-49	1.605886400751e-54
1.312500000000e-01	2.066319499214e-02	2.657857403490e-06	1.446236748452e-11	1.610575733438e-17	8.880054794932e-24	3.875895219691e-30	1.594237588759e-36	1.273564871275e-42	1.227842840743e-48	2.181385131337e-54
1.325000000000e-01	2.295082992162e-02	3.138511936676e-06	1.784458112208e-11	2.050964990128e-17	1.156669960177e-23	5.129998971758e-30	2.133617297658e-36	1.717115164858e-42	1.663112741333e-48	2.962011669641e-54
1.337500000000e-01	2.546342189543e-02	3.702560675197e-06	2.199959624617e-11	2.609885832901e-17	1.505657953062e-23	6.786038660940e-30	2.854037667277e-36	2.314085972928e-42	2.251755261142e-48	4.020481519686e-54
1.350000000000e-01	2.821971267267e-02	4.363820471242e-06	2.709969793159e-11	3.318722501624e-17	1.958692421705e-23	8.971585128050e-30	3.815773394872e-36	3.117175611138e-42	3.047482837060e-48	5.455144557509e-54
1.362500000000e-01	3.123962844541e-02	5.138281082287e-06	3.335458771186e-11	4.217028509418e-17	2.546415201691e-23	1.185429788757e-29	5.099001604804e-36	4.197055993387e-42	4.122701939876e-48	7.398971344193e-54
1.375000000000e-01	3.454431480544e-02	6.044426938156e-06	4.101928545267e-11	5.354615630097e-17	3.308378945381e-23	1.565439514116e-29	6.810318446411e-36	5.648458867519e-42	5.574978460143e-48	1.003167180644e-53
1.387500000000e-01	3.815616834713e-02	7.103603269686e-06	5.040365054889e-11	6.794167237469e-17	4.295604938987e-23	2.066096246074e-29	9.091371169004e-36	7.598307960735e-42	7.535724919560e-48	1.359603187098e-53
1.400000000000e-01	4.209886432542e-02	8.340432197067e-06	6.188384365273e-11	8.614505076986e-17	5.573865342929e-23	2.725326923818e-29	1.213028643325e-35	1.021657967923e-41	1.018186810117e-47	1.841992768408e-53
1.412500000000e-01	4.639737975794e-02	9.783285004347e-06	7.591611162557e-11	1.091466968317e-16	7.227892201393e-23	3.592861417245e-29	1.617679273746e-35	1.373080106330e-41	1.375151299752e-47	2.494597921196e-53
1.425000000000e-01	5.107801133343e-02	1.146481751430e-05	9.305335120684e-11	1.381901313813e-16	9.366771281442e-23	4.733867813805e-29	2.156222057490e-35	1.844539404021e-41	1.856496297569e-47	3.377147892541e-53
1.437500000000e-01	5.616838746504e-02	1.342257622889e-05	1.139649930018e-10	1.748355039271e-16	1.213084963092e-22	6.233695563799e-29	2.872593977894e-35	2.476747386237e-41	2.505291576371e-47	4.570213530583e-53
1.450000000000e-01	6.169747380644e-02	1.569968371898e-05	1.394608491327e-10	2.210387402000e-16	1.570057572503e-22	8.204060456146e-29	3.825028760544e-35	3.324123902183e-41	3.379426892947e-47	6.182438318452e-53
1.462500000000e-01	6.769557153331e-02	1.834561263681e-05	1.705196879875e-10	2.792500958402e-16	2.030780530293e-22	1.079110495841e-28	5.090669030261e-35	4.459379229469e-41	4.556678842855e-47	8.360263790710e-53
1.475000000000e-01	7.419430768152e-02	2.141705869041e-05	2.083234410955e-10	3.525367789437e-16	2.625025091240e-22	1.418589635928e-28	6.771653346613e-35	5.979616395295e-41	6.141498807109e-47	1.130100476549e-52
1.487500000000e-01	8.122661682802e-02	2.497892396378e-05	2.542981139374e-10	4.447354008240e-16	3.390993689766e-22	1.863809194554e-28	9.003145546218e-35	8.014454267324e-41	8.274102758459e-47	1.527042145779e-52
1.500000000000e-01	8.882671340112e-02	2.910542309538e-05	3.101626687259e-10	5.606413631518e-16	4.377675430753e-22	2.447371613427e-28	1.196392061059e-34	1.073683551331e-40	1.114263836083e-46	2.062632599873e-52
1.512500000000e-01	9.703005391417e-02	3.388132604266e-05	3.779873778313e-10	7.062439472296e-16	5.647850484606e-22	3.211827322954e-28	1.589031373734e-34	1.437740009169e-40	1.499946426839e-46	2.785028345904e-52
1.525000000000e-01	1.058732884313e-01	3.940335246600e-05	4.602634173183e-10	8.890179065305e-16	7.281919573808e-22	4.212677949806e-28	2.109459149311e-34	1.924359156517e-40	2.018292223678e-46	3.759016659170e-52
1.537500000000e-01	1.153942005965e-01	4.578173416469e-05	5.599857876539e-10	1.118284860807e-15	9.382781861272e-22	5.522276297604e-28	2.798913423623e-34	2.574504271336e-40	2.714644305945e-46	5.071725844744e-52
1.550000000000e-01	1.256316355874e-01	5.314196349224e-05	6.807520207388e-10	1.405660851299e-15	1.208204408210e-21	7.234887891004e-28	3.711825137412e-34	3.442728830557e-40	3.649744022475e-46	6.840284683695e-52
1.562500000000e-01	1.366254153962e-01	6.162674727110e-05	8.268795678823e-10	1.765610166123e-15	1.554791891437e-21	9.473256161247e-28	4.920001670211e-34	4.601651554580e-40	4.904926070468e-46	9.222092471543e-52
1.575000000000e-01	1.484162408865e-01	7.139818741863e-05	1.003545272426e-09	2.216130133727e-15	1.999526539489e-21	1.239711293189e-27	6.518125075648e-34	6.147893806911e-40	6.589054696325e-46	1.242858414101e-51
1.587500000000e-01	1.610455801353e-01	8.264021128713e-05	1.216950925243e-09	2.779597193587e-15	2.569834370941e-21	1.621420408924e-27	8.630974381175e-34	8.209953518282e-40	8.847780632643e-46	1.674367283101e-51
1.600000000000e-01	1.745555426357e-01	9.556127661125e-05	1.474519594842e-09	3.483811409117e-15	3.300700725990e-21	2.119456533236e-27	1.142290758519e-33	1.095864234254e-39	1.187589002106e-45	2.254844983493e-51
1.612500000000e-01	1.889887390140e-01	1.103973779436e-04	1.785128231945e-09	4.363284957175e-15	4.236724446678e-21	2.768899511539e-27	1.511030382969e-33	1.462091396628e-39	1.593377112669e-45	3.035425229870e-51
1.625000000000e-01	2.043881260032e-01	1.274153835410e-04	2.159382989038e-09	5.460830337084e-15	5.434722122626e-21	3.615294466050e-27	1.997788131637e-33	1.949817679220e-39	2.136936264013e-45	4.084691646996e-51
1.637500000000e-01	2.207968365108e-01	1.469167338380e-04	2.609944789076e-09	6.829516483657e-15	6.967027471953e-21	4.717739529311e-27	2.640008703146e-33	2.599053383856e-39	2.864739594043e-45	5.494597741548e-51
1.650000000000e-01	2.382579947273e-01	1.692415348978e-04	3.151913947732e-09	8.535076118761e-15	8.925668586228e-21	6.152874313970e-27	3.486911994468e-33	3.462885322725e-39	3.838833878518e-45	7.388383295491e-51
1.662500000000e-01	2.568145163381e-01	1.947730825685e-04	3.803284127229e-09	1.065886610898e-14	1.142765304399e-20	8.020028828902e-27	4.603162561204e-33	4.611717896045e-39	5.142023701524e-45	9.931156380541e-51
1.675000000000e-01	2.765088940258e-01	2.239428554697e-04	4.585477607415e-09	1.330150500515e-14	1.462165020343e-20	1.044786654099e-26	6.073672020768e-33	6.138878958744e-39	6.884769682583e-45	1.334403313573e-50
1.687500000000e-01	2.973829685846e-01	2.572360173933e-04	5.523975836513e-09	1.658733915755e-14	1.869643433032e-20	1.360295009135e-26	8.009880893628e-33	8.168026186422e-39	9.214363596175e-45	1.792302420447e-50
1.700000000000e-01	3.194776861102e-01	2.951974721977e-04	6.649061509467e-09	2.066992183274e-14	2.389154535027e-20	1.770077958862e-26	1.055797132633e-32	1.086292762841e-38	1.232712674683e-44	2.406425157773e-50
1.712500000000e-01	3.428328418748e-01	3.384385167971e-04	7.996691061499e-09	2.573872981261e-14	3.051074060016e-20	2.302000879161e-26	1.390959856223e-32	1.444037144736e-38	1.648462091058e-44	3.229760475767e-50
1.725000000000e-01	3.674868116521e-01	3.876441403761e-04	9.609519509670e-09	3.202739048505e-14	3.893895679588e-20	2.992074324346e-26	1.831590626524e-32	1.918719798602e-38	2.203518262083e-44	4.333164338024e-50
1.737500000000e-01	3.934762714157e-01	4.435810204658e-04	1.153810308420e-08	3.982375118195e-14	4.966368374324e-20	3.886807847605e-26	2.410582094667e-32	2.548275993551e-38	2.944251675821e-44	5.811348137975e-50
1.750000000000e-01	4.208359064939e-01	5.071062689875e-04	1.384230913015e-08	4.948219357474e-14	6.330187905659e-20	5.046236095606e-26	3.170991942719e-32	3.382852660950e-38	3.932364751784e-44	7.790862054352e-50
1.762500000000e-01	4.495981114300e-01	5.791769837608e-04	1.659296740340e-08	6.143868180626e-14	8.063383743058e-20	6.547806880233e-26	4.169155068573e-32	4.488708636590e-38	5.249926765379e-44	1.044073383810e-49
1.775000000000e-01	4.797926819586e-01	6.608606632666e-04	1.987380221687e-08	7.622913672131e-14	1.026457826249e-19	8.491373799352e-26	5.478739569964e-32	5.953350653973e-38	7.006050811297e-44	1.398664083761e-49
1.787500000000e-01	5.114465006714e-01	7.533465446012e-04	2.378369100884e-08	9.451185364493e-14	1.305833923564e-19	1.100560339399e-25	7.196029964949e-32	7.892293442776e-38	9.345744571314e-44	1.872978143149e-49
1.800000000000e-01	5.445832181055e-01	8.579579265278e-04	2.843930191217e-08	1.170948319388e-13	1.660190169063e-19	1.425619274094e-25	9.446805361228e-32	1.045795332230e-37	1.246163763492e-43	2.507199452766e-49
1.812500000000e-01	5.792229311421e-01	9.761655412769e-04	3.397817092077e-08	1.449690661628e-13	2.109360376348e-19	1.845640279555e-25	1.239528936438e-31	1.385134311949e-37	1.660951368367e-43	3.354918293109e-49
1.825000000000e-01	6.153818607466e-01	1.109602040218e-03	4.056228841429e-08	1.793490671934e-13	2.678346641159e-19	2.388055206357e-25	1.625578961905e-31	1.833744354423e-37	2.212887328621e-43	4.487576854296e-49
1.837500000000e-01	6.530720312253e-01	1.260077659672e-03	4.838227526337e-08	2.217221443867e-13	3.398645282912e-19	3.088129232852e-25	2.130782731216e-31	2.426539726069e-37	2.947014509308e-43	6.000379787831e-49
1.850000000000e-01	6.923009532959e-01	1.429597133918e-03	5.766224066716e-08	2.739082954936e-13	4.309907502726e-19	3.991171335765e-25	2.791579271231e-31	3.209502626877e-37	3.923067973797e-43	8.020149575603e-49
1.862500000000e-01	7.330713133862e-01	1.620377922741e-03	6.866542745969e-08	3.381329298610e-13	5.462017841651e-19	5.155360961425e-25	3.655446728850e-31	4.243163620878e-37	5.220234097196e-43	1.071576263025e-48
1.875000000000e-01	7.753806716728e-01	1.834869820758e-03	8.170076607503e-08	4.171151047472e-13	6.917693786730e-19	6.655360526514e-25	4.784214596600e-31	5.607167582801e-37	6.943440397769e-43	1.431200864897e-48
1.887500000000e-01	8.192211714567e-01	2.075776014953e-03	9.713047591724e-08	5.141744989100e-13	8.755734988754e-19	8.586929471608e-25	6.258360011481e-31	7.406260904553e-37	9.231664900320e-43	1.910798904452e-48
1.900000000000e-01	8.645792625324e-01	2.346075655526e-03	1.153788728013e-07	6.333609992733e-13	1.107508166382e-18	1.107281404414e-24	8.182577565399e-31	9.778138666686e-37	1.226890880529e-42	2.550153165983e-48
1.912500000000e-01	9.114354412542e-01	2.649048003042e-03	1.369425637081e-07	7.796115559256e-13	1.399988025321e-18	1.427026106794e-24	1.069299632117e-30	1.290372474302e-36	1.629867995730e-42	3.402157663775e-48
1.925000000000e-01	9.597640100213e-01	2.988298212009e-03	1.624022356478e-07	9.589398922013e-13	1.768580203596e-18	1.838059778442e-24	1.396652625228e-30	1.702063280260e-36	2.164310231480e-42	4.537111943432e-48
1.937500000000e-01	1.009532858902e+00	3.367784807248e-03	1.924362743151e-07	1.178665768856e-12	2.232791924323e-18	2.366143861650e-24	1.823295603181e-30	2.244078415049e-36	2.872811826432e-42	6.048413050442e-48
1.950000000000e-01	1.060703272091e+00	3.791848904778e-03	2.278364808303e-07	1.447691828264e-12	2.817051591094e-18	3.044222994661e-24	2.379060384960e-30	2.957345520484e-36	3.811671231597e-42	8.060097164778e-48
1.962500000000e-01	1.113229761833e+00	4.265245223173e-03	2.695261916364e-07	1.776837626228e-12	3.551930041532e-18	3.914403393784e-24	3.102655408974e-30	3.895541376677e-36	5.055269063984e-42	1.073682812878e-47
1.975000000000e-01	1.167059932377e+00	4.793174924609e-03	3.185811480336e-07	2.179242342601e-12	4.475659726992e-18	5.030469240490e-24	4.044280979079e-30	5.129030584542e-36	6.701834577086e-42	1.429712167976e-47
1.987500000000e-01	1.222134376410e+00	5.381320316760e-03	3.762535084085e-07	2.670849903253e-12	5.636023210699e-18	6.461081475431e-24	5.269007244023e-30	6.750010831432e-36	8.881037808865e-42	1.903084683666e-47
2.000000000000e-01	1.278386606277e+00	6.035881437515e-03	4.439994485263e-07	3.270992910425e-12	7.092699167448e-18	8.293841638398e-24	6.861135061283e-30	8.879231199821e-36	1.176398117897e-41	2.532237890734e-47
2.012500000000e-01	1.335743022148e+00	6.763614533869e-03	5.235108539355e-07	4.003094943532e-12	8.920174731151e-18	1.064045161458e-23	8.929822766126e-30	1.167476030601e-35	1.557634328503e-41	3.368121738318e-47
2.025000000000e-01	1.394122919084e+00	7.571872434395e-03	6.167516742649e-07	4.895514548423e-12	1.121135844676e-17	1.364326092284e-23	1.161634249542e-29	1.534342430161e-35	2.061566203075e-41	4.478245994465e-47
2.037500000000e-01	1.453438534746e+00	8.468646801229e-03	7.259995827298e-07	5.982558686748e-12	1.408205930849e-17	1.748356973187e-23	1.510343306381e-29	2.015572066766e-35	2.727405102538e-41	5.952028475099e-47
2.050000000000e-01	1.513595139242e+00	9.462612232578e-03	8.538936663150e-07	7.305698692951e-12	1.767653571020e-17	2.239215215028e-23	1.962734878718e-29	2.646525486272e-35	3.606804462894e-41	7.907859467507e-47
2.062500000000e-01	1.574491168350e+00	1.056317217019e-02	1.003488963752e-06	8.915028031170e-12	2.217436518464e-17	2.866258555837e-23	2.549337316838e-29	3.473405951299e-35	4.767779204104e-41	1.050242946914e-46
2.075000000000e-01	1.636018401044e+00	1.178050654813e-02	1.178318770514e-06	1.087100852901e-11	2.779894350268e-17	3.666812415263e-23	3.309578329379e-29	4.556556095743e-35	6.299850719301e-41	1.394304062996e-46
2.087500000000e-01	1.698062181953e+00	1.312562109939e-02	1.382465743654e-06	1.324656049034e-11	3.482799239664e-17	4.688304636149e-23	4.294352824777e-29	5.974748269841e-35	8.320797809672e-41	1.850385005701e-46
2.100000000000e-01	1.760501689059e+00	1.461039821546e-02	1.620642965490e-06	1.612956238906e-11	4.360654173109e-17	5.990964623675e-23	5.569323952846e-29	7.830765464711e-35	1.098551107969e-40	2.454729244142e-46
2.112500000000e-01	1.823210246564e+00	1.624764923098e-02	1.898286265155e-06	1.962583799315e-11	5.456295785342e-17	7.651234065992e-23	7.219164458818e-29	1.025865761173e-34	1.449760125812e-40	3.255232261040e-46
2.125000000000e-01	1.886055682539e+00	1.805116798078e-02	2.221659252080e-06	2.386272308263e-11	6.822871934723e-17	9.766074261460e-23	9.353003324403e-29	1.343317174823e-34	1.912461151680e-40	4.315163481077e-46
2.137500000000e-01	1.948900730552e+00	2.003578545038e-02	2.597972687015e-06	2.899332077679e-11	8.526279961990e-17	1.245840250559e-22	1.211141651580e-28	1.758200152211e-34	2.521794424087e-40	5.718069305186e-46
2.150000000000e-01	2.011603474137e+00	2.221742531338e-02	3.035520005588e-06	3.520157430803e-11	1.064817089111e-16	1.588394939757e-22	1.567539485073e-28	2.300169142604e-34	3.323895221840e-40	7.574229573929e-46
2.162500000000e-01	2.074017832565e+00	2.461316011952e-02	3.543831018327e-06	4.270830937364e-11	1.328964839587e-16	2.023990329091e-22	2.027784207667e-28	3.007827643301e-34	4.379308672132e-40	1.002915636105e-45
2.175000000000e-01	2.135994085996e+00	2.724126786696e-02	4.133846041007e-06	5.177842554706e-11	1.657582008449e-16	2.577580114428e-22	2.621830925188e-28	3.931405433269e-34	5.767457143569e-40	1.327477682817e-45
2.187500000000e-01	2.197379437738e+00	3.012128866020e-02	4.818112962041e-06	6.272944831306e-11	2.066139365240e-16	3.280724133952e-22	3.388186635928e-28	5.136229660093e-34	7.592482190893e-40	1.756414214836e-45
2.200000000000e-01	2.258018610951e+00	3.327408112231e-02	5.611010031095e-06	7.594169089224e-11	2.573755305823e-16	4.173313936039e-22	4.376326006556e-28	6.707223049218e-34	9.990880734493e-40	2.323076685685e-45
2.212500000000e-01	2.317754476802e+00	3.672187819620e-02	6.528997457146e-06	9.187031904788e-11	3.204040170500e-16	5.305742869208e-22	5.649782198979e-28	8.754730417122e-34	1.314148229545e-39	3.071404651708e-45
2.225000000000e-01	2.376428710729e+00	4.048834193524e-02	7.590901236823e-06	1.110596635742e-10	3.986132260781e-16	6.741633575528e-22	7.290099290347e-28	1.142206216800e-33	1.727847945256e-39	4.059265124217e-45
2.237500000000e-01	2.433882473146e+00	4.459861684852e-02	8.818232997117e-06	1.341601853638e-10	4.955968205402e-16	8.561264010625e-22	9.401883790313e-28	1.489525613057e-33	2.270843863104e-39	5.362838093808e-45
2.250000000000e-01	2.489957110674e+00	4.907938133108e-02	1.023555003254e-05	1.619485682483e-10	6.157839614755e-16	1.086586831273e-21	1.211925748102e-27	1.941570412312e-33	2.983249762909e-39	7.082373760308e-45
2.262500000000e-01	2.544494873650e+00	5.395889667418e-02	1.187086014782e-05	1.953514968130e-10	7.646299229047e-16	1.378303268674e-21	1.561409595617e-27	2.529647622157e-33	3.917531904947e-39	9.349747600444e-45
2.275000000000e-01	2.597339645509e+00	5.926705311633e-02	1.375607638541e-05	2.354737719747e-10	9.488493420431e-16	1.747346104583e-21	2.010654145332e-27	3.294341563663e-33	5.142283976474e-39	1.233837087465e-44
2.287500000000e-01	2.648337679372e+00	6.503541236204e-02	1.592752722482e-05	2.836315284184e-10	1.176701444729e-15	2.213945304800e-21	2.587841071302e-27	4.288238548535e-33	6.747146771676e-39	1.627618592013e-44
2.300000000000e-01	2.697338337058e+00	7.129724596254e-02	1.842652839024e-05	3.413914474853e-10	1.458338587381e-15	2.803552157543e-21	3.329028604968e-27	5.579444490312e-33	8.849217013011e-39	2.146269985070e-44
2.312500000000e-01	2.744194825587e+00	7.808756892195e-02	2.130002299666e-05	4.106170096186e-10	1.806231877340e-15	3.548168158204e-21	4.280328990214e-27	7.256124062711e-33	1.160139251244e-38	2.829130303531e-44
2.325000000000e-01	2.788764926177e+00	8.544316786324e-02	2.460129740451e-05	4.935230052580e-10	2.235690558587e-15	4.488007246225e-21	5.500681159691e-27	9.432355303482e-33	1.520323408970e-38	3.727850071603e-44
2.337500000000e-01	2.830911710705e+00	9.340262306219e-02	2.839078084148e-05	5.927397258463e-10	2.765495382166e-15	5.673573769522e-21	7.065379470660e-27	1.225567730962e-32	1.991509724428e-38	4.910218435822e-44
2.350000000000e-01	2.870504240581e+00	1.020063236337e-01	3.273693758963e-05	7.113884916362e-10	3.418670443122e-15	7.168258592976e-21	9.070562286193e-27	1.591681604837e-32	2.607651005019e-38	6.465171892051e-44
2.362500000000e-01	2.907418243088e+00	1.112964751352e-01	3.771726132775e-05	8.531704451368e-10	4.223423105407e-15	9.051580605849e-21	1.163891846357e-26	2.066221091945e-32	3.413006299128e-38	8.509346884228e-44
2.375000000000e-01	2.941536760283e+00	1.213170988355e-01	4.341938206574e-05	1.022470853879e-09	5.214287829058e-15	1.142323164773e-20	1.492693836693e-26	2.681014097405e-32	4.465245067668e-38	1.119564884912e-43
2.387500000000e-01	2.972750765739e+00	1.321140218867e-01	4.994229701076e-05	1.224481530061e-09	6.433517170293e-15	1.440812095391e-20	1.913412256498e-26	3.477147537617e-32	5.839478932416e-38	1.472445391431e-43
2.400000000000e-01	3.000959744579e+00	1.437348576284e-01	5.739773766572e-05	1.465344394804e-09	7.932772196054e-15	1.816266232941e-20	2.451467056704e-26	4.507636149182e-32	7.633495947498e-38	1.935824643178e-43
2.412500000000e-01	3.026072232490e+00	1.562289752557e-01	6.591168648012e-05	1.752319699422e-09	9.775175339708e-15	2.288260549974e-20	3.139230964415e-26	5.840853338670e-32	9.974553170313e-38	2.544073883039e-43
2.425000000000e-01	3.048006309662e+00	1.696474580830e-01	7.562605745282e-05	2.093982974703e-09	1.203780168134e-14	2.881278503999e-20	4.017909732014e-26	7.564939576474e-32	1.302818770227e-37	3.342183674073e-43
2.437500000000e-01	3.066690045936e+00	1.840430496524e-01	8.670055622554e-05	2.500455422295e-09	1.481470019000e-14	3.625924912685e-20	5.139924971252e-26	9.793464183663e-32	1.700964113902e-37	4.389022382874e-43
2.450000000000e-01	3.082061893760e+00	1.994700869495e-01	9.931473640528e-05	2.983673202063e-09	1.822055512323e-14	4.560433998519e-20	6.571932310191e-26	1.267269343463e-31	2.219866627675e-37	5.761587558557e-43
2.462500000000e-01	3.094071025969e+00	2.159844200178e-01	1.136702701127e-04	3.557701919261e-09	2.239512014358e-14	5.732543308972e-20	8.398642237911e-26	1.639091629004e-31	2.895870923433e-37	7.560550615099e-43
2.475000000000e-01	3.102677615771e+00	2.336433172967e-01	1.299934520705e-04	4.239103591294e-09	2.750858449998e-14	7.201820878821e-20	1.072765454772e-25	2.119040461903e-31	3.776174935403e-37	9.917485462091e-43
2.487500000000e-01	3.107853056800e+00	2.525053560496e-01	1.485379579179e-04	5.047364492936e-09	3.376806268306e-14	9.042553520826e-20	1.369557202135e-25	2.738274488295e-31	4.922045194677e-37	1.300428887387e-42
2.500000000000e-01	3.109580121527e+00	2.726302972994e-01	1.695878788663e-04	6.005393561228e-09	4.142543730900e-14	1.134732938723e-19	1.747572774989e-25	3.536848235355e-31	6.412976904983e-37	1.704545240334e-42
2.512500000000e-01	3.107853056800e+00	2.940789447478e-01	1.934610562836e-04	7.140102508975e-09	5.078683081273e-14	1.423147901160e-19	2.228794680706e-25	4.566227898576e-31	8.352074154617e-37	2.233404283759e-42
2.525000000000e-01	3.102677615771e+00	3.169129872246e-01	2.205127413205e-04	8.483080474107e-09	6.222403625592e-14	1.783857723094e-19	2.841087130523e-25	5.892511723276e-31	1.087300516197e-36	2.925250388147e-42
2.537500000000e-01	3.094071025969e+00	3.411948242896e-01	2.511396062510e-04	1.007137794941e-08	7.618830285910e-14	2.234725530554e-19	3.619751370461e-25	7.600550362486e-31	1.414898980801e-36	3.829972316690e-42
2.550000000000e-01	3.082061893760e+00	3.669873746957e-01	2.857841357935e-04	1.194841692506e-08	9.322694973449e-14	2.797963015693e-19	4.609487351226e-25	9.799216223197e-31	1.840440833064e-36	5.012623807610e-42
2.562500000000e-01	3.066690045936e+00	3.943538675202e-01	3.249394283004e-04	1.416504667088e-08	1.140033740759e-13	3.501172832066e-19	5.866866580787e-25	1.262813901048e-30	2.392978923805e-36	6.558000998384e-42
2.575000000000e-01	3.048006309662e+00	4.233576158742e-01	3.691544383364e-04	1.678076742593e-08	1.393211305255e-13	4.378636887369e-19	7.463447709662e-25	1.626631135916e-30	3.110115186306e-36	8.576591648664e-42
2.587500000000e-01	3.026072232490e+00	4.540617732125e-01	4.190396938071e-04	1.986514749557e-08	1.701528898572e-13	5.472907579425e-19	9.489699818408e-25	2.094307856110e-30	4.040495813137e-36	1.121230429007e-41
2.600000000000e-01	3.000959744579e+00	4.865290723927e-01	4.752735224315e-04	2.349946292947e-08	2.076752413466e-13	6.836772026654e-19	1.205994017388e-24	2.695216622214e-30	5.247028645756e-36	1.465250595819e-41
2.612500000000e-01	2.972750765739e+00	5.208215477563e-01	5.386088239623e-04	2.777859312565e-08	2.533104887890e-13	8.535675261102e-19	1.531854546668e-24	3.466957714463e-30	6.811030047981e-36	1.914105301559e-41
2.625000000000e-01	2.941536760283e+00	5.570002406472e-01	6.098804261325e-04	3.281321043666e-08	3.087768104180e-13	1.065070781992e-18	1.944776081322e-24	4.457641384982e-30	8.837567506505e-36	2.499520102915e-41
2.637500000000e-01	2.907418243088e+00	5.951248889230e-01	6.900130638249e-04	3.873230721490e-08	3.761484142743e-13	1.328228696675e-18	2.467751230416e-24	5.728796858729e-30	1.146233980430e-35	3.262753996105e-41
2.650000000000e-01	2.870504240581e+00	6.352536011672e-01	7.800300224064e-04	4.568610980232e-08	4.579276302531e-13	1.655468984187e-18	3.129773058488e-24	7.359078441085e-30	1.486053349383e-35	4.257443712400e-41
2.662500000000e-01	2.830911710705e+00	6.774425164625e-01	8.810624875199e-04	5.384943583067e-08	5.571312468216e-13	2.062163232394e-18	3.967381980308e-24	9.448984910275e-30	1.925821849100e-35	5.553290439675e-41
2.675000000000e-01	2.788764926177e+00	7.217454507481e-01	9.943596448566e-04	6.342555894851e-08	6.773938344131e-13	2.567313067645e-18	5.026606438225e-24	1.212686638462e-29	2.494700449263e-35	7.240836635693e-41
2.687500000000e-01	2.744194825587e+00	7.682135309406e-01	1.121299574518e-03	7.465065383563e-08	8.230913107321e-13	3.194393583160e-18	6.365396308166e-24	1.555656626607e-29	3.230288325291e-35	9.437652862469e-41
2.700000000000e-01	2.697338337058e+00	8.168948181658e-01	1.263400985498e-03	8.779890422157e-08	9.994886096180e-13	3.972389447262e-18	8.056672510413e-24	1.994713871501e-29	4.181044186092e-35	1.229634775816e-40
2.712500000000e-01	2.648337679372e+00	8.678339216098e-01	1.422335836516e-03	1.031883677217e-07	1.212916031103e-12	4.937066938128e-18	1.019214682882e-23	2.556519949918e-29	5.409396474911e-35	1.601493438454e-40
2.725000000000e-01	2.597339645509e+00	9.210716046610e-01	1.599942889943e-03	1.211877037857e-07	1.470979694988e-12	6.132534680553e-18	1.288710391231e-23	3.275061639096e-29	6.995736724248e-35	2.085024096828e-40
2.737500000000e-01	2.544494873650e+00	9.766443851727e-01	1.798242245737e-03	1.422238850742e-07	1.782812516061e-12	7.613157448263e-18	1.628638463363e-23	4.193643262854e-29	9.043544651707e-35	2.713525341456e-40
2.750000000000e-01	2.489957110674e+00	1.034584131836e+00	2.019450902267e-03	1.667910283164e-07	2.159373292038e-12	9.445901478570e-18	2.057186862478e-23	5.367415345096e-29	1.168596293134e-34	3.530153365108e-40
2.762500000000e-01	2.433882473146e+00	1.094917658793e+00	2.265999390438e-03	1.954604983397e-07	2.613802876002e-12	1.171320685095e-17	2.597182662905e-23	6.866582411460e-29	1.509422809244e-34	4.590818820910e-40
2.775000000000e-01	2.376428710729e+00	1.157666320776e+00	2.540549526759e-03	2.288924587173e-07	3.161848028917e-12	1.451650324252e-17	3.277260368443e-23	8.780470412048e-29	1.948847693451e-34	5.967928644244e-40
2.787500000000e-01	2.317754476802e+00	1.222845611177e+00	2.846013329753e-03	2.678490645691e-07	3.822365456196e-12	1.798051055665e-17	4.133320625076e-23	1.122268167431e-28	2.515159187666e-34	7.755217432593e-40
2.800000000000e-01	2.258018610951e+00	1.290464765580e+00	3.185573142449e-03	3.132095177387e-07	4.617920773310e-12	2.225849644904e-17	5.210350535796e-23	1.433762506032e-28	3.244693226258e-34	1.007398323465e-39
2.812500000000e-01	2.197379437738e+00	1.360526373403e+00	3.562703001481e-03	3.659872321111e-07	5.575499775013e-12	2.753869975781e-17	6.564694002990e-23	1.830878426447e-28	4.184103258862e-34	1.308113287935e-39
2.825000000000e-01	2.135994085996e+00	1.433026000374e+00	3.981191290621e-03	4.273493875428e-07	6.727352465971e-12	3.405217361813e-17	8.266881844596e-23	2.336918191752e-28	5.393264658639e-34	1.697955793693e-39
2.837500000000e-01	2.074017832565e+00	1.507951824671e+00	4.445164713219e-03	4.986391850608e-07	8.111993922652e-12	4.208235621247e-17	1.040515781726e-22	2.981461633901e-28	6.948989542545e-34	2.203151129567e-39
2.850000000000e-01	2.011603474137e+00	1.585284289577e+00	4.959113614065e-03	5.814011540064e-07	9.775390284918e-12	5.197674260614e-17	1.308986931867e-22	3.802039763730e-28	8.949776101459e-34	2.857584543432e-39
2.862500000000e-01	1.948900730552e+00	1.664995775596e+00	5.527918676568e-03	6.774099040286e-07	1.177236312199e-11	6.416111026176e-17	1.645893189109e-22	4.846249820083e-28	1.152187793787e-33	3.705021863966e-39
2.875000000000e-01	1.886055682539e+00	1.747050294939e+00	6.156879015723e-03	7.887027616846e-07	1.416825119871e-11	7.915684639636e-17	2.068462650270e-22	6.174426922536e-28	1.482705697351e-33	4.801968983648e-39
2.887500000000e-01	1.823210246564e+00	1.831403211328e+00	6.851741681265e-03	9.176167833242e-07	1.704087541984e-11	9.760204067678e-17	2.598205014749e-22	7.863017199730e-28	1.907248269874e-33	6.221352576452e-39
2.900000000000e-01	1.760501689059e+00	1.918000988036e+00	7.618732578395e-03	1.066830693395e-06	2.048286060940e-11	1.202771458389e-16	3.261961628613e-22	1.000883454779e-27	2.452336656144e-33	8.057256074455e-39
2.912500000000e-01	1.698062181953e+00	2.006780967017e+00	8.464588805711e-03	1.239412360825e-06	2.460437696957e-11	1.481361764492e-16	4.093209537371e-22	1.273442993913e-27	3.151908031467e-33	1.043101108890e-38
2.925000000000e-01	1.636018401044e+00	2.097671181920e+00	9.396592401271e-03	1.438872496272e-06	2.953637476829e-11	1.823446179315e-16	5.133680126384e-22	1.619486083488e-27	4.049371024013e-33	1.349902917635e-38
2.937500000000e-01	1.574491168350e+00	2.190590207687e+00	1.042260547813e-02	1.669225330346e-06	3.543439826685e-11	2.243254610052e-16	6.435367164327e-22	2.058622172900e-27	5.200225682189e-33	1.746286727957e-38
2.950000000000e-01	1.513595139242e+00	2.285447049298e+00	1.155110672013e-02	1.935057118088e-06	4.248307939593e-11	2.758150690098e-16	8.063016596465e-22	2.615638888133e-27	6.675401617560e-33	2.258215889939e-38
2.962500000000e-01	1.453438534746e+00	2.382141072089e+00	1.279122919727e-02	2.241603408625e-06	5.090142853897e-11	3.389309369986e-16	1.009721201138e-21	3.321854750876e-27	8.565509367748e-33	2.919122047333e-38
2.975000000000e-01	1.394122919084e+00	2.480561975896e+00	1.415279944739e-02	2.594836121823e-06	6.094905935185e-11	4.162538236385e-16	1.263819624574e-21	4.216821386764e-27	1.098625249400e-32	3.772036925213e-38
2.987500000000e-01	1.335743022148e+00	2.580589815056e+00	1.564637775752e-02	3.001561586601e-06	7.293350725916e-11	5.109272437654e-16	1.581060222086e-21	5.350464496330e-27	1.408531437722e-32	4.872327881458e-38
3.000000000000e-01	1.278386606277e+00	2.682095066106e+00	1.728329956372e-02	3.469530819194e-06	8.721882760168e-11	6.267779174999e-16	1.976930619592e-21	6.785775401295e-27	1.805111779146e-32	6.291206861492e-38
3.012500000000e-01	1.222134376410e+00	2.784938744743e+00	1.907571787280e-02	4.007563454930e-06	1.042356899211e-10	7.684615008722e-16	2.470666585547e-21	8.602193140197e-27	2.312396176552e-32	8.120229673396e-38
3.025000000000e-01	1.167059932377e+00	2.888972573357e+00	2.103664659270e-02	4.625686894824e-06	1.244932201906e-10	9.416387964490e-16	3.086146607282e-21	1.089985225635e-26	2.961017485237e-32	1.047706284551e-37
3.037500000000e-01	1.113229761833e+00	2.994039200143e+00	2.318000464128e-02	5.335292389518e-06	1.485928836592e-10	1.153188688446e-15	3.852996931005e-21	1.380491531981e-26	3.790009409865e-32	1.351287232217e-37
3.050000000000e-01	1.060703272091e+00	3.099972470503e+00	2.552066068445e-02	6.149309958724e-06	1.772447482014e-10	1.411465298489e-15	4.807955848143e-21	1.747626399342e-26	4.849089404352e-32	1.742178644975e-37
3.062500000000e-01	1.009532858902e+00	3.206597751095e+00	2.807447833599e-02	7.082404235360e-06	2.112865226036e-10	1.726608355018e-15	5.996557144227e-21	2.211389074896e-26	6.201556168591e-32	2.245301089417e-37
3.075000000000e-01	9.597640100213e-01	3.313732306588e+00	3.085836163078e-02	8.151193531145e-06	2.517058271488e-10	2.110917558114e-15	7.475206260461e-21	2.796941846191e-26	7.927965627640e-32	2.892633266940e-37
3.087500000000e-01	9.114354412542e-01	3.421185728764e+00	3.389030056308e-02	9.374494645467e-06	2.996662264230e-10	2.579303857951e-15	9.313739404591e-21	3.535928115678e-26	1.013079255426e-31	3.725195368769e-37
3.100000000000e-01	8.645792625324e-01	3.528760417300e+00	3.718941645963e-02	1.077359618317e-05	3.565376378542e-10	3.149833114777e-15	1.159857625872e-20	4.468123121451e-26	1.294033958425e-31	4.795585303220e-37
3.112500000000e-01	8.192211714567e-01	3.636252111158e+00	4.077600693582e-02	1.237256341042e-05	4.239318257156e-10	3.844380649569e-15	1.443660188471e-20	5.643500268267e-26	1.652222420301e-31	6.171220655695e-37
3.125000000000e-01	7.753806716728e-01	3.743450469130e+00	4.467159016053e-02	1.419857796256e-05	5.037438009876e-10	4.689418819384e-15	1.795994391636e-20	7.124816474254e-26	2.108686102800e-31	7.938481154192e-37
3.137500000000e-01	7.330713133862e-01	3.850139697734e+00	4.889894813292e-02	1.628231602425e-05	5.982000746444e-10	5.716964069286e-15	2.233184835838e-20	8.990845353665e-26	2.690146599168e-31	1.020799971971e-36
3.150000000000e-01	6.923009532959e-01	3.956099224250e+00	5.348216865139e-02	1.865836893263e-05	7.099148579540e-10	6.965715052578e-15	2.775390275156e-20	1.134041863930e-25	3.430524663499e-31	1.312141795274e-36
3.162500000000e-01	6.530720312253e-01	4.061104412331e+00	5.844668563243e-02	2.136571050844e-05	8.419554709032e-10	8.482419525423e-15	3.447491088922e-20	1.429747547728e-25	4.372861592018e-31	1.686000803506e-36
3.175000000000e-01	6.153818607466e-01	4.164927317258e+00	6.381931741432e-02	2.444821580040e-05	9.979184118937e-10	1.032351499063e-14	4.280179083893e-20	1.801736792879e-25	5.571748487255e-31	2.165567243930e-36
3.187500000000e-01	5.792229311421e-01	4.267337477563e+00	6.962830265857e-02	2.795523633493e-05	1.182017761801e-09	1.255709670092e-14	5.311295035041e-20	2.269473144589e-25	7.096396338171e-31	2.780497177657e-36
3.200000000000e-01	5.445832181055e-01	4.368102739393e+00	7.590333344036e-02	3.194223739829e-05	1.399187847188e-09	1.526527688409e-14	6.587469398122e-20	2.857330403926e-25	9.034514293602e-31	3.568700747339e-36
3.212500000000e-01	5.114465006714e-01	4.466990109699e+00	8.267558509842e-02	3.647150334154e-05	1.655202375258e-09	1.854701121657e-14	8.166133828054e-20	3.595817076843e-25	1.149720678360e-30	4.578620974309e-36
3.225000000000e-01	4.797926819586e-01	4.563766634014e+00	8.997774239532e-02	4.161291739270e-05	1.956812581928e-09	2.252148299381e-14	1.011798597766e-19	4.523102530473e-25	1.462515449466e-30	5.872136513935e-36
3.237500000000e-01	4.495981114300e-01	4.658200294346e+00	9.784402152030e-02	4.744482298399e-05	2.311907309708e-09	2.733215253469e-14	1.253000809235e-19	5.686918288357e-25	1.859641243408e-30	7.528257782008e-36
3.250000000000e-01	4.208359064939e-01	4.750060922440e+00	1.063101874504e-01	5.405497415840e-05	2.729698360107e-09	3.315159959123e-14	1.550916183579e-19	7.146925543075e-25	2.363624393151e-30	9.647831469023e-36
3.262500000000e-01	3.934762714157e-01	4.839121123475e+00	1.154135661701e-01	6.154158320663e-05	3.220934953038e-09	4.018731047858e-14	1.918690839808e-19	8.977661797099e-25	3.002951680396e-30	1.235952623191e-35
3.275000000000e-01	3.674868116521e-01	4.925157205099e+00	1.251930512377e-01	7.001447430630e-05	3.798151681032e-09	4.868858995309e-14	2.372473523993e-19	1.127220654002e-24	3.813632252840e-30	1.582744551230e-35
3.287500000000e-01	3.428328418748e-01	5.007950106522e+00	1.356891041749e-01	7.959635258756e-05	4.475954977790e-09	5.895481132526e-14	2.932091000578e-19	1.414673923789e-24	4.841164795844e-30	2.026080603809e-35
3.300000000000e-01	3.194776861102e-01	5.087286322347e+00	1.469437481489e-01	9.042419873518e-05	5.271353838597e-09	7.134525780643e-14	3.621872963358e-19	1.774620413113e-24	6.143014042195e-30	2.592623774416e-35
3.312500000000e-01	2.973829685846e-01	5.162958815691e+00	1.590005544123e-01	1.026507999553e-04	6.204141345467e-09	8.629085471858e-14	4.471659023040e-19	2.225134723391e-24	7.791727158773e-30	3.316340905945e-35
3.325000000000e-01	2.765088940258e-01	5.234767915186e+00	1.719046209631e-01	1.164464288848e-04	7.297334474988e-09	1.043081471903e-13	5.518027295843e-19	2.788745374090e-24	9.878853656782e-30	4.240486889553e-35
3.337500000000e-01	2.568145163381e-01	5.302522190425e+00	1.857025428898e-01	1.320006828044e-04	8.577680715498e-09	1.260159427759e-13	6.805792549387e-19	3.493519152719e-24	1.251987388724e-29	5.420123349645e-35
3.350000000000e-01	2.382579947273e-01	5.366039300505e+00	2.004423738717e-01	1.495244963251e-04	1.007624120798e-08	1.521551147700e-13	8.389832060370e-19	4.374406195293e-24	1.586039296734e-29	6.925314549660e-35
3.362500000000e-01	2.207968365108e-01	5.425146810414e+00	2.161735783178e-01	1.692523415613e-04	1.182906146905e-08	1.836121518374e-13	1.033730966601e-18	5.474907689875e-24	2.008392170354e-29	8.845181035289e-35
3.375000000000e-01	2.043881260032e-01	5.479682970154e+00	2.329469736352e-01	1.914446306694e-04	1.387794227412e-08	2.214471452509e-13	1.273038338431e-18	6.849142594476e-24	2.542164692929e-29	1.129303922465e-34
3.387500000000e-01	1.889887390140e-01	5.529497451670e+00	2.508146621449e-01	2.163903365203e-04	1.627132499497e-08	2.669270292447e-13	1.566949996035e-18	8.564407609340e-24	3.216469463665e-29	1.441291533494e-34
3.400000000000e-01	1.745555426357e-01	5.574452038910e+00	2.698299521805e-01	2.444098481888e-04	1.906530762362e-08	3.215650358859e-13	1.927740139558e-18	1.070434660573e-23	4.067951529574e-29	1.838779794104e-34
3.412500000000e-01	1.610455801353e-01	5.614421266563e+00	2.900472679374e-01	2.758580788720e-04	2.232480989811e-08	3.871674971260e-13	2.370399468810e-18	1.337287272312e-23	5.142717797336e-29	2.345008916532e-34
3.425000000000e-01	1.484162408865e-01	5.649293003360e+00	3.115220476725e-01	3.111278447925e-04	2.612490840684e-08	4.658893275791e-13	2.913226755735e-18	1.669901954806e-23	6.498755592014e-29	2.989483511497e-34
3.437500000000e-01	1.366254153962e-01	5.678968976136e+00	3.343106298947e-01	3.506535345940e-04	3.055236531741e-08	5.602997570577e-13	3.578547092866e-18	2.084293857957e-23	8.208963068258e-29	3.809646813842e-34
3.450000000000e-01	1.256316355874e-01	5.703365231232e+00	3.584701272315e-01	3.949150896954e-04	3.570737749008e-08	6.734601577450e-13	4.393583470731e-18	2.600331027827e-23	1.036494462908e-28	4.852998483242e-34
3.462500000000e-01	1.153942005965e-01	5.722412530195e+00	3.840582877059e-01	4.444423170196e-04	4.170557623476e-08	8.090161338010e-13	5.391513842715e-18	3.242649747978e-23	1.308176242894e-28	6.179772461796e-34
3.475000000000e-01	1.058732884313e-01	5.736056677181e+00	4.111333432142e-01	4.998195564600e-04	4.868031189724e-08	9.713064189512e-13	6.612752456993e-18	4.041784537915e-23	1.650388224483e-28	7.866321681466e-34
3.487500000000e-01	9.703005391417e-02	5.744258775875e+00	4.397538450594e-01	5.616907263722e-04	5.678526186382e-08	1.165491569219e-12	8.106502193142e-18	5.035562477881e-23	2.081261073817e-28	1.000939454016e-33
3.500000000000e-01	8.882671340111e-02	5.746995414243e+00	4.699784864557e-01	6.307647712800e-04	6.619740550690e-08	1.397705953859e-12	9.932634200542e-18	6.270822863959e-23	2.623539418742e-28	1.273153600136e-33
3.512500000000e-01	8.122661682802e-02	5.744258775875e+00	5.018659119989e-01	7.078215368491e-04	7.712041511565e-08	1.675237149814e-12	1.216396261225e-17	7.805537081782e-23	3.305743959525e-28	1.618790641921e-33
3.525000000000e-01	7.419430768152e-02	5.736056677181e+00	5.354745141681e-01	7.937180980036e-04	8.978851803029e-08	2.006737547673e-12	1.488899587839e-17	9.711420586397e-23	4.163623193617e-28	2.057488687969e-33
3.537500000000e-01	6.769557153331e-02	5.722412530195e+00	5.708622170122e-01	8.893955668172e-04	1.044708920959e-07	2.402473796216e-12	1.821526277603e-17	1.207714967811e-22	5.241966149605e-28	2.614093490042e-33
3.550000000000e-01	6.169747380644e-02	5.703365231232e+00	6.080862472557e-01	9.958864075125e-04	1.214766642499e-07	2.874620666992e-12	2.227333094313e-17	1.501232120782e-22	6.596864930132e-28	3.320027365065e-33
3.562500000000e-01	5.616838746504e-02	5.678968976136e+00	6.472028931553e-01	1.114322286502e-03	1.411605906414e-07	3.437607031388e-12	2.722165948910e-17	1.865232445028e-22	8.298537462619e-28	4.215014757726e-33
3.575000000000e-01	5.107801133343e-02	5.649293003360e+00	6.882672515282e-01	1.245942485928e-03	1.639295062395e-07	4.108522935281e-12	3.325245561184e-17	2.316433239049e-22	1.043484764903e-27	5.349256512371e-33
3.587500000000e-01	4.639737975794e-02	5.614421266563e+00	7.313329634756e-01	1.392102909548e-03	1.902496425314e-07	4.907598259135e-12	4.059873910257e-17	2.875466608578e-22	1.311569332565e-27	6.786168469703e-33
3.600000000000e-01	4.209886432542e-02	5.574452038910e+00	7.764519394225e-01	1.554285710098e-03	2.206549237355e-07	5.858765197401e-12	4.954285921586e-17	3.567784242555e-22	1.647847361444e-27	8.605829515433e-33
3.612500000000e-01	3.815616834713e-02	5.529497451670e+00	8.236740742020e-01	1.734109567382e-03	2.557563650939e-07	6.990318818091e-12	6.042675689683e-17	4.424768473958e-22	2.069489824954e-27	1.090932118074e-32
3.625000000000e-01	3.454431480544e-02	5.479682970154e+00	8.730469530141e-01	1.933340646307e-03	2.962527113860e-07	8.335692315228e-12	7.366432330039e-17	5.485096000370e-22	2.597946461490e-27	1.382418719597e-32
3.637500000000e-01	3.123962844541e-02	5.425146810414e+00	9.246155491961e-01	2.153904263852e-03	3.429424699566e-07	9.934366293425e-12	8.975627470163e-17	6.796410913805e-22	3.260000639310e-27	1.751129936036e-32
3.650000000000e-01	2.821971267267e-02	5.366039300505e+00	9.784219148487e-01	2.397897293563e-03	3.967375104452e-07	1.183293458287e-11	1.093080464074e-16	8.417376206055e-22	4.089081442457e-27	2.217348861853e-32
3.662500000000e-01	2.546342189543e-02	5.302522190425e+00	1.034504865466e+00	2.667601335483e-03	4.586784231881e-07	1.408635274026e-11	1.330513066551e-16	1.042018815642e-21	5.126894995478e-27	2.806639095430e-32
3.675000000000e-01	2.295082992162e-02	5.234767915186e+00	1.092899659822e+00	2.965496678571e-03	5.299518501319e-07	1.675939962276e-11	1.618698087090e-16	1.289365655654e-21	6.425451825037e-27	3.551207114148e-32
3.687500000000e-01	2.066319499214e-02	5.162958815691e+00	1.153637676470e+00	3.294277081489e-03	6.119100262322e-07	1.992838731370e-11	1.968304389655e-16	1.594697628854e-21	8.049585317578e-27	4.491612915723e-32
3.700000000000e-01	1.858292200010e-02	5.087286322347e+00	1.216746088299e+00	3.656865396197e-03	7.060927959261e-07	2.368316033120e-11	2.392204850348e-16	1.971434320228e-21	1.008007888353e-26	5.678917117592e-32
3.712500000000e-01	1.669352241241e-02	5.007950106522e+00	1.282247536714e+00	4.056430057041e-03	8.142523985866e-07	2.812943157542e-11	2.905923454118e-16	2.436060056975e-21	1.261754727585e-26	7.177374824400e-32
3.725000000000e-01	1.497957237592e-02	4.925157205099e+00	1.350159807045e+00	4.496402455925e-03	9.383813491214e-07	3.339150999852e-11	3.528171373129e-16	3.008814287753e-21	1.578725185752e-26	9.067814184438e-32
3.737500000000e-01	1.342666945567e-02	4.839121123475e+00	1.420495506933e+00	4.980495221709e-03	1.080743775341e-06	3.961548366007e-11	4.281489384279e-16	3.714535286366e-21	1.974507197259e-26	1.145187200953e-31
3.750000000000e-01	1.202138841712e-02	4.750060922440e+00	1.493261749472e+00	5.512721419169e-03	1.243910612646e-06	4.697293182927e-11	5.193017298353e-16	4.583690733382e-21	2.468490679399e-26	1.445730180799e-31
3.762500000000e-01	1.075123642976e-02	4.658200294346e+00	1.568459842964e+00	6.097414679584e-03	1.430799099297e-06	5.566525130563e-11	6.295415007374e-16	5.653635960615e-21	3.084784636574e-26	1.824462316300e-31
3.775000000000e-01	9.604608034509e-03	4.563766634014e+00	1.646084989224e+00	6.739250271412e-03	1.644717062269e-06	6.592869537211e-11	7.627964422773e-16	6.970149408609e-21	3.853352980601e-26	2.301544817099e-31
3.787500000000e-01	8.570740183483e-03	4.466990109699e+00	1.726125992384e+00	7.443267115382e-03	1.889412534944e-06	7.804023901727e-11	9.237887108003e-16	8.589305466437e-21	4.811420620096e-26	2.902290385426e-31
3.800000000000e-01	7.639667627779e-03	4.368102739393e+00	1.808564980218e+00	8.214890743787e-03	2.169129303769e-06	9.232440155053e-11	1.118191896164e-15	1.057975772174e-20	6.005213377624e-26	3.658467307387e-31
3.812500000000e-01	6.802178897119e-03	4.267337477563e+00	1.893377140013e+00	9.059957198721e-03	2.488669042155e-06	1.091611778092e-10	1.352819106498e-15	1.302552121154e-20	7.492110060237e-26	4.609930544937e-31
3.825000000000e-01	6.049773084719e-03	4.164927317258e+00	1.980530471030e+00	9.984737858444e-03	2.853460756474e-06	1.289952521843e-10	1.635847498814e-15	1.602936108974e-20	9.343303164331e-26	5.806661028763e-31
3.837500000000e-01	5.374617621774e-03	4.061104412331e+00	2.069985555607e+00	1.099596517504e-02	3.269638341568e-06	1.523466960876e-10	1.977086170459e-15	1.971691788878e-20	1.164708700679e-25	7.311314315536e-31
3.850000000000e-01	4.769507198614e-03	3.956099224250e+00	2.161695350937e+00	1.210085929988e-02	3.744127122152e-06	1.798233797200e-10	2.388295609524e-15	2.424172705816e-20	1.451291948029e-25	9.202404594249e-31
3.862500000000e-01	4.227823963866e-03	3.850139697734e+00	2.255605003520e+00	1.330715556646e-02	4.284740342202e-06	2.121353636093e-10	2.883568417897e-15	2.979132368526e-20	1.807643727965e-25	1.157828087543e-30
3.875000000000e-01	3.743499109020e-03	3.743450469130e+00	2.351651688259e+00	1.462313279222e-02	4.900286657582e-06	2.501115749715e-10	3.479782809825e-15	3.659466341079e-20	2.250564574217e-25	1.456209052253e-30
3.887500000000e-01	3.310975923616e-03	3.636252111158e+00	2.449764474100e+00	1.605764235311e-02	5.600689787972e-06	2.947191191946e-10	4.197142499780e-15	4.493113894444e-20	2.800855510301e-25	1.830797287964e-30
3.900000000000e-01	2.925174385891e-03	3.528760417300e+00	2.549864218052e+00	1.762013797570e-02	6.397121593450e-06	3.470856284177e-10	5.059819082445e-15	5.514152994922e-20	3.484259708157e-25	2.300878483160e-30
3.912500000000e-01	2.581457335069e-03	3.421185728764e+00	2.651863489332e+00	1.932070618241e-02	7.302149959089e-06	4.085251081577e-10	6.096715940759e-15	6.764129441294e-20	4.332623184347e-25	2.890573344576e-30
3.925000000000e-01	2.275598254636e-03	3.313732306588e+00	2.755666525263e+00	2.117009731563e-02	8.329902998462e-06	4.805678101890e-10	7.342376172445e-15	8.293669438097e-20	5.385324864501e-25	3.630038177893e-30
3.937500000000e-01	2.003750680754e-03	3.206597751095e+00	2.861169220465e+00	2.317975705624e-02	9.496251224380e-06	5.649947365364e-10	8.838061091464e-15	1.016443509854e-19	6.691037766789e-25	4.556960668008e-30
3.950000000000e-01	1.762419236423e-03	3.099972470503e+00	2.968259150701e+00	2.536185834117e-02	1.081900948319e-05	6.638774667211e-10	1.063303064384e-14	1.245149465408e-19	8.309897033000e-25	5.718422715460e-30
3.962500000000e-01	1.548432280113e-03	2.994039200143e+00	3.076815632636e+00	2.772933357331e-02	1.231816060816e-05	7.796240997244e-10	1.278606270051e-14	1.524619392427e-19	1.031616763642e-24	7.173219496992e-30
3.975000000000e-01	1.358916147094e-03	2.888972573357e+00	3.186709820567e+00	3.029590700565e-02	1.401610291824e-05	9.150322150687e-10	1.536725479669e-14	1.865963336639e-19	1.280152550761e-24	8.994745356310e-30
3.987500000000e-01	1.191270952717e-03	2.784938744743e+00	3.297804841021e+00	3.307612716896e-02	1.593792387194e-05	1.073349885739e-09	1.846015964539e-14	2.282687637493e-19	1.587909138003e-24	1.127458366886e-29
4.000000000000e-01	1.043147919241e-03	2.682095066106e+00	3.409955965937e+00	3.608539920043e-02	1.811170238194e-05	1.258345921353e-09	2.216431485741e-14	2.791204014423e-19	1.968838788730e-24	1.412697066177e-29
4.012500000000e-01	9.124281813568e-04	2.580589815056e+00	3.523010824927e+00	3.934001691737e-02	2.056884250597e-05	1.474390685289e-09	2.659823797830e-14	3.411445119321e-19	2.440142858194e-24	1.769434378635e-29
4.025000000000e-01	7.972030203240e-04	2.480561975896e+00	3.636809656908e+00	4.285719446762e-02	2.334444145325e-05	1.726549016845e-09	3.190297046961e-14	4.167608458994e-19	3.023019410039e-24	2.215423545769e-29
4.037500000000e-01	6.957554724290e-04	2.382141072089e+00	3.751185601190e+00	4.665509737466e-02	2.647769508410e-05	2.020687001793e-09	3.824626892434e-14	5.089055021343e-19	3.743580750112e-24	2.772783503958e-29
4.050000000000e-01	6.065432542593e-04	2.285447049298e+00	3.865965027844e+00	5.075287278256e-02	3.001234433446e-05	2.363594574945e-09	4.582755897311e-14	6.211394249083e-19	4.633979007823e-24	3.469061862546e-29
4.062500000000e-01	5.281829449441e-04	2.190590207687e+00	3.980967906972e+00	5.517067869241e-02	3.399716626607e-05	2.763126210137e-09	5.488378742303e-14	7.577793366515e-19	5.733786340090e-24	4.338554085007e-29
4.075000000000e-01	4.594353639658e-04	2.097671181920e+00	4.096008216240e+00	5.992971196858e-02	3.848651372921e-05	3.228362260185e-09	6.569633165894e-14	9.240556682627e-19	7.091686622845e-24	5.423939984377e-29
4.087500000000e-01	3.991920823029e-04	2.006780967017e+00	4.210894385794e+00	6.505223488037e-02	4.354090792701e-05	3.769793856267e-09	7.859915278476e-14	1.126302961094e-18	8.767548027473e-24	6.778313065820e-29
4.100000000000e-01	3.464630044492e-04	1.918000988036e+00	4.325429779440e+00	7.056159993164e-02	4.922768849004e-05	4.399534667651e-09	9.398841104190e-14	1.372189305253e-18	1.083496113640e-23	8.467696037051e-29
4.112500000000e-01	3.003649591810e-04	1.831403211328e+00	4.439413210715e+00	7.648227271860e-02	5.562172600656e-05	5.131563264097e-09	1.123337994615e-13	1.670992682798e-18	1.338434581706e-23	1.057415773823e-28
4.125000000000e-01	2.601112377442e-04	1.747050294939e+00	4.552639492242e+00	8.283985254418e-02	6.280620230843e-05	5.982000320632e-09	1.341918953605e-13	2.033933642574e-18	1.652675265416e-23	1.319967377113e-28
4.137500000000e-01	2.250020193374e-04	1.664995775596e+00	4.664900016512e+00	8.966109050583e-02	7.087346418490e-05	6.969425464364e-09	1.602218801834e-13	2.474575594494e-18	2.039851219202e-23	1.647090640395e-28
4.150000000000e-01	1.944156253062e-04	1.585284289577e+00	4.775983366016e+00	9.697390476353e-02	7.992595658653e-05	8.115239192924e-09	1.912040374892e-13	3.009306232728e-18	2.516691859883e-23	2.054512033064e-28
4.162500000000e-01	1.678005452889e-04	1.507951824671e+00	4.885675950407e+00	1.048073926845e-01	9.007724178952e-05	9.444076002266e-09	2.280615079288e-13	3.657916248031e-18	3.103717488466e-23	2.561750133483e-28
4.175000000000e-01	1.446681805965e-04	1.433026000374e+00	4.993762668175e+00	1.131918395530e-01	1.014531114161e-04	1.098427565692e-08	2.718858604124e-13	4.444294650575e-18	3.826087600074e-23	3.193020701018e-28
4.187500000000e-01	1.245862523362e-04	1.360526373403e+00	5.100027590099e+00	1.221587235259e-01	1.141927986496e-04	1.276842042841e-08	3.239671321186e-13	5.397263792532e-18	4.714636584931e-23	3.978355507061e-28
4.200000000000e-01	1.071728241387e-04	1.290464765580e+00	5.204254661553e+00	1.317407165085e-01	1.284502984414e-04	1.483394712874e-08	3.858290986172e-13	6.551581668293e-18	5.807137665097e-23	4.954984869061e-28
4.212500000000e-01	9.209089179745e-05	1.222845611177e+00	5.306228420575e+00	1.419716806203e-01	1.443958039853e-04	1.722384388728e-08	4.592706615564e-13	7.949144414914e-18	7.149844692079e-23	6.169045372329e-28
4.225000000000e-01	7.904349462899e-05	1.157666320776e+00	5.405734728433e+00	1.528866599173e-01	1.622172682208e-04	1.998744287573e-08	5.464143878427e-13	9.640428295960e-18	8.799372071429e-23	7.677688441598e-28
4.237500000000e-01	6.776930589297e-05	1.094917658793e+00	5.502561509299e+00	1.645218670375e-01	1.821220996388e-04	2.318132159044e-08	6.497634041905e-13	1.168621801772e-17	1.082498597059e-22	9.551682833421e-28
4.250000000000e-01	5.803866213427e-05	1.034584131836e+00	5.596499495505e+00	1.769146644324e-01	2.043390021738e-04	2.687032687220e-08	7.722680479644e-13	1.415967722137e-17	1.331139557372e-22	1.187862548953e-27
4.262500000000e-01	4.964999381334e-05	9.766443851728e-01	5.687342974769e+00	1.901035398569e-01	2.291199695019e-04	3.112873759786e-08	9.174039035825e-13	1.714882768240e-17	1.636215203662e-22	1.476690141049e-27
4.275000000000e-01	4.242662204665e-05	9.210716046610e-01	5.774890535687e+00	2.041280757877e-01	2.567424446004e-04	3.604158393565e-08	1.089263118177e-12	2.075951644206e-17	2.010378564527e-22	1.835056536600e-27
4.287500000000e-01	3.621388867586e-05	8.678339216098e-01	5.858945807745e+00	2.190289124517e-01	2.875116559707e-04	4.170614323938e-08	1.292661196261e-12	2.511896516211e-17	2.469083931217e-22	2.279535768231e-27
4.300000000000e-01	3.087658920610e-05	8.168948181658e-01	5.939318192072e+00	2.348477041549e-01	3.217631424782e-04	4.823363508874e-08	1.533261827129e-12	3.038001387028e-17	3.031198993910e-22	2.830611466058e-27
4.312500000000e-01	2.629668039067e-05	7.682135309406e-01	6.015823579134e+00	2.516270686126e-01	3.598654793175e-04	5.575114069067e-08	1.817722707928e-12	3.672619245989e-17	3.719748951814e-22	3.513589336340e-27
4.325000000000e-01	2.237123638294e-05	7.217454507481e-01	6.088285049621e+00	2.694105289986e-01	4.022232181626e-04	6.440377486878e-08	2.153865798016e-12	4.437777842909e-17	4.562820655857e-22	4.359720297663e-27
4.337500000000e-01	1.901062941984e-05	6.774425164625e-01	6.156533554778e+00	2.882424484470e-01	4.492800551112e-04	7.435714221475e-08	2.550875986020e-12	5.359902910315e-17	5.594660722561e-22	5.407582365639e-27
4.350000000000e-01	1.613691294173e-05	6.352536011672e-01	6.220408572554e+00	3.081679567619e-01	5.015222405724e-04	8.580011269286e-08	3.019532780630e-12	6.470681181492e-17	6.857008651397e-22	6.704780229958e-27
4.362500000000e-01	1.368238688670e-05	5.951248889230e-01	6.279758735984e+00	3.292328691131e-01	5.594822457754e-04	9.894795611250e-08	3.572480362319e-12	7.808089720988e-17	8.400714532014e-22	8.310034740761e-27
4.375000000000e-01	1.158832662372e-05	5.570002406472e-01	6.334442430386e+00	3.514835965219e-01	6.237427010890e-04	1.140458794554e-07	4.224542169852e-12	9.417623015025e-17	1.028770123836e-21	1.029575074786e-26
4.387500000000e-01	9.803858607708e-06	5.208215477563e-01	6.384328356064e+00	3.749670479709e-01	6.949406218290e-04	1.313730161074e-07	4.993087159068e-12	1.135375509803e-16	1.259334342882e-21	1.275117156556e-26
4.400000000000e-01	8.284967352621e-06	4.865290723927e-01	6.429296053397e+00	3.997305240042e-01	7.737719376929e-04	1.512469216484e-07	5.898455980509e-12	1.368168087803e-16	1.540935063075e-21	1.578625255777e-26
4.412500000000e-01	6.993619727286e-06	4.540617732125e-01	6.469236387373e+00	4.258216017184e-01	8.609963423914e-04	1.740286370492e-07	6.964456598085e-12	1.647938895589e-16	1.884725969397e-21	1.953641591356e-26
4.425000000000e-01	5.896993886653e-06	4.233576158742e-01	6.504051988842e+00	4.532880110860e-01	9.574424804290e-04	2.001283869688e-07	8.218940337394e-12	1.984012783103e-16	2.304266356214e-21	2.416838478174e-26
4.437500000000e-01	4.966801361415e-06	3.943538675202e-01	6.533657649994e+00	4.821775025904e-01	1.064013488333e-03	2.300119883995e-07	9.694471036818e-12	2.387533870876e-16	2.816032936424e-21	2.988733897408e-26
4.450000000000e-01	4.178691945588e-06	3.669873746957e-01	6.557980671803e+00	5.125377061986e-01	1.181692907912e-03	2.642080532371e-07	1.142910190853e-11	2.871814147289e-16	3.440039014574e-21	3.694568815717e-26
4.462500000000e-01	3.511732048921e-06	3.411948242896e-01	6.576961161472e+00	5.444159817435e-01	1.311550989349e-03	3.033160775329e-07	1.346727693543e-11	3.452747611798e-16	4.200583218706e-21	4.565382392870e-26
4.475000000000e-01	2.947948123527e-06	3.169129872246e-01	6.590552278161e+00	5.778592608370e-01	1.454751402094e-03	3.480155202847e-07	1.586087617427e-11	4.149302046261e-16	5.127154504656e-21	5.639329195996e-26
4.487500000000e-01	2.471927636449e-06	2.940789447478e-01	6.598720425590e+00	6.129138804865e-01	1.612558371587e-03	3.990759857378e-07	1.867042725078e-11	4.984102677440e-16	6.255525571074e-21	6.963292257072e-26
4.500000000000e-01	2.070470846861e-06	2.726302972994e-01	6.601445390420e+00	6.496254086433e-01	1.786344259829e-03	4.573686353717e-07	2.196650867108e-11	5.984124559780e-16	7.629073332212e-21	8.594857643149e-26
4.512500000000e-01	1.732287362965e-06	2.525053560496e-01	6.598720425590e+00	6.880384619647e-01	1.977597607712e-03	5.238789691520e-07	2.583137439481e-11	7.181513524995e-16	9.300372901479e-21	1.060473061031e-25
4.525000000000e-01	1.447732104128e-06	2.336433172967e-01	6.590552278161e+00	7.281965161325e-01	2.187931656790e-03	5.997211303218e-07	3.036083348537e-11	8.614559091458e-16	1.133312089633e-20	1.307969093298e-25
4.537500000000e-01	1.208575883093e-06	2.159844200178e-01	6.576961161472e+00	7.701417091264e-01	2.419093367835e-03	6.861539041134e-07	3.566642364761e-11	1.032884689240e-15	1.380445508743e-20	1.612620630668e-25
4.550000000000e-01	1.007806355609e-06	1.994700869495e-01	6.557980671803e+00	8.139146379151e-01	2.672972953054e-03	7.845985983854e-07	4.187792316894e-11	1.237862307321e-15	1.680775084362e-20	1.987484862257e-25
4.562500000000e-01	8.394555650561e-07	1.840430496524e-01	6.533657649994e+00	8.595541490860e-01	2.951613938223e-03	8.966590134700e-07	4.914625229272e-11	1.482840884776e-15	2.045599090008e-20	2.448568938313e-25
4.575000000000e-01	6.984507416184e-07	1.696474580830e-01	6.504051988842e+00	9.070971239976e-01	3.257223770243e-03	1.024143729576e-06	5.764682248316e-11	1.775491013546e-15	2.488582421278e-20	3.015488875343e-25
4.587500000000e-01	5.804854034187e-07	1.562289752557e-01	6.469236387373e+00	9.565782591013e-01	3.592184984692e-03	1.169090963084e-06	6.758340051150e-11	2.124927509204e-15	3.026245266863e-20	3.712273915187e-25
4.600000000000e-01	4.819081544057e-07	1.437348576284e-01	6.429296053397e+00	1.008029842138e+00	3.959066946830e-03	1.333796268122e-06	7.919256394466e-11	2.541976159196e-15	3.678551192462e-20	4.568348060729e-25
4.612500000000e-01	3.996268843425e-07	1.321140218867e-01	6.384328356064e+00	1.061481524982e+00	4.360638178251e-03	1.520843387150e-06	9.274883560614e-11	3.039488754707e-15	4.469614551388e-20	5.619727343657e-25
4.625000000000e-01	3.310263532616e-07	1.213170988355e-01	6.334442430386e+00	1.116960093951e+00	4.799879279860e-03	1.733138583940e-06	1.085705970829e-10	3.632714961606e-15	5.428551060971e-20	6.910479665161e-25
4.637500000000e-01	2.738973893617e-07	1.112964751352e-01	6.279758735984e+00	1.174489238481e+00	5.279996460178e-03	1.973948824699e-06	1.270268955700e-10	4.339741068111e-15	6.590500070023e-20	8.494504093663e-25
4.650000000000e-01	2.263761484279e-07	1.020063236337e-01	6.220408572554e+00	1.234089319095e+00	5.804435676037e-03	2.246944208117e-06	1.485452745036e-10	5.182007379565e-15	7.997852634535e-20	1.043769867232e-24
4.662500000000e-01	1.868920771375e-07	9.340262306219e-02	6.156533554778e+00	1.295777135667e+00	6.376897390599e-03	2.556245083200e-06	1.736207767801e-10	6.184918055542e-15	9.701726188446e-20	1.282060052719e-24
4.675000000000e-01	1.541233945473e-07	8.544316786324e-02	6.088285049621e+00	1.359565697026e+00	7.001351951203e-03	2.906474334991e-06	2.028262901872e-10	7.378559549186e-15	1.176373454778e-19	1.574159990955e-24
4.687500000000e-01	1.269590579299e-07	7.808756892195e-02	6.015823579134e+00	1.425463992988e+00	7.682055586934e-03	3.302815362904e-06	2.368244282891e-10	8.798546568959e-15	1.425811146174e-19	1.932085139849e-24
4.700000000000e-01	1.044663130189e-07	7.129724596254e-02	5.939318192072e+00	1.493476769951e+00	8.423567022868e-03	3.751076324720e-06	2.763811667808e-10	1.048701770316e-14	1.727425721033e-19	2.370503160950e-24
4.712500000000e-01	8.586304654470e-08	6.503541236204e-02	5.858945807745e+00	1.563604311225e+00	9.230764704776e-03	4.257761271389e-06	3.223814856458e-10	1.249380660245e-14	2.091979118412e-19	2.907312433801e-24
4.725000000000e-01	7.049426243782e-08	5.926705311633e-02	5.774890535687e+00	1.635842223303e+00	1.010886462461e-02	4.830148854108e-06	3.758473017782e-10	1.487781899150e-14	2.532420937142e-19	3.564345224074e-24
4.737500000000e-01	5.781209381309e-08	5.395889667418e-02	5.687342974769e+00	1.710181229295e+00	1.106343873336e-02	5.476379345753e-06	4.379580155513e-10	1.770865087770e-14	3.064326469563e-19	4.368222027890e-24
4.750000000000e-01	4.735884226542e-08	4.907938133108e-02	5.596499495505e+00	1.786606970793e+00	1.210043392380e-02	6.205550784047e-06	5.100740387085e-10	2.106848925868e-14	3.706421075661e-19	5.351389184717e-24
4.762500000000e-01	3.875260538621e-08	4.459861684852e-02	5.502561509299e+00	1.865099819413e+00	1.322619156136e-02	7.027825114055e-06	5.937637205299e-10	2.505434353399e-14	4.481207639896e-19	6.553378575345e-24
4.775000000000e-01	3.167511391739e-08	4.048834193524e-02	5.405734728433e+00	1.945634699315e+00	1.444746753671e-02	7.954545282983e-06	6.908341452036e-10	2.978066385509e-14	5.415717044497e-19	8.022336335392e-24
4.787500000000e-01	2.586145263641e-08	3.672187819620e-02	5.306228420575e+00	2.028180921952e+00	1.577145280875e-02	8.998364321155e-06	8.033663364786e-10	3.538241197922e-14	6.542405382163e-19	9.816877301983e-24
4.800000000000e-01	2.109138484625e-08	3.327408112231e-02	5.204254661553e+00	2.112702034328e+00	1.720579440142e-02	1.017338752968e-05	9.337554768704e-10	4.201866103257e-14	7.900226127600e-19	1.200833371174e-23
4.812500000000e-01	1.718204006440e-08	3.012128866020e-02	5.100027590099e+00	2.199155682028e+00	1.875861681238e-02	1.149532898809e-05	1.084756828900e-09	4.987681317388e-14	9.535910820922e-19	1.468348089052e-23
4.825000000000e-01	1.398175890735e-08	2.724126786696e-02	4.993762668175e+00	2.287493488233e+00	2.043854378558e-02	1.298168369422e-05	1.259538136163e-09	5.917753875366e-14	1.150549813941e-18	1.794783980922e-23
4.837500000000e-01	1.136491891489e-08	2.461316011952e-02	4.885675950407e+00	2.377660949935e+00	2.225472039406e-02	1.465191675460e-05	1.461739383623e-09	7.018055750248e-14	1.387615872777e-18	2.192967701344e-23
4.850000000000e-01	9.227590738055e-09	2.221742531338e-02	4.775983366016e+00	2.469597352519e+00	2.421683537256e-02	1.652767115602e-05	1.695540910798e-09	8.319140191472e-14	1.672837203327e-18	2.678484727179e-23
4.862500000000e-01	7.483896245956e-09	2.003578545038e-02	4.664900016512e+00	2.563235703803e+00	2.633514363327e-02	1.863299576924e-05	1.965740999846e-09	9.856932574086e-14	2.015852190113e-18	3.270265417302e-23
4.875000000000e-01	6.062959148994e-09	1.805116798078e-02	4.552639492242e+00	2.658502688621e+00	2.862048889109e-02	2.099459536330e-05	2.277844204722e-09	1.167365468385e-13	2.428199012201e-18	3.991293984683e-23
4.887500000000e-01	4.906355093477e-09	1.624764923098e-02	4.439413210715e+00	2.755318644933e+00	3.108432631781e-02	2.364210454409e-05	2.638161849302e-09	1.381890441125e-13	2.923684183390e-18	4.869465819794e-23
4.900000000000e-01	3.965982211619e-09	1.461039821546e-02	4.325429779440e+00	2.853597562373e+00	3.373874513737e-02	2.660838767457e-05	3.053926303729e-09	1.635091635289e-13	3.518821407272e-18	5.938623797727e-23
4.912500000000e-01	3.202285123271e-09	1.312562109939e-02	4.210894385794e+00	2.953247104098e+00	3.659649106697e-02	2.992986698592e-05	3.533420851425e-09	1.933803289418e-13	4.233353931958e-18	7.239810440135e-23
4.925000000000e-01	2.582775655181e-09	1.178050654813e-02	4.096008216240e+00	3.054168652662e+00	3.967098850140e-02	3.364688124902e-05	4.086127186786e-09	2.286042005608e-13	5.090876016987e-18	8.822780294402e-23
4.937500000000e-01	2.080802309097e-09	1.056317217019e-02	3.980967906972e+00	3.156257380599e+00	4.297636233020e-02	3.780407754562e-05	4.722892838165e-09	2.701206782599e-13	6.119571991299e-18	1.074782588423e-22
4.950000000000e-01	1.674527980113e-09	9.462612232578e-03	3.865965027844e+00	3.259402346240e+00	4.652745926968e-02	4.245083885608e-05	5.456121095459e-09	3.190312096856e-13	7.353094763713e-18	1.308798137403e-22
4.962500000000e-01	1.346081782873e-09	8.468646801229e-03	3.751185601190e+00	3.363486615220e+00	5.033986858415e-02	4.764175036886e-05	6.299986339746e-09	3.766259355104e-13	8.831609637296e-18	1.593168102781e-22
4.975000000000e-01	1.080856243273e-09	7.571872434395e-03	3.636809656908e+00	3.468387407993e+00	5.442994206295e-02	5.343710761321e-05	7.270678027636e-09	4.444152876305e-13	1.060303398310e-17	1.938596505387e-22
4.987500000000e-01	8.669256939269e-10	6.763614533869e-03	3.523010824927e+00	3.573976273557e+00	5.881481311233e-02	5.990346972300e-05	8.386676979382e-09	5.241667522689e-13	1.272450887236e-17	2.358034401285e-22
5.000000000000e-01	6.945655912836e-10	6.035881437515e-03	3.409955965937e+00	3.680119289458e+00	6.351241481377e-02	6.711426135532e-05	9.669068061743e-09	6.179476206792e-13	1.526414529597e-17	2.867145523030e-22
5.012500000000e-01	5.558557531720e-10	5.381320316760e-03	3.297804841021e+00	3.786677288012e+00	6.854149679292e-02	7.515042701239e-05	1.114189384907e-08	7.281746776043e-13	1.830309528804e-17	3.484867131075e-22
5.025000000000e-01	4.443532858811e-10	4.793174924609e-03	3.186709820567e+00	3.893506108557e+00	7.392164073633e-02	8.410114175014e-05	1.283255439438e-08	8.576719242589e-13	2.193800731701e-17	4.234085275377e-22
5.037500000000e-01	3.548233056351e-10	4.265245223173e-03	3.076815632636e+00	4.000456875383e+00	7.967327438634e-02	9.406458250023e-05	1.477225885227e-08	1.009737601174e-12	2.628393594993e-17	5.142447483934e-22
5.050000000000e-01	2.830175256591e-10	3.791848904778e-03	2.968259150701e+00	4.107376300880e+00	8.581768383813e-02	1.051487644853e-04	1.699653537393e-08	1.188221969938e-12	3.147778830599e-17	6.243340459142e-22
5.062500000000e-01	2.254924329524e-10	3.367784807248e-03	2.861169220465e+00	4.214107013266e+00	9.237702395672e-02	1.174724474685e-04	1.954580644786e-08	1.397617535309e-12	3.768240451847e-17	7.577065818669e-22
5.075000000000e-01	1.794601662562e-10	2.988298212009e-03	2.755666525263e+00	4.320487908140e+00	9.937432672642e-02	1.311661168491e-04	2.246603769709e-08	1.643163644513e-12	4.509138669338e-17	9.192253436411e-22
5.087500000000e-01	1.426663694832e-10	2.649048003042e-03	2.651863489332e+00	4.426354522962e+00	1.068335073403e-01	1.463730448918e-04	2.580946907136e-08	1.930967693426e-12	5.393481112807e-17	1.114755972505e-21
5.100000000000e-01	1.132902679775e-10	2.346075655526e-03	2.549864218052e+00	4.531539433383e+00	1.147793678325e-01	1.632504376664e-04	2.963543840223e-08	2.268145505174e-12	6.448598234561e-17	1.351370749707e-21
5.112500000000e-01	8.986302815202e-11	2.075776014953e-03	2.449764474100e+00	4.635872670278e+00	1.232375980534e-01	1.819706735611e-04	3.401130842885e-08	2.662983831478e-12	7.706941540779e-17	1.637593513402e-21
5.125000000000e-01	7.120113959588e-11	1.834869820758e-03	2.351651688259e+00	4.739182156124e+00	1.322347737839e-01	2.027226395370e-04	3.901350966393e-08	3.125128367800e-12	9.207026568730e-17	1.983693602636e-21
5.137500000000e-01	5.635212412372e-11	1.620377922741e-03	2.255605003520e+00	4.841294159290e+00	1.417983517841e-01	2.257131715872e-04	4.472871286538e-08	3.665801177776e-12	1.099454636196e-16	2.402038502438e-21
5.150000000000e-01	4.455034664687e-11	1.429597133918e-03	2.161695350937e+00	4.942033764659e+00	1.519566615693e-01	2.511686061781e-04	5.125514642184e-08	4.298051999477e-12	1.312368568608e-16	2.907516744706e-21
5.162500000000e-01	3.518109357113e-11	1.260077659672e-03	2.069985555607e+00	5.041225358874e+00	1.627388937084e-01	2.793364497529e-04	5.870407566417e-08	5.037048565860e-12	1.565867148531e-16	3.518044860106e-21
5.175000000000e-01	2.775140866558e-11	1.109602040218e-03	1.980530471030e+00	5.138693128410e+00	1.741750844382e-01	3.104871736945e-04	6.720146299555e-08	5.900411825653e-12	1.867560123153e-16	4.255174844532e-21
5.187500000000e-01	2.186644496193e-11	9.761655412769e-04	1.893377140013e+00	5.234261568548e+00	1.862960963917e-01	3.449161424510e-04	7.688982980660e-08	6.908602811984e-12	2.226459801363e-16	5.144821780039e-21
5.200000000000e-01	1.721031345937e-11	8.579579265279e-04	1.808564980218e+00	5.327756001258e+00	1.991335952404e-01	3.829456828397e-04	8.793034342715e-08	8.085368888843e-12	2.653234962635e-16	6.218135029816e-21
5.212500000000e-01	1.353059298029e-11	7.533465446012e-04	1.726125992384e+00	5.419003099874e+00	2.127200220562e-01	4.249273028484e-04	1.005051548824e-07	9.458258226580e-12	3.160509874781e-16	7.512540922382e-21
5.225000000000e-01	1.062581695384e-11	6.608606632666e-04	1.646084989224e+00	5.507831418421e+00	2.270885612047e-01	4.712440685532e-04	1.148200159899e-07	1.105921263591e-11	3.763216277520e-16	9.072990185156e-21
5.237500000000e-01	8.335377647795e-12	5.791769837608e-04	1.568459842964e+00	5.594071923340e+00	2.422731035885e-01	5.223131480646e-04	1.311072073766e-07	1.292525034635e-11	4.479007529044e-16	1.095344973972e-20
5.250000000000e-01	6.531390983752e-12	5.071062689875e-04	1.493261749472e+00	5.677558525340e+00	2.583082050687e-01	5.785885316933e-04	1.496288123392e-07	1.509925197390e-11	5.328745676653e-16	1.321868601717e-20
5.262500000000e-01	5.112149364015e-12	4.435810204658e-04	1.420495506933e+00	5.758128609058e+00	2.752290399041e-01	6.405639377970e-04	1.706803751411e-07	1.763086481044e-11	6.337074036405e-16	1.594639591238e-20
5.275000000000e-01	3.996859084735e-12	3.876441403761e-04	1.350159807045e+00	5.835623558176e+00	2.930713490577e-01	7.087759140200e-04	1.945949863624e-07	2.057754271532e-11	7.533089993015e-16	1.922975213201e-20
5.287500000000e-01	3.121415552419e-12	3.384385167971e-04	1.282247536714e+00	5.909889273628e+00	3.118713832356e-01	7.838071438723e-04	2.217478423319e-07	2.400574133087e-11	8.951135208639e-16	2.318044230965e-20
5.300000000000e-01	2.435015856187e-12	2.951974721977e-04	1.216746088299e+00	5.980776682555e+00	3.316658405393e-01	8.662899688043e-04	2.525613304994e-07	2.799229111813e-11	1.063172331452e-15	2.793229622769e-20
5.312500000000e-01	1.897446099550e-12	2.572360173933e-04	1.153637676470e+00	6.048142235655e+00	3.524917986257e-01	9.569101361191e-04	2.875106978900e-07	3.262597385926e-11	1.262262851824e-15	3.364561322629e-20
5.325000000000e-01	1.476911773664e-12	2.239428554697e-04	1.092899659822e+00	6.111848390598e+00	3.743866412934e-01	1.056410783219e-03	3.271303655596e-07	3.800933184898e-11	1.498016246720e-15	4.051232290366e-20
5.337500000000e-01	1.148304609088e-12	1.947730825685e-04	1.034504865466e+00	6.171764079264e+00	3.973879794280e-01	1.165596668808e-03	3.720209582814e-07	4.426074305286e-11	1.777067125388e-15	4.876213711310e-20
5.350000000000e-01	8.918198076676e-13	1.692415348978e-04	9.784219148487e-01	6.227765156556e+00	4.215335662674e-01	1.285338661746e-03	4.228571255774e-07	5.151680010818e-11	2.107228973133e-15	5.866988074584e-20
5.362500000000e-01	6.918541821268e-13	1.469167338380e-04	9.246155491961e-01	6.279734828650e+00	4.468612069645e-01	1.416578498308e-03	4.803962377229e-07	5.993503625229e-11	2.497699644538e-15	7.056422368227e-20
5.375000000000e-01	5.361292199134e-13	1.274153835410e-04	8.730469530141e-01	6.327564058629e+00	4.734086624568e-01	1.560333818583e-03	5.454880485291e-07	6.969704716186e-11	2.959301961801e-15	8.483807757301e-20
5.387500000000e-01	4.149940168227e-13	1.103973779436e-04	8.236740742020e-01	6.371151947503e+00	5.012135476738e-01	1.717703492696e-03	6.190854256213e-07	8.101206436160e-11	3.504765289036e-15	1.019609699245e-19
5.400000000000e-01	3.208718687305e-13	9.556127661125e-05	7.764519394225e-01	6.410406088782e+00	5.303132241432e-01	1.889873247420e-03	7.022562586145e-07	9.412104341101e-11	4.149054913283e-15	1.224937656608e-19
5.412500000000e-01	2.478214549774e-13	8.264021128713e-05	7.313329634756e-01	6.445242894833e+00	5.607446870858e-01	2.078121603576e-03	7.961966661204e-07	1.093013386114e-10	4.909757176117e-15	1.471061745041e-19
5.425000000000e-01	1.911893126422e-13	7.139818741863e-05	6.882672515282e-01	6.475587893428e+00	5.925444471211e-01	2.283826134376e-03	9.022456339482e-07	1.268720456166e-10	5.807529589966e-15	1.765975630282e-19
5.437500000000e-01	1.473349472119e-13	6.162674727110e-05	6.472028931553e-01	6.501375993000e+00	6.257484067338e-01	2.508470054532e-03	1.021901229268e-06	1.472001042157e-10	6.866626667942e-15	2.119216852833e-19
5.450000000000e-01	1.134136643116e-13	5.314196349224e-05	6.080862472557e-01	6.522551715281e+00	6.603917316885e-01	2.753649149584e-03	1.156838548939e-06	1.707072658377e-10	8.115513926840e-15	2.542160580497e-19
5.462500000000e-01	8.720521226695e-14	4.578173416469e-05	5.708622170122e-01	6.539069394172e+00	6.965087176102e-01	3.021079054414e-03	1.308929574776e-06	1.978780441811e-10	9.587584526143e-15	3.048368390705e-19
5.475000000000e-01	6.697873720964e-14	3.940335246600e-05	5.354745141681e-01	6.550893339836e+00	7.341326519853e-01	3.312602889335e-03	1.480265124246e-06	2.292687829788e-10	1.132199532332e-14	3.654002225947e-19
5.487500000000e-01	5.138648570911e-14	3.388132604266e-05	5.018659119989e-01	6.557997967190e+00	7.732956718707e-01	3.630199261492e-03	1.673179102145e-06	2.655179924968e-10	1.336464180526e-14	4.378315503919e-19
5.500000000000e-01	3.938023744720e-14	2.910542309538e-05	4.699784864557e-01	6.560367888155e+00	8.140286176358e-01	3.975990638545e-03	1.890275277151e-06	3.073581261563e-10	1.576929445245e-14	5.244235529635e-19
5.512500000000e-01	3.014568757515e-14	2.497892396378e-05	4.397538450594e-01	6.557997967190e+00	8.563608830972e-01	4.352252100736e-03	2.134456826998e-06	3.556289909405e-10	1.859892266989e-14	6.279053906890e-19
5.525000000000e-01	2.305098605016e-14	2.141705869041e-05	4.111333432142e-01	6.550893339836e+00	9.003202624413e-01	4.761420476436e-03	2.408958917386e-06	4.112930102876e-10	2.192723654899e-14	7.515244648174e-19
5.537500000000e-01	1.760642870768e-14	1.834561263681e-05	3.840582877059e-01	6.539069394172e+00	9.459327943680e-01	5.206103865202e-03	2.717384602739e-06	4.754525863092e-10	2.584048149138e-14	8.991433213802e-19
5.550000000000e-01	1.343292183623e-14	1.569968371898e-05	3.584701272315e-01	6.522551715281e+00	9.932226039196e-01	5.689091551102e-03	3.063744361699e-06	5.493698397733e-10	3.043952622347e-14	1.075354386460e-18
5.562500000000e-01	1.023734061801e-14	1.342257622889e-05	3.343106298947e-01	6.501375993000e+00	1.042211742499e+00	6.213364307748e-03	3.452499606842e-06	6.344890417592e-10	3.584229106969e-14	1.285615759526e-18
5.575000000000e-01	7.793297760404e-15	1.146481751430e-05	3.115220476725e-01	6.475587893428e+00	1.092920026609e+00	6.782105094955e-03	3.888610536634e-06	7.324620906754e-10	4.218657065679e-14	1.536411865314e-18
5.587500000000e-01	5.926152684124e-15	9.783285004347e-06	2.900472679374e-01	6.445242894833e+00	1.145364875889e+00	7.398710145334e-03	4.377588728320e-06	8.451774329289e-10	4.963331363485e-14	1.835443438680e-18
5.600000000000e-01	4.501340376835e-15	8.340432197067e-06	2.698299521805e-01	6.410406088782e+00	1.199561151033e+00	8.066800437339e-03	4.925554903210e-06	9.747928755012e-10	5.837043168663e-14	2.191852108117e-18
5.612500000000e-01	3.415295785308e-15	7.103603269686e-06	2.508146621449e-01	6.371151947503e+00	1.255520992236e+00	8.790233549383e-03	5.539302330963e-06	1.123772794631e-09	6.861722124165e-14	2.616485772245e-18
5.625000000000e-01	2.588405063974e-15	6.044426938156e-06	2.329469736352e-01	6.327564058629e+00	1.313253658816e+00	9.573115887543e-03	6.226366377007e-06	1.294930307403e-09	8.062949412928e-14	3.122212052978e-18
5.637500000000e-01	1.959537639650e-15	5.138281082287e-06	2.161735783178e-01	6.279734828650e+00	1.372765370695e+00	1.041981527718e-02	6.995100737329e-06	1.491475043059e-09	9.470552814007e-14	3.724288386457e-18
5.650000000000e-01	1.481809687791e-15	4.363820471242e-06	2.004423738717e-01	6.227765156556e+00	1.434059152448e+00	1.133497390641e-02	7.854760947611e-06	1.717067229069e-09	1.111929653941e-13	4.440798810079e-18
5.662500000000e-01	1.119305660721e-15	3.702560675197e-06	1.857025428898e-01	6.171764079264e+00	1.497134680650e+00	1.232352160678e-02	8.815595799293e-06	1.975878894419e-09	1.304968058574e-13	5.293169258176e-18
5.675000000000e-01	8.445442726746e-16	3.138511936676e-06	1.719046209631e-01	6.111848390598e+00	1.561988135266e+00	1.339068945390e-02	9.888947343590e-06	2.272663090103e-09	1.530886656654e-13	6.306775233212e-18
5.687500000000e-01	6.365222548584e-16	2.657857403490e-06	1.590005544123e-01	6.048142235655e+00	1.628612055836e+00	1.454202366794e-02	1.108736021609e-05	2.612832135630e-09	1.795174955137e-13	7.511658124272e-18
5.700000000000e-01	4.792059642198e-16	2.248670698247e-06	1.469437481489e-01	5.980776682555e+00	1.696995203247e+00	1.578339979067e-02	1.242470106922e-05	3.002546021692e-09	2.104219837405e-13	8.943369258576e-18
5.712500000000e-01	3.603697158481e-16	1.900668320961e-06	1.356891041749e-01	5.909889273628e+00	1.767122427852e+00	1.712103711295e-02	1.391628895805e-05	3.448812234312e-09	2.465449023723e-13	1.064396406306e-17
5.725000000000e-01	2.707022157411e-16	1.604992855003e-06	1.251930512377e-01	5.835623558176e+00	1.838974544744e+00	1.856151332296e-02	1.557903758617e-05	3.959598416291e-09	2.887496929581e-13	1.266317256098e-17
5.737500000000e-01	2.031200451324e-16	1.354023376123e-06	1.154135661701e-01	5.758128609058e+00	1.912528216951e+00	2.011177934210e-02	1.743161038355e-05	4.543959449294e-09	3.380396331562e-13	1.505977692543e-17
5.750000000000e-01	1.522408530443e-16	1.141209852890e-06	1.063101874504e-01	5.677558525340e+00	1.987755847343e+00	2.177917431200e-02	1.949458945705e-05	5.212180726146e-09	3.955799755562e-13	1.790323206434e-17
5.762500000000e-01	1.139795882374e-16	9.609286779235e-07	9.784402152030e-02	5.594071923340e+00	2.064625480040e+00	2.357144069228e-02	2.179065952644e-05	5.975939589952e-09	4.627235080032e-13	2.127557134520e-17
5.775000000000e-01	8.523940494405e-17	8.083567857658e-07	8.997774239532e-02	5.507831418421e+00	2.143100712063e+00	2.549673942473e-02	2.434480803542e-05	6.848487146567e-09	5.410400507601e-13	2.527364672621e-17
5.787500000000e-01	6.367532720925e-17	6.793620980726e-07	8.267558509842e-02	5.419003099874e+00	2.223140615985e+00	2.756366511603e-02	2.718454270730e-05	7.844852912142e-09	6.323504813400e-13	3.001176091201e-17
5.800000000000e-01	4.751376135478e-17	5.704082926752e-07	7.590333344036e-02	5.327756001258e+00	2.304699674318e+00	2.978126118653e-02	3.034012789933e-05	8.982075040606e-09	7.387659640740e-13	3.562475889132e-17
5.812500000000e-01	3.541482411962e-17	4.784721225840e-07	6.962830265857e-02	5.234261568548e+00	2.387727726325e+00	3.215903492903e-02	3.384484119839e-05	1.027945918973e-08	8.627331599243e-13	4.227165756593e-17
5.825000000000e-01	2.636745522161e-17	4.009717164727e-07	6.381931741432e-02	5.138693128410e+00	2.472169927922e+00	3.470697241672e-02	3.773525179306e-05	1.175886943214e-08	1.007086304375e-12	5.013990540745e-17
5.837500000000e-01	1.960960273692e-17	3.357044758527e-07	5.844668563243e-02	5.041225358874e+00	2.557966725336e+00	3.743555319582e-02	4.205152225428e-05	1.344505500255e-08	1.175107169345e-12	5.945037948336e-17
5.850000000000e-01	1.456756030312e-17	2.807933480421e-07	5.348216865139e-02	4.942033764659e+00	2.645053843078e+00	4.035576469353e-02	4.683773545796e-05	1.536601709843e-08	1.370594071094e-12	7.046324512698e-17
5.862500000000e-01	1.080991562404e-17	2.346404000555e-07	4.889894813292e-02	4.841294159290e+00	2.733362286815e+00	4.347911626794e-02	5.214224848801e-05	1.755342042208e-08	1.597941252448e-12	8.348482439480e-17
5.875000000000e-01	8.012632684633e-18	1.958867484176e-07	4.467159016053e-02	4.739182156124e+00	2.822818361629e+00	4.681765282223e-02	5.801807546830e-05	2.004305467264e-08	1.862230157164e-12	9.887564372747e-17
5.887500000000e-01	5.932607479666e-18	1.633780152432e-07	4.077600693582e-02	4.635872670278e+00	2.913343706120e+00	5.038396790101e-02	6.452330138549e-05	2.287535177108e-08	2.169334329840e-12	1.170598594521e-16
5.900000000000e-01	4.387664844982e-18	1.361345831968e-07	3.718941645963e-02	4.531539433383e+00	3.004855342761e+00	5.419121618259e-02	7.172152908298e-05	2.609596523506e-08	2.526039920127e-12	1.385362925610e-16
5.912500000000e-01	3.241445530879e-18	1.133260124783e-07	3.389030056308e-02	4.426354522962e+00	3.097265744814e+00	5.825312527666e-02	7.968236172790e-05	2.975641882027e-08	2.940184048893e-12	1.638913423015e-16
5.925000000000e-01	2.392001571155e-18	9.424906300727e-08	3.085836163078e-02	4.320487908140e+00	3.190482920110e+00	6.258400673295e-02	8.848192317909e-05	3.391483231503e-08	3.420813610976e-12	1.938140923501e-16
5.937500000000e-01	1.763200269680e-18	7.830883560899e-08	2.807447833599e-02	4.214107013266e+00	3.284410511871e+00	6.719876616240e-02	9.820341881359e-05	3.863673322390e-08	3.978367449239e-12	2.291139746934e-16
5.950000000000e-01	1.298252827685e-18	6.500260824351e-08	2.552066068445e-02	4.107376300880e+00	3.378947916725e+00	7.211291236868e-02	1.089377395021e-04	4.399596401007e-08	4.624885243360e-12	2.707414159042e-16
5.962500000000e-01	9.548482607354e-19	5.390599808674e-08	2.318000464128e-02	4.000456875383e+00	3.473990419962e+00	7.734256538434e-02	1.207841115606e-04	5.007569559355e-08	5.374246920698e-12	3.198119595877e-16
5.975000000000e-01	7.014987412985e-19	4.466112839147e-08	2.103664659270e-02	3.893506108557e+00	3.569429348014e+00	8.290446330246e-02	1.338507956436e-04	5.696955893145e-08	6.242446922570e-12	3.776344388446e-16
5.987500000000e-01	5.147980360801e-19	3.696652127189e-08	1.907571787280e-02	3.786677288012e+00	3.665152238078e+00	8.881596779177e-02	1.482558376885e-04	6.478290774687e-08	7.247908255680e-12	4.457438653811e-16
6.000000000000e-01	3.773673458612e-19	3.056847453837e-08	1.728329956372e-02	3.680119289458e+00	3.761043024678e+00	9.509506818033e-02	1.641278751622e-04	7.363422683382e-08	8.411841934016e-12	5.259398093499e-16
6.012500000000e-01	2.763180171834e-19	2.525371306170e-08	1.564637775752e-02	3.573976273557e+00	3.856982242942e+00	1.017603839905e-01	1.816070020085e-04	8.365670185917e-08	9.758658181696e-12	6.203311684013e-16
6.025000000000e-01	2.021024325684e-19	2.084313340648e-08	1.415279944739e-02	3.468387407993e+00	3.952847248225e+00	1.088311658059e-01	2.008456958423e-04	9.499996821878e-08	1.131643663317e-11	7.313883683711e-16
6.037500000000e-01	1.476560779480e-19	1.718648512503e-08	1.279122919727e-02	3.363486615220e+00	4.048512451679e+00	1.163272943493e-01	2.220098110838e-04	1.078320582974e-07	1.311746374686e-11	8.620042045247e-16
6.050000000000e-01	1.077577629047e-19	1.415785357593e-08	1.155110672013e-02	3.259402346240e+00	4.143849571238e+00	1.242692776493e-01	2.452796418734e-04	1.223415684443e-07	1.519884675589e-11	1.015564724773e-15
6.062500000000e-01	7.855308676889e-20	1.165182780932e-08	1.042260547813e-02	3.156257380599e+00	4.238727897463e+00	1.326782461739e-01	2.708510587569e-04	1.387400691223e-07	1.760321473150e-11	1.196031778728e-15
6.075000000000e-01	5.719991649884e-20	9.580253285045e-09	9.396592401271e-03	3.054168652662e+00	4.333014573540e+00	1.415759458060e-01	2.989367232755e-04	1.572647840330e-07	2.037951874817e-11	1.408039113447e-15
6.087500000000e-01	4.160494811396e-20	7.869483263471e-09	8.464588805711e-03	2.953247104098e+00	4.426574888719e+00	1.509847285403e-01	3.297673847385e-04	1.781815665843e-07	2.358394473615e-11	1.657004193408e-15
6.100000000000e-01	3.022818178079e-20	6.458054899035e-09	7.618732578395e-03	2.853597562373e+00	4.519272584332e+00	1.609275407798e-01	3.635932635979e-04	2.017882048598e-07	2.728095440757e-11	1.949258264728e-15
6.112500000000e-01	2.193797394319e-20	5.294726612853e-09	6.851741681265e-03	2.755318644933e+00	4.610970171514e+00	1.714279091103e-01	4.006855259797e-04	2.284180893031e-07	3.154447167358e-11	2.292197578676e-15
6.125000000000e-01	1.590371036948e-20	4.336822430745e-09	6.156879015723e-03	2.658502688621e+00	4.701529259637e+00	1.825099234378e-01	4.413378540580e-04	2.584442806489e-07	3.645923425935e-11	2.694459145121e-15
6.137500000000e-01	1.151642941715e-20	3.548836832771e-09	5.527918676568e-03	2.563235703803e+00	4.790810894416e+00	1.941982173727e-01	4.858681170828e-04	2.922840192563e-07	4.212233280251e-11	3.166124911643e-15
6.150000000000e-01	8.330185892095e-21	2.901260431984e-09	4.959113614065e-03	2.469597352519e+00	4.878675904576e+00	2.065179457505e-01	5.346201479885e-04	3.304037209373e-07	4.864496262516e-11	3.718958869017e-15
6.162500000000e-01	6.018787167962e-21	2.369592626514e-09	4.445164713219e-03	2.377660949935e+00	4.964985255915e+00	2.194947591828e-01	5.879656306177e-04	3.733245086557e-07	5.615441663729e-11	4.366682280529e-15
6.175000000000e-01	4.343909116498e-21	1.933512375622e-09	3.981191290621e-03	2.287493488233e+00	5.049600411528e+00	2.331547755380e-01	6.463061026946e-04	4.216283341281e-07	6.479635150585e-11	5.125293034581e-15
6.187500000000e-01	3.131626250818e-21	1.576182546677e-09	3.562703001481e-03	2.199155682028e+00	5.132383696929e+00	2.475245482566e-01	7.100750797626e-04	4.759647484108e-07	7.473736335637e-11	6.013436042875e-15
6.200000000000e-01	2.255155898694e-21	1.283666962097e-09	3.185573142449e-03	2.112702034328e+00	5.213198668724e+00	2.626310314131e-01	7.797403053776e-04	5.370583860414e-07	8.616791391783e-11	7.052832667843e-15
6.212500000000e-01	1.622186062348e-21	1.044442426740e-09	2.846013329753e-03	2.028180921952e+00	5.291910485512e+00	2.785015414454e-01	8.558061329009e-04	6.057172332462e-07	9.930565323630e-11	8.268778383129e-15
6.225000000000e-01	1.165580335727e-21	8.489907101720e-10	2.540549526759e-03	1.945634699315e+00	5.368386279576e+00	2.951637154793e-01	9.388160442763e-04	6.828417571681e-07	1.143991909366e-10	9.690719273054e-15
6.237500000000e-01	8.365679241563e-22	6.894577579321e-10	2.265999390438e-03	1.865099819413e+00	5.442495527989e+00	3.126454661874e-01	1.029355311195e-03	7.694349800352e-07	1.317323745782e-10	1.135291958744e-14
6.250000000000e-01	5.997602186628e-22	5.593693667080e-10	2.019450902267e-03	1.786606970793e+00	5.514110421657e+00	3.309749331299e-01	1.128053804053e-03	8.666135897370e-07	1.516291410140e-10	1.329523441719e-14
6.262500000000e-01	4.295082934954e-22	4.533942279108e-10	1.798242245737e-03	1.710181229295e+00	5.583106230873e+00	3.501804305387e-01	1.235588954074e-03	9.756201864169e-07	1.744590149136e-10	1.556400367787e-14
6.275000000000e-01	3.072436407416e-22	3.671466640000e-10	1.599942889943e-03	1.635842223303e+00	5.649361665925e+00	3.702903915149e-01	1.352688873942e-03	1.097836773495e-06	2.006433378518e-10	1.821308602256e-14
6.287500000000e-01	2.195390102104e-22	2.970225878564e-10	1.422335836516e-03	1.563604311225e+00	5.712759231286e+00	3.913333086272e-01	1.480135642172e-03	1.234799611026e-06	2.306623217140e-10	2.130505409602e-14
6.300000000000e-01	1.566960148867e-22	2.400632384698e-10	1.263400985498e-03	1.493476769951e+00	5.773185571969e+00	4.133376709072e-01	1.618768756394e-03	1.388215559534e-06	2.650630317404e-10	2.491257574081e-14
6.312500000000e-01	1.117176140377e-22	1.938421128711e-10	1.121299574518e-03	1.425463992988e+00	5.830531810600e+00	4.363318972579e-01	1.769488760531e-03	1.559980053504e-06	3.044684174805e-10	2.912000942975e-14
6.325000000000e-01	7.956147074326e-23	1.563712475641e-10	9.943596448566e-04	1.359565697026e+00	5.884693873825e+00	4.603442663024e-01	1.933261050731e-03	1.752196855547e-06	3.495875243950e-10	3.402524639528e-14
6.337500000000e-01	5.659804161806e-23	1.260236224319e-10	8.810624875199e-04	1.295777135667e+00	5.935572806674e+00	4.854028427185e-01	2.111119864655e-03	1.967199755074e-06	4.012270350030e-10	3.974183672774e-14
6.350000000000e-01	4.021772092635e-23	1.014689831649e-10	7.800300224064e-04	1.234089319095e+00	5.983075073552e+00	5.115354001206e-01	2.304172458522e-03	2.207576388968e-06	4.603043065188e-10	4.640144220914e-14
6.362500000000e-01	2.854637448518e-23	8.162081920231e-11	6.900130638249e-04	1.174489238481e+00	6.027112844595e+00	5.387693405698e-01	2.513603475973e-03	2.476194376517e-06	5.278620920515e-10	5.415666493101e-14
6.375000000000e-01	2.023959938292e-23	6.559260543273e-11	6.098804261325e-04	1.116960093951e+00	6.067604266134e+00	5.671316108073e-01	2.740679512529e-03	2.776229976631e-06	6.050851548991e-10	6.318430792618e-14
6.387500000000e-01	1.433409622902e-23	5.266172809785e-11	5.386088239623e-04	1.061481524982e+00	6.104473714138e+00	5.966486153285e-01	2.986753878996e-03	3.111199492329e-06	6.933190104922e-10	7.368913224918e-14
6.400000000000e-01	1.014042529690e-23	4.223977755270e-11	4.752735224315e-04	1.008029842138e+00	6.137652029504e+00	6.273461264338e-01	3.253271566761e-03	3.484993665549e-06	7.940910584256e-10	8.590818430931e-14
6.412500000000e-01	7.165714072799e-24	3.384811049530e-11	4.190396938071e-04	9.565782591013e-01	6.167076734195e+00	6.592491914084e-01	3.541774417450e-03	3.901915324793e-06	9.091343980577e-10	1.001157779567e-13
6.425000000000e-01	5.058016367589e-24	2.709776857079e-11	3.691544383364e-04	9.070971239976e-01	6.192692227266e+00	6.923820370070e-01	3.853906498845e-03	4.366720568776e-06	1.040414655703e-09	1.166292280252e-13
6.437500000000e-01	3.566304621934e-24	2.167299447566e-11	3.249394283004e-04	8.595541490860e-01	6.214449959920e+00	7.267679714381e-01	4.191419688413e-03	4.884663791422e-06	1.190160189862e-09	1.358154459538e-13
6.450000000000e-01	2.511736594481e-24	1.731771558836e-11	2.857841357935e-04	8.139146379151e-01	6.232308588833e+00	7.624292840608e-01	4.556179465110e-03	5.461546877117e-06	1.360896083631e-09	1.580985239763e-13
6.462500000000e-01	1.767043334826e-24	1.382447276035e-11	2.511396062510e-04	7.701417091264e-01	6.246234107054e+00	7.993871430296e-01	4.950170909436e-03	6.103772920310e-06	1.555482380900e-09	1.839684524466e-13
6.475000000000e-01	1.241760262825e-24	1.102536162564e-11	2.205127413205e-04	7.281965161325e-01	6.256199951906e+00	8.376614911423e-01	5.375504910933e-03	6.818404850322e-06	1.777157075587e-09	2.139911354601e-13
6.487500000000e-01	8.716572893627e-25	8.784628510301e-12	1.934610562836e-04	6.880384619647e-01	6.262187089421e+00	8.772709401644e-01	5.834424581473e-03	7.613229370716e-06	2.029584421661e-09	2.488198933728e-13
6.500000000000e-01	6.111829428803e-25	6.992625179202e-12	1.695878788663e-04	6.496254086433e-01	6.264184074910e+00	9.182326639246e-01	6.329311871798e-03	8.496826652846e-06	2.316909196491e-09	2.892086674985e-13
6.512500000000e-01	4.280693515387e-25	5.560878298255e-12	1.485379579179e-04	6.129138804865e-01	6.262187089421e+00	9.605622904942e-01	6.862694387790e-03	9.478646255330e-06	2.643817621966e-09	3.360271726019e-13
6.525000000000e-01	2.994845998013e-25	4.418072343811e-12	1.299934520705e-04	5.778592608370e-01	6.256199951906e+00	1.004273793784e+00	7.437252401905e-03	1.056908977529e-05	3.015605727424e-09	3.902782773060e-13
6.537500000000e-01	2.092918445234e-25	3.506780210420e-12	1.136702701127e-04	5.444159817435e-01	6.246234107054e+00	1.049379384904e+00	8.055826054096e-03	1.177960077322e-05	3.438256026582e-09	4.531179317301e-13
6.550000000000e-01	1.460991087933e-25	2.780805173960e-12	9.931473640528e-05	5.125377061986e-01	6.232308588833e+00	1.095889403662e+00	8.721422735401e-03	1.312276255166e-05	3.918523478217e-09	5.258780062031e-13
6.562500000000e-01	1.018732774758e-25	2.203022182896e-12	8.670055622554e-05	4.821775025904e-01	6.214449959920e+00	1.143812210567e+00	9.437224646054e-03	1.461240440803e-05	4.464031808214e-09	6.100924554527e-13
6.575000000000e-01	7.095621499074e-26	1.743626533586e-12	7.562605745282e-05	4.532880110860e-01	6.192692227266e+00	1.193154079762e+00	1.020659651874e-02	1.626371702478e-05	5.083381389870e-09	7.075272800425e-13
6.587500000000e-01	4.936714977888e-26	1.378714553468e-12	6.591168648012e-05	4.258216017184e-01	6.167076734196e+00	1.243919093271e+00	1.103309349618e-02	1.809337770474e-05	5.786270011033e-09	8.202148219099e-13
6.600000000000e-01	3.430860954685e-26	1.089134567921e-12	5.739773766572e-05	3.997305240042e-01	6.137652029504e+00	1.296109037003e+00	1.192046915067e-02	2.011968620710e-05	6.583628002137e-09	9.504930046469e-13
6.612500000000e-01	2.381692184371e-26	8.595576626768e-13	4.994229701076e-05	3.749670479710e-01	6.104473714138e+00	1.349723298947e+00	1.287268363203e-02	2.236271198902e-05	7.487769359632e-09	1.101050212790e-12
6.625000000000e-01	1.651526688320e-26	6.777269906842e-13	4.341938206574e-05	3.514835965219e-01	6.067604266134e+00	1.404758770000e+00	1.389391192822e-02	2.484445371032e-05	8.512560676303e-09	1.274976599116e-12
6.637500000000e-01	1.143939381717e-26	5.338519570792e-13	3.771726132775e-05	3.292328691131e-01	6.027112844595e+00	1.461209747882e+00	1.498855222190e-02	2.758901191347e-05	9.673609885005e-09	1.475822716207e-12
6.650000000000e-01	7.914762315107e-27	4.201198367814e-13	3.273693758963e-05	3.081679567619e-01	5.983075073552e+00	1.519067844609e+00	1.616123432392e-02	3.062277584878e-05	1.098847703719e-08	1.707666489923e-12
6.662500000000e-01	5.470036114847e-27	3.303024755496e-13	2.839078084148e-05	2.882424484470e-01	5.935572806674e+00	1.578321897977e+00	1.741682816337e-02	3.397462547460e-05	1.247690957408e-08	1.975189689769e-12
6.675000000000e-01	3.776243238579e-27	2.594398955763e-13	2.460129740451e-05	2.694105289986e-01	5.884693873825e+00	1.638957887535e+00	1.876045231163e-02	3.767614972565e-05	1.416110480865e-08	2.283765206394e-12
6.687500000000e-01	2.604037165053e-27	2.035860352329e-13	2.130002299666e-05	2.516270686126e-01	5.830531810600e+00	1.700958855507e+00	2.019748251639e-02	4.176188220773e-05	1.606600262247e-08	2.639556621972e-12
6.700000000000e-01	1.793708418191e-27	1.596046353273e-13	1.842652839024e-05	2.348477041549e-01	5.773185571969e+00	1.764304833139e+00	2.173356021914e-02	4.626955554604e-05	1.821961169612e-08	3.049631757436e-12
6.712500000000e-01	1.234167100328e-27	1.250055534871e-13	1.592752722482e-05	2.190289124517e-01	5.712759231286e+00	1.828972772930e+00	2.337460102834e-02	5.124037568495e-05	2.065337293700e-08	3.522092104431e-12
6.725000000000e-01	8.482298162922e-28	9.781363668589e-14	1.375607638541e-05	2.041280757877e-01	5.649361665925e+00	1.894936487204e+00	2.512680311772e-02	5.671931751141e-05	2.340256414746e-08	4.066220302458e-12
6.737500000000e-01	5.823318636871e-28	7.646378580448e-14	1.187086014782e-05	1.901035398569e-01	5.583106230873e+00	1.962166593469e+00	2.699665551787e-02	6.275544325066e-05	2.650675039163e-08	4.692648106731e-12
6.750000000000e-01	3.993420331097e-28	5.971706830056e-14	1.023555003254e-05	1.769146644324e-01	5.514110421657e+00	2.030630467012e+00	2.899094626670e-02	6.940224516228e-05	3.001028497558e-08	5.413547613660e-12
6.762500000000e-01	2.735501427049e-28	4.659372717888e-14	8.818232997117e-06	1.645218670375e-01	5.442495527989e+00	2.100292201136e+00	3.111677038247e-02	7.671801414670e-05	3.396286645404e-08	6.242848873067e-12
6.775000000000e-01	1.871743429469e-28	3.631973890410e-14	7.590901236823e-06	1.528866599173e-01	5.368386279576e+00	2.171112575473e+00	3.338153762120e-02	8.476623595684e-05	3.842015762432e-08	7.196487424362e-12
6.787500000000e-01	1.279302178468e-28	2.828422444236e-14	6.528997457146e-06	1.419716806203e-01	5.291910485512e+00	2.243049032736e+00	3.579297997790e-02	9.361601679670e-05	4.344447306560e-08	8.292685753347e-12
6.800000000000e-01	8.734084960076e-29	2.200554472178e-14	5.611010031095e-06	1.317407165085e-01	5.213198668724e+00	2.316055664301e+00	3.835915888937e-02	1.033425401782e-04	4.910554243666e-08	9.552273183533e-12
6.812500000000e-01	5.956335272241e-29	1.710433775310e-14	4.818112962041e-06	1.221587235259e-01	5.132383696929e+00	2.390083204960e+00	4.108847209396e-02	1.140275569990e-04	5.548135745938e-08	1.099904929761e-11
6.825000000000e-01	4.057497952802e-29	1.328209847317e-14	4.133846041007e-06	1.131918395530e-01	5.049600411528e+00	2.465079037163e+00	4.398966010207e-02	1.257599108988e-04	6.265911129696e-08	1.266019663896e-11
6.837500000000e-01	2.760927063383e-29	1.030417959083e-14	3.543831018327e-06	1.048073926845e-01	4.964985255915e+00	2.540987205046e+00	4.707181222907e-02	1.386361010456e-04	7.073623988762e-08	1.456674917832e-11
6.850000000000e-01	1.876588319843e-29	7.986314977533e-15	3.035520005588e-06	9.697390476353e-02	4.878675904576e+00	2.617748438515e+00	5.034437214040e-02	1.527608846024e-04	7.982157572486e-08	1.675412385684e-11
6.862500000000e-01	1.274091253998e-29	6.183946754352e-15	2.597972687015e-06	8.966109050583e-02	4.790810894416e+00	2.695300187604e+00	5.381714285719e-02	1.682479212237e-04	9.003662558864e-08	1.926272344406e-11
6.875000000000e-01	8.640711614271e-30	4.783781556191e-15	2.221659252080e-06	8.283985254418e-02	4.701529259637e+00	2.773576667325e+00	5.750029116861e-02	1.852204620283e-04	1.015169848367e-07	2.213861999066e-11
6.887500000000e-01	5.853504242649e-30	3.697117303548e-15	1.898286265155e-06	7.648227271860e-02	4.610970171514e+00	2.852508913145e+00	6.140435139597e-02	2.038120856008e-04	1.144139020673e-07	2.543432932323e-11
6.900000000000e-01	3.960954145937e-30	2.854574698369e-15	1.620642965490e-06	7.056159993164e-02	4.519272584332e+00	2.932024847248e+00	6.554022845202e-02	2.241674836706e-04	1.288960092730e-07	2.920968833813e-11
6.912500000000e-01	2.677325304663e-30	2.201942052052e-15	1.382465743654e-06	6.505223488037e-02	4.426574888719e+00	3.012049355631e+00	6.991920013760e-02	2.464432992205e-04	1.451512340281e-07	3.353284831868e-11
6.925000000000e-01	1.807673207814e-30	1.696901566921e-15	1.178318770514e-06	5.992971196858e-02	4.333014573540e+00	3.092504376102e+00	7.455291861655e-02	2.708090198803e-04	1.633889117983e-07	3.848139914428e-11
6.937500000000e-01	1.219147213323e-30	1.306452750273e-15	1.003488963752e-06	5.517067869241e-02	4.238727897463e+00	3.173308997169e+00	7.945341100913e-02	2.974479295566e-04	1.838421181389e-07	4.414364110053e-11
6.950000000000e-01	8.213151425215e-31	1.004886602011e-15	8.538936663150e-07	5.075287278256e-02	4.143849571238e+00	3.254379567782e+00	8.463307904291e-02	3.265581213532e-04	2.067702423726e-07	5.062002305968e-11
6.962500000000e-01	5.526891770714e-31	7.721944856674e-16	7.259995827298e-07	4.665509737466e-02	4.048512451679e+00	3.335629817832e+00	9.010469770010e-02	3.583535749311e-04	2.324618263088e-07	5.802476810521e-11
6.975000000000e-01	3.715091725764e-31	5.928197005505e-16	6.167516742649e-07	4.285719446762e-02	3.952847248225e+00	3.416970989281e+00	9.588141279933e-02	3.930653015536e-04	2.612376937149e-07	6.648771025091e-11
6.987500000000e-01	2.494454418075e-31	4.546789527412e-16	5.235108539355e-07	3.934001691738e-02	3.856982242942e+00	3.498311977740e+00	1.019767374503e-01	4.309425601515e-04	2.934543985623e-07	7.615636878451e-11
7.000000000000e-01	1.673011993332e-31	3.483961651515e-16	4.439994485263e-07	3.608539920043e-02	3.761043024678e+00	3.579559484268e+00	1.084045473191e-01	4.722541478342e-04	3.295080225846e-07	8.719828998220e-11
7.012500000000e-01	1.120830619711e-31	2.667031669145e-16	3.762535084085e-07	3.307612716896e-02	3.665152238078e+00	3.660618177120e+00	1.151790746440e-01	5.172897683517e-04	3.698383553998e-07	9.980368953186e-11
7.025000000000e-01	7.500640834624e-32	2.039713972685e-16	3.185811480336e-07	3.029590700565e-02	3.569429348014e+00	3.741390863125e+00	1.223149009388e-01	5.663614820960e-04	4.149334933819e-07	1.141884330101e-10
7.037500000000e-01	5.013883094913e-32	1.558463591725e-16	2.695261916364e-07	2.772933357331e-02	3.473990419962e+00	3.821778668321e+00	1.298269483270e-01	6.198052412953e-04	4.653348966377e-07	1.305973962284e-10
7.050000000000e-01	3.347861536998e-32	1.189625712641e-16	2.278364808303e-07	2.536185834117e-02	3.378947916725e+00	3.901681227452e+00	1.377304694455e-01	6.779825141260e-04	5.216429468660e-07	1.493082522473e-10
7.062500000000e-01	2.232946011143e-32	9.072151951660e-17	1.924362743151e-07	2.317975705624e-02	3.284410511871e+00	3.980996881854e+00	1.460410358630e-01	7.412820015187e-04	5.845230525662e-07	1.706357374112e-10
7.075000000000e-01	1.487669324760e-32	6.911886223137e-17	1.624022356478e-07	2.117009731563e-02	3.190482920110e+00	4.059622885238e+00	1.547745249568e-01	8.101214504840e-04	6.547123520396e-07	1.949364549399e-10
7.087500000000e-01	9.900384101336e-33	5.261010118922e-17	1.369425637081e-07	1.932070618241e-02	3.097265744814e+00	4.137455616830e+00	1.639471051961e-01	8.849495678227e-04	7.330270689133e-07	2.226142815017e-10
7.100000000000e-01	6.581352169890e-33	4.000626296461e-17	1.153788728013e-07	1.762013797570e-02	3.004855342761e+00	4.214390801281e+00	1.735752197819e-01	9.662480381081e-04	8.203705795223e-07	2.541264498517e-10
7.112500000000e-01	4.370143196834e-33	3.039296885910e-17	9.713047591724e-08	1.605764235311e-02	2.913343706120e+00	4.290323734730e+00	1.836755685955e-01	1.054533649843e-03	9.177422564481e-07	2.899903891418e-10
7.125000000000e-01	2.898635825071e-33	2.306771390893e-17	8.170076607503e-08	1.462313279222e-02	2.822818361629e+00	4.365149516361e+00	1.942650884129e-01	1.150360533699e-03	1.026247157838e-06	3.307914139789e-10
7.137500000000e-01	1.920476926673e-33	1.749130769487e-17	6.866542745969e-08	1.330715556646e-02	2.733362286815e+00	4.438763284758e+00	2.053609313448e-01	1.254322516715e-03	1.147106637854e-06	3.771913638358e-10
7.150000000000e-01	1.270989558165e-33	1.325031779235e-17	5.766224066716e-08	1.210085929988e-02	2.645053843078e+00	4.511060458337e+00	2.169804414666e-01	1.367055596330e-03	1.281669959735e-06	4.299383061019e-10
7.162500000000e-01	8.402186594384e-34	1.002805254263e-17	4.838227526337e-08	1.099596517504e-02	2.557966725336e+00	4.581936979105e+00	2.291411296071e-01	1.489240538036e-03	1.431426999556e-06	4.898774290358e-10
7.175000000000e-01	5.548302254271e-34	7.582164436355e-18	4.056228841429e-08	9.984737858444e-03	2.472169927922e+00	4.651289558958e+00	2.418606462695e-01	1.621605600421e-03	1.598022135794e-06	5.579632652749e-10
7.187500000000e-01	3.659698876027e-34	5.727381185763e-18	3.397817092077e-08	9.059957198721e-03	2.387727726325e+00	4.719015927726e+00	2.551567526638e-01	1.764929391221e-03	1.783269427402e-06	6.352734025122e-10
7.200000000000e-01	2.411282219962e-34	4.322204089054e-18	2.843930191217e-08	8.214890743787e-03	2.304699674318e+00	4.785015082133e+00	2.690472898359e-01	1.920043857955e-03	1.989169191134e-06	7.230238556431e-10
7.212500000000e-01	1.586968058168e-34	3.258672704424e-18	2.378369100884e-08	7.443267115382e-03	2.223140615985e+00	4.849187534834e+00	2.835501458831e-01	2.087837416540e-03	2.217926097534e-06	8.225862942722e-10
7.225000000000e-01	1.043291761329e-34	2.454497010494e-18	1.987380221687e-08	6.739250271412e-03	2.143100712063e+00	4.911435562690e+00	2.986832212544e-01	2.269258221136e-03	2.471968914204e-06	9.355073411708e-10
7.237500000000e-01	6.851108110569e-35	1.847015600927e-18	1.659296740340e-08	6.097414679584e-03	2.064625480040e+00	4.971663453403e+00	3.144643921390e-01	2.465317578298e-03	2.753972034820e-06	1.063530181280e-09
7.250000000000e-01	4.494002546875e-35	1.388560835162e-18	1.384230913015e-08	5.512721419169e-03	1.987755847343e+00	5.029777749654e+00	3.309114719550e-01	2.677093508286e-03	3.066878942874e-06	1.208618747406e-09
7.262500000000e-01	2.944579323868e-35	1.042906925017e-18	1.153810308420e-08	4.980495221709e-03	1.912528216951e+00	5.085687489878e+00	3.480421709565e-01	2.905734456153e-03	3.413927770286e-06	1.372984778129e-09
7.275000000000e-01	1.927217155058e-35	7.825506967220e-19	9.609519509670e-09	4.496402455925e-03	1.838974544744e+00	5.139304444813e+00	3.658740539863e-01	3.152463154949e-03	3.798679122950e-06	1.559118075851e-09
7.287500000000e-01	1.259956345361e-35	5.866319403157e-19	7.996691061499e-09	4.056430057041e-03	1.767122427852e+00	5.190543348947e+00	3.844244964085e-01	3.418580643086e-03	4.225046357953e-06	1.769820328789e-09
7.300000000000e-01	8.228066514733e-36	4.393445261053e-19	6.649061509467e-09	3.656865396197e-03	1.696995203247e+00	5.239322126048e+00	4.037106382653e-01	3.705470437558e-03	4.697328510634e-06	2.008242900207e-09
7.312500000000e-01	5.367320635714e-36	3.287237071097e-19	5.523975836513e-09	3.294277081489e-03	1.628612055836e+00	5.285562107910e+00	4.237493367086e-01	4.014602864342e-03	5.220246083992e-06	2.277929031871e-09
7.325000000000e-01	3.497314891296e-36	2.457214807295e-19	4.585477607415e-09	2.965496678571e-03	1.561988135266e+00	5.329188245523e+00	4.445571167691e-01	4.347539546901e-03	5.798979928060e-06	2.582860956777e-09
7.337500000000e-01	2.276299403464e-36	1.835023004842e-19	3.803284127229e-09	2.667601335483e-03	1.497134680650e+00	5.370129311862e+00	4.661501205312e-01	4.705938053253e-03	6.439213452979e-06	2.927512469279e-09
7.350000000000e-01	1.479931051922e-36	1.369071703094e-19	3.151913947732e-09	2.397897293563e-03	1.434059152448e+00	5.408318095541e+00	4.885440547939e-01	5.091556701573e-03	7.147178436488e-06	3.316907559124e-09
7.362500000000e-01	9.611054308433e-37	1.020462775183e-19	2.609944789076e-09	2.153904263852e-03	1.372765370695e+00	5.443691584577e+00	5.117541373066e-01	5.506259523795e-03	7.929704704567e-06	3.756685780249e-09
7.375000000000e-01	6.234735451876e-37	7.598964775344e-20	2.159382989038e-09	1.933340646307e-03	1.313253658816e+00	5.476191139585e+00	5.357950416778e-01	5.952021386080e-03	8.794273982991e-06	4.253175095969e-09
7.387500000000e-01	4.040010374083e-37	5.653247344210e-20	1.785128231945e-09	1.734109567382e-03	1.255520992236e+00	5.505762655713e+00	5.606808410645e-01	6.430933264412e-03	9.749078237647e-06	4.813473020029e-09
7.400000000000e-01	2.614955969773e-37	4.201727034860e-20	1.474519594842e-09	1.554285710098e-03	1.199561151033e+00	5.532356712711e+00	5.864249507598e-01	6.945207672938e-03	1.080308284264e-05	5.445536958601e-09
7.412500000000e-01	1.690689017824e-37	3.119923708641e-20	1.216950925243e-09	1.392102909548e-03	1.145364875889e+00	5.555928712545e+00	6.130400698055e-01	7.497184241955e-03	1.196609493759e-05	6.158284752308e-09
7.425000000000e-01	1.091894134810e-37	2.314442551589e-20	1.003545272426e-09	1.245942485928e-03	1.092920026609e+00	5.576439004008e+00	6.405381217668e-01	8.089335441696e-03	1.324883735891e-05	6.961706520653e-09
7.437500000000e-01	7.043926006730e-38	1.715280411210e-20	8.268795678823e-10	1.114322286502e-03	1.042211742499e+00	5.593852993866e+00	6.689301948137e-01	8.724272447287e-03	1.466302855485e-05	7.866989024552e-09
7.450000000000e-01	4.539065898683e-38	1.270018777610e-20	6.807520207388e-10	9.958864075125e-04	9.932226039197e-01	5.608141244074e+00	6.982264812652e-01	9.404751139403e-03	1.622146891960e-05	8.886653887008e-09
7.462500000000e-01	2.921700138741e-38	9.394451919861e-21	5.599857876539e-10	8.893955668172e-04	9.459327943681e-01	5.619279554704e+00	7.284362167596e-01	1.013367823427e-02	1.793813400951e-05	1.003471114829e-08
7.475000000000e-01	1.878547777327e-38	6.942550470131e-21	4.602634173183e-10	7.937180980036e-04	9.003202624413e-01	5.627249032244e+00	7.595676192235e-01	1.091411753572e-02	1.982827513265e-05	1.132682978137e-08
7.487500000000e-01	1.206497147370e-38	5.125697059517e-21	3.779873778313e-10	7.078215368492e-04	8.563608830972e-01	5.632036143000e+00	7.916278278204e-01	1.174929630105e-02	2.190852783304e-05	1.278052695690e-08
7.500000000000e-01	7.740121969419e-39	3.780707820423e-21	3.101626687259e-10	6.307647712800e-04	8.140286176358e-01	5.633632751393e+00	8.246228420676e-01	1.264261171139e-02	2.419702882203e-05	1.441537802636e-08
7.512500000000e-01	4.960058057455e-39	2.785990223742e-21	2.542981139374e-10	5.616907263722e-04	7.732956718707e-01	5.632036143000e+00	8.585574613183e-01	1.359763743627e-02	2.671354194202e-05	1.625324938753e-08
7.525000000000e-01	3.174995879947e-39	2.051031603302e-21	2.083234410955e-10	4.998195564600e-04	7.341326519853e-01	5.627249032244e+00	8.934352248113e-01	1.461813028087e-02	2.947959378177e-05	1.831855661114e-08
7.537500000000e-01	2.030098090779e-39	1.508521165622e-21	1.705196879875e-10	4.444423170196e-04	6.965087176102e-01	5.619279554704e+00	9.292583524991e-01	1.570803690350e-02	3.251861959803e-05	2.063855044139e-08
7.550000000000e-01	1.296606904899e-39	1.108451653147e-21	1.394608491327e-10	3.949150896954e-04	6.603917316885e-01	5.608141244074e+00	9.660276868692e-01	1.687150058929e-02	3.585612023492e-05	2.324363353903e-08
7.562500000000e-01	8.272124990179e-40	8.137076415635e-22	1.139649930018e-10	3.506535345940e-04	6.257484067338e-01	5.593852993866e+00	1.003742635980e+00	1.811286806533e-02	3.951983077135e-05	2.616771111458e-08
7.575000000000e-01	5.271610281423e-40	5.967690964418e-22	9.305335120684e-11	3.111278447925e-04	5.925444471211e-01	5.576439004008e+00	1.042401117936e+00	1.943669634089e-02	4.353990166588e-05	2.944857890437e-08
7.587500000000e-01	3.355729573865e-40	4.372507343694e-22	7.591611162557e-11	2.758580788720e-04	5.607446870858e-01	5.555928712545e+00	1.081999507035e+00	2.084775955510e-02	4.794909321012e-05	3.312835227378e-08
7.600000000000e-01	2.133772260584e-40	3.200671196465e-22	6.188384365273e-11	2.444098481888e-04	5.303132241432e-01	5.532356712711e+00	1.122532581811e+00	2.235105581330e-02	5.278298414432e-05	3.725394059458e-08
7.612500000000e-01	1.355272496843e-40	2.340657487101e-22	5.040365054889e-11	2.163903365203e-04	5.012135476738e-01	5.505762655713e+00	1.163993475218e+00	2.395181399183e-02	5.808019533248e-05	4.187757143715e-08
7.625000000000e-01	8.598498816384e-41	1.710097863847e-22	4.101928545267e-11	1.914446306694e-04	4.734086624568e-01	5.476191139585e+00	1.206373627183e+00	2.565550048967e-02	6.388262944017e-05	4.705736954818e-08
7.637500000000e-01	5.449242023126e-41	1.248217748146e-22	3.335458771186e-11	1.692523415613e-04	4.468612069645e-01	5.443691584577e+00	1.249662739763e+00	2.746782590381e-02	7.023572760461e-05	5.285799605119e-08
7.650000000000e-01	3.449586257382e-41	9.102192876430e-23	2.709969793159e-11	1.495244963251e-04	4.215335662674e-01	5.408318095541e+00	1.293848735149e+00	2.939475160427e-02	7.718874413463e-05	5.935135381527e-08
7.662500000000e-01	2.181299859916e-41	6.631137086540e-23	2.199959624617e-11	1.320006828044e-04	3.973879794280e-01	5.370129311862e+00	1.338917716742e+00	3.144249618267e-02	8.479504032738e-05	6.661736548963e-08
7.675000000000e-01	1.377784150569e-41	4.826321739385e-23	1.784458112208e-11	1.164464288848e-04	3.743866412934e-01	5.329188245523e+00	1.384853933536e+00	3.361754174733e-02	9.311239853897e-05	7.474483130080e-08
7.687500000000e-01	8.692895284916e-42	3.509383466066e-23	1.446236748452e-11	1.026507999553e-04	3.524917986257e-01	5.285562107910e+00	1.431639748036e+00	3.592664003630e-02	1.022033576975e-04	8.383237436062e-08
7.700000000000e-01	5.478544105312e-42	2.549362967059e-23	1.171153483492e-11	9.042419873518e-05	3.316658405393e-01	5.239322126048e+00	1.479255607926e+00	3.837681831829e-02	1.121355714996e-04	9.398948193893e-08
7.712500000000e-01	3.448921638633e-42	1.850200575120e-23	9.476099747719e-12	7.959635258756e-05	3.118713832356e-01	5.190543348947e+00	1.527680021722e+00	4.097538505001e-02	1.229821905847e-04	1.053376519208e-07
7.725000000000e-01	2.168797192664e-42	1.341504834373e-23	7.661023945485e-12	7.001447430631e-05	2.930713490577e-01	5.139304444813e+00	1.576889538591e+00	4.372993525747e-02	1.348222700346e-04	1.180116544979e-07
7.737500000000e-01	1.362297652749e-42	9.717442157059e-24	6.188500112503e-12	6.154158320664e-05	2.752290399041e-01	5.085687489878e+00	1.626858732563e+00	4.664835560684e-02	1.477412036024e-04	1.321609200416e-07
7.750000000000e-01	8.547567218950e-43	7.032309526629e-24	4.994883620518e-12	5.405497415840e-05	2.583082050687e-01	5.029777749654e+00	1.677560191318e+00	4.973882912975e-02	1.618311861268e-04	1.479510650794e-07
7.762500000000e-01	5.357109110046e-43	5.084289640050e-24	4.028160175301e-12	4.744482298400e-05	2.422731035885e-01	4.971663453403e+00	1.728964509728e+00	5.300983956636e-02	1.771917056466e-04	1.655655693458e-07
7.775000000000e-01	3.353790340329e-43	3.672390712313e-24	3.245857701019e-12	4.161291739270e-05	2.270885612047e-01	4.911435562690e+00	1.781040288323e+00	5.647017528836e-02	1.939300667827e-04	1.852076180205e-07
7.787500000000e-01	2.097291408347e-43	2.650048175254e-24	2.613326115227e-12	3.647150334154e-05	2.127200220562e-01	4.849187534834e+00	1.833754136857e+00	6.012893276311e-02	2.121619470117e-04	2.071021244891e-07
7.800000000000e-01	1.310083860889e-43	1.910490794317e-24	2.102321480148e-12	3.194223739829e-05	1.991335952404e-01	4.785015082133e+00	1.887070683088e+00	6.399551951880e-02	2.320119875101e-04	2.314979502962e-07
7.812500000000e-01	8.174418456531e-44	1.376012633770e-24	1.689841743346e-12	2.795523633493e-05	1.862960963917e-01	4.719015927726e+00	1.940952586933e+00	6.807965656979e-02	2.536144203012e-04	2.586703403849e-07
7.825000000000e-01	5.094858019536e-44	9.901162424409e-25	1.357170239299e-12	2.444821580040e-05	1.741750844382e-01	4.651289558958e+00	1.995360560091e+00	7.239138026032e-02	2.771137334929e-04	2.889235932678e-07
7.837500000000e-01	3.171938485994e-44	7.117643638781e-25	1.089090596894e-12	2.136571050844e-05	1.627388937084e-01	4.581936979105e+00	2.050253391248e+00	7.694104348394e-02	3.026653764429e-04	3.225939874328e-07
7.850000000000e-01	1.972581144466e-44	5.111785093266e-25	8.732429262897e-13	1.865836893263e-05	1.519566615693e-01	4.511060458337e+00	2.105587976933e+00	8.173931623533e-02	3.304365067435e-04	3.600529870839e-07
7.862500000000e-01	1.225356472543e-44	3.667711996075e-25	6.995963442579e-13	1.628231602425e-05	1.417983517841e-01	4.438763284758e+00	2.161319358098e+00	8.679718545085e-02	3.606067809626e-04	4.017107522444e-07
7.875000000000e-01	7.603393573285e-45	2.629082146247e-25	5.600172100797e-13	1.419857796256e-05	1.322347737839e-01	4.365149516361e+00	2.217400762458e+00	9.212595409337e-02	3.933691911282e-04	4.480199803265e-07
7.887500000000e-01	4.712701625439e-45	1.882779139325e-25	4.479160277872e-13	1.237256341042e-05	1.232375980534e-01	4.290323734730e+00	2.273783652629e+00	9.773723943708e-02	4.289309489858e-04	4.994801085023e-07
7.900000000000e-01	2.917762025074e-45	1.347041237947e-25	3.579589452111e-13	1.077359618317e-05	1.147793678325e-01	4.214390801281e+00	2.330417780045e+00	1.036429705073e-01	4.675144200999e-04	5.566419086089e-07
7.912500000000e-01	1.804459926104e-45	9.628279666084e-26	2.858322470220e-13	9.374494645468e-06	1.068335073403e-01	4.137455616830e+00	2.387251244673e+00	1.098553846312e-01	5.093581099109e-04	6.201125088934e-07
7.925000000000e-01	1.114710433661e-45	6.875476360973e-26	2.280502824079e-13	8.151193531145e-06	9.937432672642e-02	4.059622885238e+00	2.444230560454e+00	1.163870230541e-01	5.547177038887e-04	6.905608796671e-07
7.937500000000e-01	6.878509497348e-46	4.905047096436e-26	1.817989591751e-13	7.082404235360e-06	9.237702395672e-02	3.980996881854e+00	2.501300726433e+00	1.232507255785e-01	6.038671639605e-04	7.687238228979e-07
7.950000000000e-01	4.239787273999e-46	3.495987424486e-26	1.448083342343e-13	6.149309958724e-06	8.581768383814e-02	3.901681227452e+00	2.558405303493e+00	1.304596241809e-01	6.570998834079e-04	8.554125089423e-07
7.962500000000e-01	2.610425139478e-46	2.489332066144e-26	1.152489852596e-13	5.335292389518e-06	7.967327438634e-02	3.821778668321e+00	2.615486496583e+00	1.380271355656e-01	7.147299024558e-04	9.515196070201e-07
7.975000000000e-01	1.605446619779e-46	1.770851309124e-26	9.164780118644e-14	4.625686894824e-06	7.392164073633e-02	3.741390863125e+00	2.672485242329e+00	1.459669526116e-01	7.770931867840e-04	1.058027059666e-06
7.987500000000e-01	9.862748244688e-47	1.258541821764e-26	7.281961468888e-14	4.007563454930e-06	6.854149679292e-02	3.660618177120e+00	2.729341301868e+00	1.542930346731e-01	8.445489712029e-04	1.176014555283e-06
8.000000000000e-01	6.052258590296e-47	8.935924660275e-27	5.781174662104e-14	3.469530819194e-06	6.351241481377e-02	3.579559484268e+00	2.785993358743e+00	1.630195966952e-01	9.174811707332e-04	1.306668757079e-06
8.012500000000e-01	3.709833803225e-47	6.338662621595e-27	4.585906456171e-14	3.001561586601e-06	5.881481311233e-02	3.498311977740e+00	2.842379121666e+00	1.721610971056e-01	9.962998613243e-04	1.451293351103e-06
8.025000000000e-01	2.271479822057e-47	4.492023988246e-27	3.634759497270e-14	2.594836121823e-06	5.442994206295e-02	3.416970989281e+00	2.898435431940e+00	1.817322244481e-01	1.081442832430e-03	1.611319980830e-06
8.037500000000e-01	1.389251143689e-47	3.180334411885e-27	2.878508759997e-14	2.241603408625e-06	5.033986858415e-02	3.335629817832e+00	2.954098375300e+00	1.917478827226e-01	1.173377213631e-03	1.788320140796e-06
8.050000000000e-01	8.487310550512e-48	2.249519704359e-27	2.277722532450e-14	1.935057118088e-06	4.652745926968e-02	3.254379567782e+00	3.009303397926e+00	2.022231754034e-01	1.272601177472e-03	1.984018107174e-06
8.062500000000e-01	5.179369251547e-48	1.589619225092e-27	1.800841406970e-14	1.669225330346e-06	4.297636233020e-02	3.173308997169e+00	3.063985426351e+00	2.131733881032e-01	1.379645720618e-03	2.200304988879e-06
8.075000000000e-01	3.157192813888e-48	1.122232141651e-27	1.422628500164e-14	1.438872496272e-06	3.967098850140e-02	3.092504376102e+00	3.118078990964e+00	2.246139698610e-01	1.495076525395e-03	2.439253988938e-06
8.087500000000e-01	1.922395705739e-48	7.915139824672e-28	1.122920289631e-14	1.239412360825e-06	3.659649106697e-02	3.012049355631e+00	3.171518352811e+00	2.365605130279e-01	1.619495903705e-03	2.703136972281e-06
8.100000000000e-01	1.169235304712e-48	5.577258462364e-28	8.856206620306e-15	1.066830693395e-06	3.373874513737e-02	2.932024847248e+00	3.224237633348e+00	2.490287317343e-01	1.753544825228e-03	2.994442443057e-06
8.112500000000e-01	7.103600080099e-49	3.926171286623e-28	6.978915481414e-15	9.176167833242e-07	3.108432631781e-02	2.852508913145e+00	3.276170946815e+00	2.620344389211e-01	1.897905031731e-03	3.315895041838e-06
8.125000000000e-01	4.310945547520e-49	2.761239044128e-28	5.495023125410e-15	7.887027616846e-07	2.862048889109e-02	2.773576667325e+00	3.327252534853e+00	2.755935219231e-01	2.053301239179e-03	3.670476680853e-06
8.137500000000e-01	2.613268427772e-49	1.940104220743e-28	4.323072284606e-15	6.774099040286e-07	2.633514363327e-02	2.695300187604e+00	3.377416903009e+00	2.897219165984e-01	2.220503429269e-03	4.061449443630e-06
8.150000000000e-01	1.582387911335e-49	1.361859820492e-28	3.398261985242e-15	5.814011540064e-07	2.421683537256e-02	2.617748438515e+00	3.426598958721e+00	3.044355799994e-01	2.400329231796e-03	4.492380384089e-06
8.162500000000e-01	9.571044643171e-50	9.550498593528e-29	2.669086228151e-15	4.986391850608e-07	2.225472039406e-02	2.540987205046e+00	3.474734150396e+00	3.197504615857e-01	2.593646399188e-03	4.967168369373e-06
8.175000000000e-01	5.782600348128e-50	6.691230252314e-29	2.094641669024e-15	4.273493875428e-07	2.043854378558e-02	2.465079037163e+00	3.521758607165e+00	3.356824729883e-01	2.801375374302e-03	5.490073120453e-06
8.187500000000e-01	3.489831550562e-50	4.683518025278e-29	1.642473080123e-15	3.659872321111e-07	1.875861681238e-02	2.390083204960e+00	3.567609278903e+00	3.522474563321e-01	3.024491952435e-03	6.065746614805e-06
8.200000000000e-01	2.103793950112e-50	3.275101085894e-29	1.286850717247e-15	3.132095177387e-07	1.720579440142e-02	2.316055664301e+00	3.612224076076e+00	3.694611511368e-01	3.264030038282e-03	6.699267026344e-06
8.212500000000e-01	1.266833063556e-50	2.288039478688e-29	1.007394243318e-15	2.678490645691e-07	1.577145280875e-02	2.243049032736e+00	3.655542009004e+00	3.873391598163e-01	3.521084498323e-03	7.396175389267e-06
8.225000000000e-01	7.619965903347e-51	1.596940039565e-29	7.879744718392e-16	2.288924587173e-07	1.444746753671e-02	2.171112575473e+00	3.697503326086e+00	4.058969118041e-01	3.796814108912e-03	8.162515184519e-06
8.237500000000e-01	4.578298628502e-51	1.113525066582e-29	6.158376237166e-16	1.954604983397e-07	1.322619156136e-02	2.100292201136e+00	3.738049650560e+00	4.251496263399e-01	4.092444600053e-03	9.004875060316e-06
8.250000000000e-01	2.747721149038e-51	7.757069409257e-30	4.809076385873e-16	1.667910283164e-07	1.210043392380e-02	2.030630467012e+00	3.777124115372e+00	4.451122739546e-01	4.409271794555e-03	9.930434911534e-06
8.262500000000e-01	1.647246701523e-51	5.398606194749e-30	3.752308350474e-16	1.422238850742e-07	1.106343873336e-02	1.962166593469e+00	3.814671495696e+00	4.657995367013e-01	4.748664841962e-03	1.094701555685e-05
8.275000000000e-01	9.864204953853e-52	3.753633890484e-30	2.925342707539e-16	1.211877037857e-07	1.010886462461e-02	1.894936487204e+00	3.850638338695e+00	4.872257671835e-01	5.112069546310e-03	1.206313226725e-05
8.287500000000e-01	5.900420707485e-52	2.607404832445e-30	2.278748366787e-16	1.031883677217e-07	9.230764704776e-03	1.828972772930e+00	3.884973090091e+00	5.094049464382e-01	5.501011786425e-03	1.328805241501e-05
8.300000000000e-01	3.525504881220e-52	1.809469687987e-30	1.773606927560e-16	8.779890422157e-08	8.423567022868e-03	1.764304833139e+00	3.917626217117e+00	5.323506407401e-01	5.917101027073e-03	1.463185752850e-05
8.312500000000e-01	2.104152016833e-52	1.254528263519e-30	1.379303282097e-16	7.465065383563e-08	7.682055586934e-03	1.700958855507e+00	3.948550327457e+00	5.560759573973e-01	6.362033918891e-03	1.610551005514e-05
8.325000000000e-01	1.254441334134e-52	8.689521848507e-31	1.071774820916e-16	6.342555894851e-08	7.001351951203e-03	1.638957887535e+00	3.977700283760e+00	5.805934996159e-01	6.837597984605e-03	1.772092515259e-05
8.337500000000e-01	7.470351710114e-53	6.013088566936e-31	8.321252827616e-17	5.384943583067e-08	6.376897390599e-03	1.578321897977e+00	4.005033313346e+00	6.059153205196e-01	7.345675388578e-03	1.949104784676e-05
8.350000000000e-01	4.443745654177e-53	4.157053496140e-31	6.455282787870e-17	4.568610980232e-08	5.804435676037e-03	1.519067844609e+00	4.030509112741e+00	6.320528764132e-01	7.888246786261e-03	2.142993591471e-05
8.362500000000e-01	2.640430787819e-53	2.871176678779e-31	5.003607261547e-17	3.873230721490e-08	5.279996460178e-03	1.461209747882e+00	4.054089946664e+00	6.590169793898e-01	8.467395249654e-03	2.355284887068e-05
8.375000000000e-01	1.567176220640e-53	1.981164392547e-31	3.875185916971e-17	3.281321043666e-08	4.799879279860e-03	1.404758770000e+00	4.075740741145e+00	6.868177493830e-01	9.085310264302e-03	2.587634345428e-05
8.387500000000e-01	9.291339498792e-54	1.365738025792e-31	2.998770703755e-17	2.777859312565e-08	4.360638178251e-03	1.349723298947e+00	4.095429170437e+00	7.154645657766e-01	9.744291792888e-03	2.841837604211e-05
8.400000000000e-01	5.502452163083e-54	9.405904843728e-32	2.318650885746e-17	2.349946292947e-08	3.959066946830e-03	1.296109037003e+00	4.113125737431e+00	7.449660186872e-01	1.044675439984e-02	3.119841242652e-05
8.412500000000e-01	3.255005094243e-54	6.471724956489e-32	1.791302175471e-17	1.986514749557e-08	3.592184984692e-03	1.243919093271e+00	4.128803847296e+00	7.753298600417e-01	1.119523143085e-02	3.423754542873e-05
8.425000000000e-01	1.923377450775e-54	4.448625166930e-32	1.382750203524e-17	1.678076742593e-08	3.257223770243e-03	1.193154079762e+00	4.142439874070e+00	8.065629545788e-01	1.199237924051e-02	3.755862083834e-05
8.437500000000e-01	1.135258646530e-54	3.055046808056e-32	1.066497878704e-17	1.416504667088e-08	2.951613938223e-03	1.143812210567e+00	4.154013219988e+00	8.386712309075e-01	1.284098146079e-02	4.118637219589e-05
8.450000000000e-01	6.693335079510e-55	2.096023823786e-32	8.218974784087e-18	1.194841692506e-08	2.672972953055e-03	1.095889403662e+00	4.163506367331e+00	8.716596327623e-01	1.374395330217e-02	4.514756496193e-05
8.462500000000e-01	3.941919638669e-55	1.436682666882e-32	6.328731738822e-18	1.007137794941e-08	2.419093367835e-03	1.049379384904e+00	4.170904922605e+00	9.055320705983e-01	1.470434587887e-02	4.947115064238e-05
8.475000000000e-01	2.318944828782e-55	9.838112430103e-33	4.869194397804e-18	8.483080474107e-09	2.187931656790e-03	1.004273793784e+00	4.176197652914e+00	9.402913736761e-01	1.572535054875e-02	5.418843146813e-05
8.487500000000e-01	1.362669441247e-55	6.730525937353e-33	3.743164619584e-18	7.140102508975e-09	1.977597607712e-03	9.605622904942e-01	4.179376514371e+00	9.759392427883e-01	1.681030325774e-02	5.933323625527e-05
8.500000000000e-01	7.998491133575e-56	4.600155523837e-33	2.875160729627e-18	6.005393561228e-09	1.786344259829e-03	9.182326639246e-01	4.180436672478e+00	1.012476203785e+00	1.796268887796e-02	6.494210810152e-05
8.512500000000e-01	4.689678484511e-56	3.141104021787e-33	2.206615761311e-18	5.047364492936e-09	1.612558371587e-03	8.772709401644e-01	4.179376514371e+00	1.049901562059e+00	1.918614552819e-02	7.105450460471e-05
8.525000000000e-01	2.746600669031e-56	2.142784097635e-33	1.692125970468e-18	4.239103591294e-09	1.454751402094e-03	8.376614911423e-01	4.176197652914e+00	1.088213358153e+00	2.048446886400e-02	7.771301131991e-05
8.537500000000e-01	1.606813323777e-56	1.460362936224e-33	1.296522485929e-18	3.557701919261e-09	1.311550989349e-03	7.993871430296e-01	4.170904922605e+00	1.127408324656e+00	2.186161632496e-02	8.496356920310e-05
8.550000000000e-01	9.389722934669e-57	9.943275695141e-34	9.925875022969e-19	2.983673202063e-09	1.181692907912e-03	7.624292840608e-01	4.163506367331e+00	1.167481844555e+00	2.332171132468e-02	9.285571682165e-05
8.562500000000e-01	5.480971975513e-57	6.763701797690e-34	7.592747181834e-19	2.500455422295e-09	1.064013488333e-03	7.267679714381e-01	4.154013219988e+00	1.208427911216e+00	2.486904736941e-02	1.014428481442e-04
8.575000000000e-01	3.195801792393e-57	4.596483593197e-34	5.803239082410e-19	2.093982974703e-09	9.574424804290e-04	6.923820370070e-01	4.142439874070e+00	1.250239090153e+00	2.650809208968e-02	1.107824867559e-04
8.587500000000e-01	1.861313559070e-57	3.120708962983e-34	4.431832867318e-19	1.752319699422e-09	8.609963423914e-04	6.592491914084e-01	4.128803847296e+00	1.292906482770e+00	2.824349116887e-02	1.209365773786e-04
8.600000000000e-01	1.082870933955e-57	2.116738036871e-34	3.381720203139e-19	1.465344394804e-09	7.737719376929e-04	6.273461264338e-01	4.113125737431e+00	1.336419692236e+00	3.008007215196e-02	1.319717956090e-04
8.612500000000e-01	6.292906845607e-58	1.434390008030e-34	2.578299458218e-19	1.224481530061e-09	6.949406218290e-04	5.966486153285e-01	4.095429170437e+00	1.380766791665e+00	3.202284811660e-02	1.439598768233e-04
8.625000000000e-01	3.652946903571e-58	9.710770274165e-35	1.964130907765e-19	1.022470853879e-09	6.237427010891e-04	5.671316108073e-01	4.075740741145e+00	1.425934294770e+00	3.407702118826e-02	1.569779652292e-04
8.637500000000e-01	2.118131247012e-58	6.567898019499e-35	1.495026495260e-19	8.531704451368e-10	5.594822457754e-04	5.387693405698e-01	4.054089946664e+00	1.471907129147e+00	3.624798588032e-02	1.711089840831e-04
8.650000000000e-01	1.226817111916e-58	4.437980739257e-35	1.137021655339e-19	7.113884916362e-10	5.015222405724e-04	5.115354001206e-01	4.030509112741e+00	1.518668612369e+00	3.854133223919e-02	1.864420281214e-04
8.662500000000e-01	7.097807775444e-59	2.995923481882e-35	8.640322844745e-20	5.927397258463e-10	4.492800551113e-04	4.854028427185e-01	4.005033313346e+00	1.566200431029e+00	4.096284877391e-02	2.030727792942e-04
8.675000000000e-01	4.101909672347e-59	2.020516086690e-35	6.560434310578e-20	4.935230052580e-10	4.022232181626e-04	4.603442663024e-01	3.977700283760e+00	1.614482622891e+00	4.351852514914e-02	2.211039469167e-04
8.687500000000e-01	2.367911148502e-59	1.361382613027e-35	4.977102668852e-20	4.106170096186e-10	3.598654793175e-04	4.363318972579e-01	3.948550327457e+00	1.663493562308e+00	4.621455461956e-02	2.406457333944e-04
8.700000000000e-01	1.365407117866e-59	9.163985187217e-36	3.772784463976e-20	3.413914474853e-10	3.217631424782e-04	4.133376709072e-01	3.917626217117e+00	1.713209949040e+00	4.905733618327e-02	2.618163267046e-04
8.712500000000e-01	7.864595189679e-60	6.162754237635e-36	2.857516703077e-20	2.836315284184e-10	2.875116559707e-04	3.913333086272e-01	3.884973090091e+00	1.763606800598e+00	5.205347643113e-02	2.847424208538e-04
8.725000000000e-01	4.524890090950e-60	4.140488770462e-36	2.162504139465e-20	2.354737719747e-10	2.567424446004e-04	3.702903915149e-01	3.850638338695e+00	1.814657448272e+00	5.520979106860e-02	3.095597655588e-04
8.737500000000e-01	2.600501727888e-60	2.779167131768e-36	1.635183531086e-20	1.953514968130e-10	2.291199695019e-04	3.501804305387e-01	3.814671495696e+00	1.866333536930e+00	5.853330608586e-02	3.364137464296e-04
8.750000000000e-01	1.492875907174e-60	1.863648526607e-36	1.235428024247e-20	1.619485682483e-10	2.043390021738e-04	3.309749331299e-01	3.777124115372e+00	1.918605028723e+00	6.203125855190e-02	3.654599969621e-04
8.762500000000e-01	8.560669336031e-61	1.248531912368e-36	9.326308558797e-21	1.341601853638e-10	1.821220996388e-04	3.126454661874e-01	3.738049650560e+00	1.971440210791e+00	6.571109700775e-02	3.968650436743e-04
8.775000000000e-01	4.903533944526e-61	8.356445326250e-37	7.034666259926e-21	1.110596635742e-10	1.622172682208e-04	2.951637154793e-01	3.697503326086e+00	2.024805707059e+00	6.958048143361e-02	4.308069857448e-04
8.787500000000e-01	2.805615164754e-61	5.587657739180e-37	5.301742174490e-21	9.187031904788e-11	1.443958039853e-04	2.785015414454e-01	3.655542009004e+00	2.078666494214e+00	7.364728276461e-02	4.674762105370e-04
8.800000000000e-01	1.603483388479e-61	3.732710500084e-37	3.992409651835e-21	7.594169089224e-11	1.284502984414e-04	2.626310314131e-01	3.612224076076e+00	2.132985921917e+00	7.791958192963e-02	5.070761464109e-04
8.812500000000e-01	9.154155397474e-62	2.491180019927e-37	3.003951917123e-21	6.272944831306e-11	1.141927986496e-04	2.475245482566e-01	3.567609278903e+00	2.187725737335e+00	8.240566838759e-02	5.498240542447e-04
8.825000000000e-01	5.220228899071e-62	1.661009847947e-37	2.258355169141e-21	5.177842554706e-11	1.014531114161e-04	2.331547755380e-01	3.521758607165e+00	2.242846114013e+00	8.711403813544e-02	5.959518591017e-04
8.837500000000e-01	2.973570661273e-62	1.106434207338e-37	1.696418103096e-21	4.270830937364e-11	9.007724178953e-05	2.194947591828e-01	3.474734150396e+00	2.298305685131e+00	9.205339116249e-02	6.457070234916e-04
8.850000000000e-01	1.691937944465e-62	7.363177550208e-38	1.273253679311e-21	3.520157430803e-11	7.992595658653e-05	2.065179457505e-01	3.426598958721e+00	2.354061581175e+00	9.723262832554e-02	6.993534636834e-04
8.862500000000e-01	9.616300984208e-63	4.895434487839e-38	9.548570709409e-22	2.899332077679e-11	7.087346418490e-05	1.941982173727e-01	3.377416903009e+00	2.410069472009e+00	1.026608476198e-01	7.571725105299e-04
8.875000000000e-01	5.459452808691e-63	3.251647843392e-38	7.154893675147e-22	2.386272308263e-11	6.280620230843e-05	1.825099234378e-01	3.327252534853e+00	2.466283613358e+00	1.083473398205e-01	8.194639162687e-04
8.887500000000e-01	3.096047643462e-63	2.157754636478e-38	5.356848787688e-22	1.962583799315e-11	5.562172600656e-05	1.714279091103e-01	3.276170946815e+00	2.522656897671e+00	1.143015834719e-01	8.865469087552e-04
8.900000000000e-01	1.753814291121e-63	1.430496842837e-38	4.007347253679e-22	1.612956238906e-11	4.922768849004e-05	1.609275407798e-01	3.224237633348e+00	2.579140909326e+00	1.205332391983e-01	9.587612945786e-04
8.912500000000e-01	9.923777642477e-64	9.474537966746e-39	2.995338818798e-22	1.324656049034e-11	4.354090792701e-05	1.509847285403e-01	3.171518352811e+00	2.635685984137e+00	1.270521433158e-01	1.036468612494e-03
8.925000000000e-01	5.609031710339e-64	6.269248271765e-39	2.237053236546e-22	1.087100852901e-11	3.848651372921e-05	1.415759458060e-01	3.118078990964e+00	2.692241273079e+00	1.338683007215e-01	1.120053338590e-03
8.937500000000e-01	3.166767771650e-64	4.144376371738e-39	1.669352573885e-22	8.915028031170e-12	3.399716626607e-05	1.326782461739e-01	3.063985426351e+00	2.748754810165e+00	1.409918770393e-01	1.209924144572e-03
8.950000000000e-01	1.785919948070e-64	2.737090773872e-39	1.244690027393e-22	7.305698692951e-12	3.001234433446e-05	1.242692776493e-01	3.009303397926e+00	2.805173584367e+00	1.484331900017e-01	1.306515210533e-03
8.962500000000e-01	1.006063077145e-64	1.805949093425e-39	9.272903408656e-23	5.982558686748e-12	2.647769508410e-05	1.163272943493e-01	2.954098375300e+00	2.861443615474e+00	1.562027000493e-01	1.410287593512e-03
8.975000000000e-01	5.661165918365e-65	1.190441611746e-39	6.902583185316e-23	4.895514548423e-12	2.334444145325e-05	1.088311658059e-01	2.898435431940e+00	2.917510033763e+00	1.643110001294e-01	1.521730653128e-03
8.987500000000e-01	3.182028073697e-65	7.839655627697e-40	5.133918257561e-23	4.003094943532e-12	2.056884250597e-05	1.017603839905e-01	2.842379121666e+00	2.973317163330e+00	1.727688046780e-01	1.641363535489e-03
9.000000000000e-01	1.786568123815e-65	5.157891048643e-40	3.815290727648e-23	3.270992910426e-12	1.811170238194e-05	9.509506818033e-02	2.785993358743e+00	3.028808608935e+00	1.815869377700e-01	1.769736716556e-03
9.012500000000e-01	1.001965125312e-65	3.390264906473e-40	2.833007418627e-23	2.670849903253e-12	1.593792387194e-05	8.881596779177e-02	2.729341301868e+00	3.083927346187e+00	1.907763204251e-01	1.907433606012e-03
9.025000000000e-01	5.613103895169e-66	2.226288258273e-40	2.101886078215e-23	2.179242342601e-12	1.401610291824e-05	8.290446330246e-02	2.672485242329e+00	3.138615814872e+00	2.003479570577e-01	2.055072212678e-03
9.037500000000e-01	3.141022205115e-66	1.460546704209e-40	1.558159897595e-23	1.776837626228e-12	1.231816060816e-05	7.734256538434e-02	2.615486496583e+00	3.192816015252e+00	2.103129210616e-01	2.213306872356e-03
9.050000000000e-01	1.755724554537e-66	9.572729652019e-41	1.154134062957e-23	1.447691828264e-12	1.081900948319e-05	7.211291236868e-02	2.558405303493e+00	3.246469607086e+00	2.206823395232e-01	2.382830038939e-03
9.062500000000e-01	9.803004678413e-67	6.268194016636e-41	8.541652170776e-24	1.178665768856e-12	9.496251224380e-06	6.719876616240e-02	2.501300726433e+00	3.299518011185e+00	2.314673770561e-01	2.564374139489e-03
9.075000000000e-01	5.467382865889e-67	4.100486238691e-41	6.316389353793e-24	9.589398922013e-13	8.329902998462e-06	6.258400673295e-02	2.444230560454e+00	3.351902513232e+00	2.426792187577e-01	2.758713493861e-03
9.087500000000e-01	3.045911043358e-67	2.679875254852e-41	4.666994516329e-24	7.796115559256e-13	7.302149959089e-06	5.825312527666e-02	2.387251244673e+00	3.403564369646e+00	2.543290522846e-01	2.966666299336e-03
9.100000000000e-01	1.695010505117e-67	1.749766469997e-41	3.445458914252e-24	6.333609992733e-13	6.397121593450e-06	5.419121618259e-02	2.330417780045e+00	3.454444915208e+00	2.664280490515e-01	3.189096680582e-03
9.112500000000e-01	9.422041730286e-68	1.141384296815e-41	2.541547597951e-24	5.141744989100e-13	5.600689787972e-06	5.038396790101e-02	2.273783652629e+00	3.504485672195e+00	2.789873445573e-01	3.426916805086e-03
9.125000000000e-01	5.231606891738e-68	7.438236590792e-42	1.873228716148e-24	4.171151047472e-13	4.900286657582e-06	4.681765282223e-02	2.217400762458e+00	3.553628460741e+00	2.920180178477e-01	3.681089064063e-03
9.137500000000e-01	2.901634014292e-68	4.842775921844e-42	1.379509682963e-24	3.381329298610e-13	4.284740342203e-06	4.347911626794e-02	2.161319358098e+00	3.601815510132e+00	3.055310701243e-01	3.952628318654e-03
9.150000000000e-01	1.607561566550e-68	3.149960098785e-42	1.015079569386e-24	2.739082954936e-13	3.744127122152e-06	4.035576469353e-02	2.105587976933e+00	3.648989570752e+00	3.195374025149e-01	4.242604211025e-03
9.162500000000e-01	8.896312831384e-69	2.046925433553e-42	7.463057840443e-25	2.217221443867e-13	3.269638341568e-06	3.743555319582e-02	2.050253391248e+00	3.695094026373e+00	3.340477930213e-01	4.552143539794e-03
9.175000000000e-01	4.917789419273e-69	1.328878526362e-42	5.482452977130e-25	1.793490671934e-13	2.853460756474e-06	3.470697241672e-02	1.995360560091e+00	3.740073006484e+00	3.490728726668e-01	4.882432698982e-03
9.187500000000e-01	2.715484079420e-69	8.618959433430e-43	4.024152315198e-25	1.449690661628e-13	2.488669042155e-06	3.215903492903e-02	1.940952586933e+00	3.783871498360e+00	3.646231008645e-01	5.234720179451e-03
9.200000000000e-01	1.497759366418e-69	5.584839302576e-43	2.951313149150e-25	1.170948319388e-13	2.169129303769e-06	2.978126118653e-02	1.887070683088e+00	3.826435458540e+00	3.807087400358e-01	5.610319131545e-03
9.212500000000e-01	8.251906111717e-70	3.615370563094e-43	2.162706383874e-25	9.451185364493e-14	1.889412534944e-06	2.756366511603e-02	1.833754136857e+00	3.867711923424e+00	3.973398295084e-01	6.010609987419e-03
9.225000000000e-01	4.541339421404e-70	2.338197789295e-43	1.583511489336e-25	7.622913672131e-14	1.644717062269e-06	2.549673942473e-02	1.781040288323e+00	3.907649118650e+00	4.145261587282e-01	6.437043141201e-03
9.237500000000e-01	2.496497281289e-70	1.510761696042e-43	1.158473923514e-25	6.143868180626e-14	1.430799099297e-06	2.357144069227e-02	1.728964509728e+00	3.946196566952e+00	4.322772398226e-01	6.891141684932e-03
9.250000000000e-01	1.370868139345e-70	9.752073737338e-44	8.468230943611e-26	4.948219357474e-14	1.243910612646e-06	2.177917431200e-02	1.677560191318e+00	3.983305194182e+00	4.506022795563e-01	7.374504197848e-03
9.262500000000e-01	7.519305311789e-71	6.289038875285e-44	6.185011501785e-26	3.982375118195e-14	1.080743775341e-06	2.011177934210e-02	1.626858732563e+00	4.018927433183e+00	4.695101507244e-01	7.888807586301e-03
9.275000000000e-01	4.119810175023e-71	4.051892119173e-44	4.513669093381e-26	3.202739048505e-14	9.383813491214e-07	1.856151332296e-02	1.576889538591e+00	4.053017325205e+00	4.890093630307e-01	8.435809971264e-03
9.287500000000e-01	2.254727922577e-71	2.608061090789e-44	3.291245734823e-26	2.573872981261e-14	8.142523985866e-07	1.712103711295e-02	1.527680021722e+00	4.085530618571e+00	5.091080335040e-01	9.017353620034e-03
9.300000000000e-01	1.232618072592e-71	1.677119226991e-44	2.397906742863e-26	2.066992183274e-14	7.060927959261e-07	1.578339979067e-02	1.479255607926e+00	4.116424864278e+00	5.298138565066e-01	9.635367918373e-03
9.312500000000e-01	6.731012072566e-72	1.077448218293e-44	1.745603707718e-26	1.658733915755e-14	6.119100262322e-07	1.454202366794e-02	1.431639748036e+00	4.145659508269e+00	5.511340733946e-01	1.029187237898e-02
9.325000000000e-01	3.671551789014e-72	6.915365969571e-45	1.269697924436e-26	1.330150500515e-14	5.299518501319e-07	1.339068945390e-02	1.384853933536e+00	4.173195980077e+00	5.730754418930e-01	1.098897968177e-02
9.337500000000e-01	2.000490061451e-72	4.434250474934e-45	9.227765526905e-27	1.065886610898e-14	4.586784231881e-07	1.232352160678e-02	1.338917716742e+00	4.198997777575e+00	5.956442052493e-01	1.172889874108e-02
9.350000000000e-01	1.088781137337e-72	2.840609699337e-45	6.700914537881e-27	8.535076118761e-15	3.967375104452e-07	1.133497390641e-02	1.293848735149e+00	4.223030547572e+00	6.188460612380e-01	1.251393779451e-02
9.362500000000e-01	5.919189297253e-73	1.817980420864e-45	4.861978057752e-27	6.829516483657e-15	3.429424699566e-07	1.041981527718e-02	1.249662739763e+00	4.245262162014e+00	6.426861310842e-01	1.334650750757e-02
9.375000000000e-01	3.214410369197e-73	1.162393383906e-45	3.524790401469e-27	5.460830337085e-15	2.962527113861e-07	9.573115887543e-03	1.206373627183e+00	4.265662789534e+00	6.671689283861e-01	1.422912408816e-02
9.387500000000e-01	1.743644170973e-73	7.425117809920e-46	2.553259679216e-27	4.363284957175e-15	2.557563650939e-07	8.790233549383e-03	1.163993475218e+00	4.284204962150e+00	6.922983281108e-01	1.516441240411e-02
9.400000000000e-01	9.447825313629e-74	4.738488813938e-46	1.847983392320e-27	3.483811409117e-15	2.206549237355e-07	8.066800437339e-03	1.122532581811e+00	4.300863636885e+00	7.180775357470e-01	1.615510909680e-02
9.412500000000e-01	5.113559313508e-74	3.021083036911e-46	1.336418651213e-27	2.779597193587e-15	1.902496425314e-07	7.398710145334e-03	1.081999507035e+00	4.315616252129e+00	7.445090566985e-01	1.720406568340e-02
9.425000000000e-01	2.764599285472e-74	1.924295466353e-46	9.656691990451e-28	2.216130133727e-15	1.639295062395e-07	6.782105094955e-03	1.042401117936e+00	4.328442778551e+00	7.715946660025e-01	1.831425163971e-02
9.437500000000e-01	1.492995626896e-74	1.224523552010e-46	6.971971736452e-28	1.765610166123e-15	1.411605906414e-07	6.213364307748e-03	1.003742635980e+00	4.339325764419e+00	7.993353784639e-01	1.948875745522e-02
9.450000000000e-01	8.053827628714e-75	7.784824389419e-47	5.029493410832e-28	1.405660851299e-15	1.214766642499e-07	5.689091551102e-03	9.660276868692e-01	4.348250375164e+00	8.277314192950e-01	2.073079765131e-02
9.462500000000e-01	4.339738647892e-75	4.944436336666e-47	3.625219073804e-28	1.118284860807e-15	1.044708920959e-07	5.206103865202e-03	9.292583524991e-01	4.355204427077e+00	8.567821953528e-01	2.204371375355e-02
9.475000000000e-01	2.335835592286e-75	3.137408365934e-47	2.610872454474e-28	8.890179065305e-16	8.978851803030e-08	4.761420476436e-03	8.934352248113e-01	4.360178415028e+00	8.864862670688e-01	2.343097720783e-02
9.487500000000e-01	1.255851874680e-75	1.988893840533e-47	1.878790880484e-28	7.062439472296e-16	7.712041511566e-08	4.352252100736e-03	8.585574613183e-01	4.363165534114e+00	9.168413211653e-01	2.489619223029e-02
9.500000000000e-01	6.744535039920e-76	1.259616807500e-47	1.350867078611e-28	5.606413631518e-16	6.619740550690e-08	3.975990638545e-03	8.246228420676e-01	4.364161695173e+00	9.478441442565e-01	2.644309858008e-02
9.512500000000e-01	3.618120801594e-76	7.969876336029e-48	9.704835521251e-29	4.447354008240e-16	5.678526186383e-08	3.630199261492e-03	7.916278278204e-01	4.363165534114e+00	9.794905974300e-01	2.807557424364e-02
9.525000000000e-01	1.938793527503e-76	5.037917023351e-48	6.966347396523e-29	3.525367789437e-16	4.868031189724e-08	3.312602889335e-03	7.595676192235e-01	4.360178415028e+00	1.011775591906e+00	2.979763801889e-02
9.537500000000e-01	1.037761393135e-76	3.181535176121e-48	4.996472067077e-29	2.792500958402e-16	4.170557623476e-08	3.021079054414e-03	7.284362167596e-01	4.355204427077e+00	1.044693065876e+00	3.161345198688e-02
9.550000000000e-01	5.548567955694e-77	2.007283617233e-48	3.580660841779e-29	2.210387402000e-16	3.570737749008e-08	2.753649149584e-03	6.982264812652e-01	4.348250375164e+00	1.078235962609e+00	3.352732385846e-02
9.562500000000e-01	2.963341883697e-77	1.265222895860e-48	2.563918978071e-29	1.748355039271e-16	3.055236531741e-08	2.508470054532e-03	6.689301948137e-01	4.339325764419e+00	1.112396209938e+00	3.554370918264e-02
9.575000000000e-01	1.580884203390e-77	7.967308551122e-49	1.834369388365e-29	1.381901313813e-16	2.612490840684e-08	2.283826134376e-03	6.405381217668e-01	4.328442778551e+00	1.147164701204e+00	3.766721340324e-02
9.587500000000e-01	8.424338538934e-78	5.012363077182e-49	1.311326020248e-29	1.091466968317e-16	2.232480989811e-08	2.078121603576e-03	6.130400698056e-01	4.315616252129e+00	1.182531277770e+00	3.990259374985e-02
9.600000000000e-01	4.484241697215e-78	3.150356480950e-49	9.366470088559e-30	8.614505076986e-17	1.906530762362e-08	1.889873247420e-03	5.864249507598e-01	4.300863636885e+00	1.218484713186e+00	4.225476094866e-02
9.612500000000e-01	2.384293226267e-78	1.978167983053e-49	6.684710588367e-30	6.794167237469e-17	1.627132499497e-08	1.717703492696e-03	5.606808410645e-01	4.284204962150e+00	1.255012699105e+00	4.472878073853e-02
9.625000000000e-01	1.266332543040e-78	1.240946130235e-49	4.766840883098e-30	5.354615630097e-17	1.387794227412e-08	1.560333818583e-03	5.357950416778e-01	4.265662789534e+00	1.292101833033e+00	4.732987517722e-02
9.637500000000e-01	6.718206073592e-79	7.777302322327e-50	3.396409825923e-30	4.217028509418e-17	1.182906146905e-08	1.416578498308e-03	5.117541373066e-01	4.245262162014e+00	1.329737608003e+00	5.006342372234e-02
9.650000000000e-01	3.560215816227e-79	4.869577984135e-50	2.417970004359e-30	3.318722501624e-17	1.007624120798e-08	1.285338661746e-03	4.885440547939e-01	4.223030547572e+00	1.367904404258e+00	5.293496407132e-02
9.662500000000e-01	1.884589554936e-79	3.046070571120e-50	1.719978889501e-30	2.609885832901e-17	8.577680715499e-09	1.165596668808e-03	4.661501205312e-01	4.198997777575e+00	1.406585483016e+00	5.595019274453e-02
9.675000000000e-01	9.964939926757e-80	1.903596457907e-50	1.222465780887e-30	2.050964990128e-17	7.297334474988e-09	1.056410783219e-03	4.445571167691e-01	4.173195980077e+00	1.445762982407e+00	5.911496539528e-02
9.687500000000e-01	5.263202026858e-80	1.188491573434e-50	8.681438502145e-31	1.610575733438e-17	6.204141345467e-09	9.569101361191e-04	4.237493367086e-01	4.145659508269e+00	1.485417915638e+00	6.243529683032e-02
9.700000000000e-01	2.776788786970e-80	7.413164159122e-51	6.160104252797e-31	1.263834546986e-17	5.271353838597e-09	8.662899688043e-04	4.037106382653e-01	4.116424864278e+00	1.525530171464e+00	6.591736072437e-02
9.712500000000e-01	1.463366483287e-80	4.619526039562e-51	4.367428646715e-31	9.910269415416e-18	4.475954977790e-09	7.838071438723e-04	3.844244964085e-01	4.085530618571e+00	1.566078517029e+00	6.956748901200e-02
9.725000000000e-01	7.703370945710e-81	2.875924716634e-51	3.093890662637e-31	7.765454274380e-18	3.798151681032e-09	7.087759140200e-04	3.658740539863e-01	4.053017325205e+00	1.607040603131e+00	7.339217094016e-02
9.737500000000e-01	4.050661659291e-81	1.788726325399e-51	2.189906094979e-31	6.080432050136e-18	3.220934953038e-09	6.405639377970e-04	3.480421709565e-01	4.018927433183e+00	1.648392971954e+00	7.739805176454e-02
9.750000000000e-01	2.127593122894e-81	1.111467007651e-51	1.548771720252e-31	4.757602781538e-18	2.729698360107e-09	5.785885316933e-04	3.309114719550e-01	3.983305194182e+00	1.690111067340e+00	8.159193107325e-02
9.762500000000e-01	1.116268416426e-81	6.899784783324e-52	1.094436868911e-31	3.719872773019e-18	2.311907309708e-09	5.223131480646e-04	3.144643921390e-01	3.946196566952e+00	1.732169247610e+00	8.598076072105e-02
9.775000000000e-01	5.850138483947e-82	4.279182461364e-52	7.727435824981e-32	2.906391806632e-18	1.956812581928e-09	4.712440685532e-04	2.986832212544e-01	3.907649118650e+00	1.774540800988e+00	9.057164235768e-02
9.787500000000e-01	3.062535327183e-82	2.651382325642e-52	5.451568660608e-32	2.269166700695e-18	1.655202375258e-09	4.249273028484e-04	2.835501458831e-01	3.867711923424e+00	1.817197963651e+00	9.537182453411e-02
9.800000000000e-01	1.601450494894e-82	1.641232848459e-52	3.842810358083e-32	1.770373133138e-18	1.399187847188e-09	3.829456828397e-04	2.690472898359e-01	3.826435458540e+00	1.860111940417e+00	1.003886993706e-01
9.812500000000e-01	8.364950579629e-83	1.014972641126e-52	2.706560916684e-32	1.380223398882e-18	1.182017761801e-09	3.449161424510e-04	2.551567526638e-01	3.783871498360e+00	1.903252928098e+00	1.056297987709e-01
9.825000000000e-01	4.364461748286e-83	6.270826180356e-53	1.904706425863e-32	1.075276435351e-18	9.979184118937e-10	3.104871736945e-04	2.418606462695e-01	3.740073006484e+00	1.946590141508e+00	1.111027901673e-01
9.837500000000e-01	2.274654571577e-83	3.870628423043e-53	1.339305569583e-32	8.370994144321e-19	8.419554709032e-10	2.793364497529e-04	2.291411296071e-01	3.695094026373e+00	1.990091842133e+00	1.168154717821e-01
9.850000000000e-01	1.184179851377e-83	2.386846508748e-53	9.409633104248e-33	6.512085815976e-19	7.099148579540e-10	2.511686061781e-04	2.169804414666e-01	3.648989570752e+00	2.033725369456e+00	1.227757673897e-01
9.862500000000e-01	6.157966630073e-84	1.470461958378e-53	6.605521222438e-33	5.062317257177e-19	5.982000746444e-10	2.257131715872e-04	2.053609313448e-01	3.601815510132e+00	2.077457174903e+00	1.289917205681e-01
9.875000000000e-01	3.198706887668e-84	9.050433613489e-54	4.633219565411e-33	3.932464132936e-19	5.037438009876e-10	2.027226395370e-04	1.942650884129e-01	3.553628460741e+00	2.121252858405e+00	1.354714884247e-01
9.887500000000e-01	1.659697769824e-84	5.565078211507e-54	3.247132857055e-33	3.052575037883e-19	4.239318257156e-10	1.819706735611e-04	1.836755685955e-01	3.504485672195e+00	2.165077207526e+00	1.422233347841e-01
9.900000000000e-01	8.602031447520e-85	3.418687854806e-54	2.273833297964e-33	2.367849492632e-19	3.565376378542e-10	1.632504376664e-04	1.735752197819e-01	3.454444915208e+00	2.208894239116e+00	1.492556228284e-01
9.912500000000e-01	4.453387563771e-85	2.098137362797e-54	1.590957480354e-33	1.835388501002e-19	2.996662264230e-10	1.463730448918e-04	1.639471051961e-01	3.403564369646e+00	2.252667243449e+00	1.565768071772e-01
9.925000000000e-01	2.303018404675e-85	1.286455232362e-54	1.112243588703e-33	1.421634931460e-19	2.517058271488e-10	1.311661168491e-04	1.547745249568e-01	3.351902513232e+00	2.296358830770e+00	1.641954253992e-01
9.937500000000e-01	1.189657031619e-85	7.880281460061e-55	7.769313325687e-34	1.100358830132e-19	2.112865226036e-10	1.174724474685e-04	1.460410358630e-01	3.299518011185e+00	2.339930980201e+00	1.721200889454e-01
9.950000000000e-01	6.138518848590e-86	4.822531497880e-55	5.422589749112e-34	8.510728705630e-20	1.772447482014e-10	1.051487644853e-04	1.377304694455e-01	3.246469607086e+00	2.383345090913e+00	1.803594734985e-01
9.962500000000e-01	3.163900827569e-86	2.948456385450e-55	3.781570908993e-34	6.577870631950e-20	1.485928836592e-10	9.406458250023e-05	1.298269483270e-01	3.192816015252e+00	2.426562035497e+00	1.889223087308e-01
9.975000000000e-01	1.628919345158e-86	1.800945766164e-55	2.634990993599e-34	5.080308390044e-20	1.244932201906e-10	8.410114175014e-05	1.223149009388e-01	3.138615814872e+00	2.469542215426e+00	1.978173674655e-01
9.987500000000e-01	8.377100979838e-87	1.098987753666e-55	1.834540944547e-34	3.920856893551e-20	1.042356899211e-10	7.515042701239e-05	1.151790746440e-01	3.083927346187e+00	2.512245618518e+00	2.070534542393e-01
1.000000000000e+00	4.303337129791e-87	6.699946934490e-56	1.276195092373e-34	3.023834890343e-20	8.721882760168e-11	6.711426135532e-05	1.084045473191e-01	3.028808608935e+00	2.554631878299e+00	2.166393932631e-01
1.001250000000e+00	2.208179843992e-87	4.080714062409e-56	8.870500373075e-35	2.330350911529e-20	7.293350725917e-11	5.990346972300e-05	1.019767374503e-01	2.973317163330e+00	2.596660335126e+00	2.265840157802e-01
1.002500000000e+00	1.131829378651e-87	2.483060251825e-56	6.160565138850e-35	1.794612713424e-20	6.094905935185e-11	5.343710761321e-05	9.588141279933e-02	2.917510033763e+00	2.638290098980e+00	2.368961468239e-01
1.003750000000e+00	5.794886503752e-88	1.509470544937e-56	4.274982847845e-35	1.381040210997e-20	5.090142853898e-11	4.764175036886e-05	9.010469770010e-02	2.861443615474e+00	2.679480113775e+00	2.475845913763e-01
1.005000000000e+00	2.963646203718e-88	9.167445133326e-57	2.964077716249e-35	1.062008700768e-20	4.248307939593e-11	4.245083885608e-05	8.463307904291e-02	2.805173584367e+00	2.720189223065e+00	2.586581199326e-01
1.006250000000e+00	1.513997750440e-88	5.562349681274e-57	2.053459696643e-35	8.160861227496e-21	3.543439826685e-11	3.780407754562e-05	7.945341100913e-02	2.748754810165e+00	2.760376236990e+00	2.701254534789e-01
1.007500000000e+00	7.725766061400e-89	3.371743644034e-57	1.421425713357e-35	6.266572638104e-21	2.953637476830e-11	3.364688124902e-05	7.455291861655e-02	2.692241273079e+00	2.800000000328e+00	2.819952478887e-01
1.008750000000e+00	3.937996515996e-89	2.041912364815e-57	9.831132260421e-36	4.808507861610e-21	2.460437696957e-11	2.992986698592e-05	6.991920013760e-02	2.635685984137e+00	2.839019461496e+00	2.942760777506e-01
1.010000000000e+00	2.005056210450e-89	1.235395292674e-57	6.793980519586e-36	3.687030667030e-21	2.048286060940e-11	2.660838767457e-05	6.554022845202e-02	2.579140909326e+00	2.877393742338e+00	3.069764196381e-01
1.011250000000e+00	1.019753554014e-89	7.467256627219e-58	4.691226943276e-36	2.825070801193e-21	1.704087541984e-11	2.364210454409e-05	6.140435139597e-02	2.522656897671e+00	2.915082208535e+00	3.201046348352e-01
1.012500000000e+00	5.180615414815e-90	4.509231201576e-58	3.236607049785e-36	2.163057628743e-21	1.416825119871e-11	2.099459536330e-05	5.750029116861e-02	2.466283613358e+00	2.952044540485e+00	3.336689515350e-01
1.013750000000e+00	2.628965760343e-90	2.720384060539e-58	2.231181476610e-36	1.654980995406e-21	1.177236312199e-11	1.863299576924e-05	5.381714285719e-02	2.410069472009e+00	2.988240804458e+00	3.476774465281e-01
1.015000000000e+00	1.332618864738e-90	1.639623866350e-58	1.536813627403e-36	1.265330856687e-21	9.775390284918e-12	1.652767115602e-05	5.034437214040e-02	2.354061581175e+00	3.023631523880e+00	3.621380264024e-01
1.016250000000e+00	6.747523946339e-91	9.872895327976e-59	1.057666861110e-36	9.667214479602e-22	8.111993922652e-12	1.465191675460e-05	4.707181222907e-02	2.298305685131e+00	3.058177750548e+00	3.770584082756e-01
1.017500000000e+00	3.412717682285e-91	5.939243426737e-59	7.273073537625e-37	7.380482865306e-22	6.727352465972e-12	1.298168369422e-05	4.398966010208e-02	2.242846114013e+00	3.091841135605e+00	3.924461000867e-01
1.018750000000e+00	1.724144818872e-91	3.569472253226e-59	4.997219746123e-37	5.630595976553e-22	5.575499775013e-12	1.149532898809e-05	4.108847209396e-02	2.187725737335e+00	3.124584000101e+00	4.083083804714e-01
1.020000000000e+00	8.700907882138e-92	2.143202398902e-59	3.430680730837e-37	4.292498204121e-22	4.617920773310e-12	1.017338752968e-05	3.835915888938e-02	2.132985921917e+00	3.156369404948e+00	4.246522782526e-01
1.021250000000e+00	4.386042651816e-92	1.285608261737e-59	2.353279687772e-37	3.270032324710e-22	3.822365456197e-12	8.998364321155e-06	3.579297997790e-02	2.078666494214e+00	3.187161220103e+00	4.414845515760e-01
1.022500000000e+00	2.208505987956e-92	7.704428237415e-60	1.612902727804e-37	2.489316607228e-22	3.161848028917e-12	7.954545282983e-06	3.338153762120e-02	2.024805707059e+00	3.216924192780e+00	4.588116667247e-01
1.023750000000e+00	1.110815067772e-92	4.612734578387e-60	1.104546983022e-37	1.893626812720e-22	2.613802876002e-12	7.027825114055e-06	3.111677038247e-02	1.971440210791e+00	3.245624014527e+00	4.766397766495e-01
1.025000000000e+00	5.580876265053e-93	2.759070568134e-60	7.557907951029e-38	1.439444150931e-22	2.159373292038e-12	6.205550784047e-06	2.899094626670e-02	1.918605028723e+00	3.273227386987e+00	4.949746992513e-01
1.026250000000e+00	2.800789541018e-93	1.648744815950e-60	5.167260898925e-38	1.093405896063e-22	1.782812516061e-12	5.476379345753e-06	2.699665551787e-02	1.866333536930e+00	3.299702086156e+00	5.138218954574e-01
1.027500000000e+00	1.404028775567e-93	9.843065367050e-61	3.529885098019e-38	8.299542834320e-23	1.470979694988e-12	4.830148854108e-06	2.512680311772e-02	1.814657448272e+00	3.325017024977e+00	5.331864471331e-01
1.028750000000e+00	7.030544995982e-94	5.870750004094e-61	2.409362434884e-38	6.295251672246e-23	1.212916031103e-12	4.257761271389e-06	2.337460102834e-02	1.763606800598e+00	3.349142314101e+00	5.530730348732e-01
1.030000000000e+00	3.516571289306e-94	3.498187604518e-61	1.643179802398e-38	4.771535843421e-23	9.994886096181e-13	3.751076324720e-06	2.173356021914e-02	1.713209949040e+00	3.372049320632e+00	5.734859157196e-01
1.031250000000e+00	1.756981993070e-94	2.082470690590e-61	1.119719981756e-38	3.614010842709e-23	8.230913107321e-13	3.302815362904e-06	2.019748251639e-02	1.663493562308e+00	3.393710724720e+00	5.944289008538e-01
1.032500000000e+00	8.768648183112e-95	1.238514200591e-61	7.623864271997e-39	2.735312051564e-23	6.773938344131e-13	2.906474334991e-06	1.876045231163e-02	1.614482622891e+00	3.414100573823e+00	6.159053333141e-01
1.033750000000e+00	4.371348498313e-95	7.358840246896e-62	5.186594207044e-39	2.068761731096e-23	5.571312468216e-13	2.556245083200e-06	1.741682816337e-02	1.566200431029e+00	3.433194334495e+00	6.379180657901e-01
1.035000000000e+00	2.176785658520e-95	4.368215454213e-62	3.525581612891e-39	1.563508461192e-23	4.579276302531e-13	2.246944208117e-06	1.616123432392e-02	1.518668612369e+00	3.450968941568e+00	6.604694385468e-01
1.036250000000e+00	1.082762869305e-95	2.590508482637e-62	2.394532090009e-39	1.180799511971e-23	3.761484142743e-13	1.973948824699e-06	1.498855222190e-02	1.471907129147e+00	3.467402844564e+00	6.835612575365e-01
1.037500000000e+00	5.379829247837e-96	1.534801723068e-62	1.624994658573e-39	8.911242480435e-24	3.087768104180e-13	1.733138583940e-06	1.389391192822e-02	1.425934294770e+00	3.482476051234e+00	7.071947727512e-01
1.038750000000e+00	2.670060362392e-96	9.084600403101e-63	1.101855391760e-39	6.720266945603e-24	2.533104887890e-13	1.520843387150e-06	1.287268363203e-02	1.380766791665e+00	3.496170168076e+00	7.313706568781e-01
1.040000000000e+00	1.323704722162e-96	5.372119586692e-63	7.465151944491e-40	5.064317848047e-24	2.076752413466e-13	1.333796268122e-06	1.192046915067e-02	1.336419692236e+00	3.508468437743e+00	7.560889843146e-01
1.041250000000e+00	6.555089221552e-97	3.173743365892e-63	5.053521170756e-40	3.813656321767e-24	1.701528898572e-13	1.169090963084e-06	1.103309349618e-02	1.292906482770e+00	3.519355773203e+00	7.813492106038e-01
1.042500000000e+00	3.242526595893e-97	1.873200357624e-63	3.418148403936e-40	2.869778103573e-24	1.393211305255e-13	1.024143729576e-06	1.020659651874e-02	1.250239090153e+00	3.528818788588e+00	8.071501523535e-01
1.043750000000e+00	1.602160193284e-97	1.104543818803e-63	2.310091203537e-40	2.157949362516e-24	1.140033740759e-13	8.966590134700e-07	9.437224646054e-03	1.208427911216e+00	3.536845826616e+00	8.334899676995e-01
1.045000000000e+00	7.907619761103e-98	6.506807504219e-64	1.559942985672e-40	1.621512677740e-24	9.322694973449e-14	7.845985983854e-07	8.721422735401e-03	1.167481844555e+00	3.543426982522e+00	8.603661373766e-01
1.046250000000e+00	3.898549649071e-98	3.829475185983e-64	1.052518436760e-40	1.217546662921e-24	7.618830285910e-14	6.861539041134e-07	8.055826054096e-03	1.127408324656e+00	3.548554124425e+00	8.877754464606e-01
1.047500000000e+00	1.919896475897e-98	2.251629097153e-64	7.095648370317e-41	9.135599414140e-25	6.222403625592e-14	5.997211303218e-07	7.437252401905e-03	1.088213358153e+00	3.552220910070e+00	9.157139668457e-01
1.048750000000e+00	9.444304999931e-99	1.322637209510e-64	4.779647256294e-41	6.849748854434e-25	5.078683081273e-14	5.238789691520e-07	6.862694387790e-03	1.049901562059e+00	3.554422799906e+00	9.441770405195e-01
1.050000000000e+00	4.640658892155e-99	7.761951277280e-65	3.216925433003e-41	5.132139065720e-25	4.142543730900e-14	4.573686353717e-07	6.329311871798e-03	1.012476203785e+00	3.555157066447e+00	9.731592637015e-01
1.051250000000e+00	2.277753595426e-99	4.550796126589e-65	2.163353693099e-41	3.842451112026e-25	3.376806268306e-14	3.990759857378e-07	5.834424581473e-03	9.759392427883e-01	3.554422799906e+00	1.002654471906e+00
1.052500000000e+00	1.116737976109e-99	2.665570288172e-65	1.453635269122e-41	2.874778925277e-25	2.750858449998e-14	3.480155202847e-07	5.375504910933e-03	9.402913736761e-01	3.552220910070e+00	1.032655725996e+00
1.053750000000e+00	5.469067455458e-100	1.559836898958e-65	9.759436912166e-42	2.149248940674e-25	2.239512014358e-14	3.033160775329e-07	4.950170909436e-03	9.055320705983e-01	3.548554124425e+00	1.063155299284e+00
1.055000000000e+00	2.675424658092e-100	9.119153624622e-66	6.546896234554e-42	1.605665800845e-25	1.822055512323e-14	2.642080532371e-07	4.556179465110e-03	8.716596327623e-01	3.543426982522e+00	1.094144665750e+00
1.056250000000e+00	1.307343227557e-100	5.326184005843e-66	4.388211400228e-42	1.198697944456e-25	1.481470019000e-14	2.300119883995e-07	4.191419688413e-03	8.386712309075e-01	3.536845826616e+00	1.125614489427e+00
1.057500000000e+00	6.381223678463e-101	3.107878927524e-66	2.938874308376e-42	8.942326669518e-26	1.203780168134e-14	2.001283869688e-07	3.853906498845e-03	8.065629545788e-01	3.528818788588e+00	1.157554615022e+00
1.058750000000e+00	3.111256129370e-101	1.811750163394e-66	1.966599255394e-42	6.666186631824e-26	9.775175339708e-15	1.740286370492e-07	3.541774417450e-03	7.753298600417e-01	3.519355773203e+00	1.189954059823e+00
1.060000000000e+00	1.515252513000e-101	1.055161212233e-66	1.314898153994e-42	4.965815422020e-26	7.932772196055e-15	1.512469216484e-07	3.253271566761e-03	7.449660186872e-01	3.508468437743e+00	1.222801006952e+00
1.061250000000e+00	7.371429414177e-102	6.139395602435e-67	8.784352362506e-43	3.696492629680e-26	6.433517170293e-15	1.313730161074e-07	2.986753878996e-03	7.154645657766e-01	3.496170168076e+00	1.256082800014e+00
1.062500000000e+00	3.582084777821e-102	3.568771245878e-67	5.863659832490e-43	2.749636495122e-26	5.214287829058e-15	1.140458794554e-07	2.740679512529e-03	6.868177493830e-01	3.482476051234e+00	1.289785939197e+00
1.063750000000e+00	1.738751267651e-102	2.072516968633e-67	3.910832129596e-43	2.043839976017e-26	4.223423105407e-15	9.894795611250e-08	2.513603475973e-03	6.590169793898e-01	3.467402844564e+00	1.323896078866e+00
1.065000000000e+00	8.430561670879e-103	1.202440984700e-67	2.606219371238e-43	1.518114968714e-26	3.418670443123e-15	8.580011269286e-08	2.304172458522e-03	6.320528764132e-01	3.450968941568e+00	1.358398026710e+00
1.066250000000e+00	4.083128147300e-103	6.969726525301e-68	1.735378248197e-43	1.126804577716e-26	2.765495382166e-15	7.435714221475e-08	2.111119864655e-03	6.059153205196e-01	3.433194334495e+00	1.393275744464e+00
1.067500000000e+00	1.975363212105e-103	4.036026384519e-68	1.154565876991e-43	8.357544736997e-27	2.235690558587e-15	6.440377486878e-08	1.933261050731e-03	5.805934996159e-01	3.414100573823e+00	1.428512350271e+00
1.068750000000e+00	9.545932591123e-104	2.334955172362e-68	7.675111144950e-44	6.194339213771e-27	1.806231877340e-15	5.575114069067e-08	1.769488760531e-03	5.560759573973e-01	3.393710724720e+00	1.464090122700e+00
1.070000000000e+00	4.607944245164e-104	1.349551273446e-68	5.097908261517e-44	4.587725515156e-27	1.458338587381e-15	4.823363508874e-08	1.618768756394e-03	5.323506407401e-01	3.372049320632e+00	1.499990506468e+00
1.071250000000e+00	2.221843772417e-104	7.792674266821e-69	3.383301846227e-44	3.395361616385e-27	1.176701444729e-15	4.170614323938e-08	1.480135642172e-03	5.094049464382e-01	3.349142314101e+00	1.536194119892e+00
1.072500000000e+00	1.070131805659e-104	4.495416637763e-69	2.243524738530e-44	2.511081512442e-27	9.488493420431e-16	3.604158393565e-08	1.352688873942e-03	4.872257671835e-01	3.325017024977e+00	1.572680764083e+00
1.073750000000e+00	5.148473433599e-105	2.590834464976e-69	1.486491283198e-44	1.855759761155e-27	7.646299229047e-16	3.112873759786e-08	1.235588954074e-03	4.657995367013e-01	3.299702086156e+00	1.609429433938e+00
1.075000000000e+00	2.474213263850e-105	1.491748721935e-69	9.840909958341e-45	1.370467887451e-27	6.157839614756e-16	2.687032687220e-08	1.128053804053e-03	4.451122739546e-01	3.273227386987e+00	1.646418330903e+00
1.076250000000e+00	1.187717720152e-105	8.581001439365e-70	6.509528557835e-45	1.011351541884e-27	4.955968205402e-16	2.318132159044e-08	1.029355311195e-03	4.251496263399e-01	3.245624014527e+00	1.683624877562e+00
1.077500000000e+00	5.695171305341e-106	4.931358395824e-70	4.302344695475e-45	7.457986369136e-28	3.986132260781e-16	1.998744287573e-08	9.388160442763e-04	4.058969118041e-01	3.216924192780e+00	1.721025734033e+00
1.078750000000e+00	2.727833120547e-106	2.831271064741e-70	2.841202937996e-45	5.495752887476e-28	3.204040170501e-16	1.722384388728e-08	8.558061329009e-04	3.873391598163e-01	3.187161220103e+00	1.758596816189e+00
1.080000000000e+00	1.305107408913e-106	1.623987289659e-70	1.874738486364e-45	4.046867408129e-28	2.573755305823e-16	1.483394712874e-08	7.797403053776e-04	3.694611511368e-01	3.156369404948e+00	1.796313315699e+00
1.081250000000e+00	6.237235795394e-107	9.306150952587e-71	1.236005838519e-45	2.977809568630e-28	2.066139365240e-16	1.276842042841e-08	7.100750797626e-04	3.522474563321e-01	3.124584000101e+00	1.834149721885e+00
1.082500000000e+00	2.977525713911e-107	5.327750167987e-71	8.142199449610e-46	2.189581091397e-28	1.657582008449e-16	1.098427565692e-08	6.463061026946e-04	3.356824729883e-01	3.091841135605e+00	1.872079845381e+00
1.083750000000e+00	1.419829938368e-107	3.047220642820e-71	5.359253966527e-46	1.608834289690e-28	1.328964839587e-16	9.444076002266e-09	5.879656306177e-04	3.197504615857e-01	3.058177750548e+00	1.910076843592e+00
1.085000000000e+00	6.762925272397e-108	1.741206355219e-71	3.524587743986e-46	1.181266155329e-28	1.064817089111e-16	8.115239192924e-09	5.346201479885e-04	3.044355799994e-01	3.023631523880e+00	1.948113247913e+00
1.086250000000e+00	3.217735178212e-108	9.939919728004e-72	2.316080779816e-46	8.667031506955e-29	8.526279961990e-17	6.969425464364e-09	4.858681170829e-04	2.897219165984e-01	2.988240804458e+00	1.986160992695e+00
1.087500000000e+00	1.529267499688e-108	5.668939241925e-72	1.520689213964e-46	6.354467410515e-29	6.822871934724e-17	5.982000320632e-09	4.413378540580e-04	2.755935219231e-01	2.952044540485e+00	2.024191445932e+00
1.088750000000e+00	7.259957358854e-109	3.230033445089e-72	9.976279677013e-47	4.655583338173e-29	5.456295785342e-17	5.131563264097e-09	4.006855259797e-04	2.620344389211e-01	2.915082208535e+00	2.062175441617e+00
1.090000000000e+00	3.442723400202e-109	1.838647720699e-72	6.539403766165e-47	3.408436605655e-29	4.360654173109e-17	4.399534667651e-09	3.635932635979e-04	2.490287317343e-01	2.877393742338e+00	2.100083313744e+00
1.091250000000e+00	1.630750962723e-109	1.045625889720e-72	4.283009893569e-47	2.493575393111e-29	3.482799239664e-17	3.769793856267e-09	3.297673847385e-04	2.365605130279e-01	2.839019461496e+00	2.137884931896e+00
1.092500000000e+00	7.715971347979e-110	5.940738276330e-73	2.802859893826e-47	1.822955022533e-29	2.779894350268e-17	3.228362260185e-09	2.989367232755e-04	2.246139698610e-01	2.800000000328e+00	2.175549738379e+00
1.093750000000e+00	3.646792219699e-110	3.372025134012e-73	1.832715648844e-47	1.331728121153e-29	2.217436518464e-17	2.763126210137e-09	2.708510587569e-04	2.131733881032e-01	2.760376236990e+00	2.213046786834e+00
1.095000000000e+00	1.721665922575e-110	1.912174305463e-73	1.197374966628e-47	9.721680738475e-30	1.767653571020e-17	2.363594574945e-09	2.452796418734e-04	2.022231754034e-01	2.720189223065e+00	2.250344782282e+00
1.096250000000e+00	8.119030967208e-111	1.083304244732e-73	7.816397683573e-48	7.091748180851e-30	1.408205930849e-17	2.020687001793e-09	2.220098110838e-04	1.917478827226e-01	2.679480113775e+00	2.287412122515e+00
1.097500000000e+00	3.824520233497e-111	6.131400757935e-74	5.098289676298e-48	5.169534337130e-30	1.121135844676e-17	1.726549016845e-09	2.008456958423e-04	1.817322244481e-01	2.638290098980e+00	2.324216940788e+00
1.098750000000e+00	1.799563510577e-111	3.467011268724e-74	3.322643566607e-48	3.765613219038e-30	8.920174731151e-18	1.474390685289e-09	1.816070020085e-04	1.721610971056e-01	2.596660335126e+00	2.360727149709e+00
1.100000000000e+00	8.458139518527e-112	1.958560966439e-74	2.163636951805e-48	2.740981867395e-30	7.092699167449e-18	1.258345921353e-09	1.641278751622e-04	1.630195966952e-01	2.554631878299e+00	2.396910486271e+00
1.101250000000e+00	3.971000679460e-112	1.105363776075e-74	1.407752838936e-48	1.993713650146e-30	5.636023210700e-18	1.073349885739e-09	1.482558376885e-04	1.542930346731e-01	2.512245618518e+00	2.432734557928e+00
1.102500000000e+00	1.862269492195e-112	6.232462199502e-75	9.151869545347e-49	1.449124066895e-30	4.475659726992e-18	9.150322150687e-10	1.338507956436e-04	1.459669526116e-01	2.469542215426e+00	2.468166889633e+00
1.103750000000e+00	8.723736646948e-113	3.510753760758e-75	5.944763983028e-49	1.052530096928e-30	3.551930041532e-18	7.796240997244e-10	1.207841115606e-04	1.380271355656e-01	2.426562035497e+00	2.503174971739e+00
1.105000000000e+00	4.082065932429e-113	1.975729015726e-75	3.858342710549e-49	7.639231030425e-31	2.817051591094e-18	6.638774667211e-10	1.089377395021e-04	1.304596241809e-01	2.383345090913e+00	2.537726308679e+00
1.106250000000e+00	1.907984903328e-113	1.110812294452e-75	2.502121363667e-49	5.540525177123e-31	2.232791924323e-18	5.649947365364e-10	9.820341881359e-05	1.232507255785e-01	2.339930980201e+00	2.571788468316e+00
1.107500000000e+00	8.908145536755e-114	6.239363232894e-76	1.621277399638e-49	4.015488515595e-31	1.768580203596e-18	4.805678101890e-10	8.848192317909e-05	1.163870230541e-01	2.296358830770e+00	2.605329131861e+00
1.108750000000e+00	4.154484317289e-114	3.501274433758e-76	1.049657645981e-49	2.908117907546e-31	1.399988025321e-18	4.085251081577e-10	7.968236172790e-05	1.098553846312e-01	2.252667243449e+00	2.638316144258e+00
1.110000000000e+00	1.935371737345e-114	1.962900688750e-76	6.790150584572e-50	2.104610827573e-31	1.107508166382e-18	3.470856284177e-10	7.172152908298e-05	1.036429705073e-01	2.208894239116e+00	2.670717564931e+00
1.111250000000e+00	9.005941384355e-115	1.099402686506e-76	4.388868058299e-50	1.522010880744e-31	8.755734988755e-19	2.947191191946e-10	6.452330138549e-05	9.773723943708e-02	2.165077207526e+00	2.702501718769e+00
1.112500000000e+00	4.186116281214e-115	6.151790711050e-77	2.834438454124e-50	1.099891589405e-31	6.917693786731e-19	2.501115749715e-10	5.801807546830e-05	9.212595409337e-02	2.121252858405e+00	2.733637247252e+00
1.113750000000e+00	1.943617990948e-115	3.439003372777e-77	1.829038827359e-50	7.942700235094e-32	5.462017841651e-19	2.121353636093e-10	5.214224848801e-05	8.679718545085e-02	2.077457174903e+00	2.764093159595e+00
1.115000000000e+00	9.014216477475e-116	1.920657573749e-77	1.179288886041e-50	5.731557192297e-32	4.309907502726e-19	1.798233797200e-10	4.683773545796e-05	8.173931623533e-02	2.033725369456e+00	2.793838883795e+00
1.116250000000e+00	4.176019396105e-116	1.071651500077e-77	7.597292959153e-51	4.132979543249e-32	3.398645282912e-19	1.523466960876e-10	4.205152225428e-05	7.694104348394e-02	1.990091842133e+00	2.822844317468e+00
1.117500000000e+00	1.932477656942e-116	5.973701271289e-78	4.890338583613e-51	2.978105290656e-32	2.678346641159e-19	1.289952521843e-10	3.773525179306e-05	7.239138026032e-02	1.946590141508e+00	2.851079878358e+00
1.118750000000e+00	8.932723807368e-117	3.326746566023e-78	3.145287658687e-51	2.144386219771e-32	2.109360376348e-19	1.091611778092e-10	3.384484119839e-05	6.807965656979e-02	1.903252928098e+00	2.878516554390e+00
1.120000000000e+00	4.124495000722e-117	1.850896888105e-78	2.021264741401e-51	1.542951000549e-32	1.660190169063e-19	9.232440155052e-11	3.034012789933e-05	6.399551951880e-02	1.860111940417e+00	2.905125953169e+00
1.121250000000e+00	1.902282915414e-117	1.028800164180e-78	1.297858712571e-51	1.109398126770e-32	1.305833923564e-19	7.804023901727e-11	2.718454270730e-05	6.012893276311e-02	1.817197963651e+00	2.930880350788e+00
1.122500000000e+00	8.763889316608e-118	5.713024890115e-79	8.326701970394e-52	7.970928054092e-33	1.026457826250e-19	6.592869537211e-11	2.434480803542e-05	5.647017528836e-02	1.774540800988e+00	2.955752739832e+00
1.123750000000e+00	4.033073261432e-118	3.169476230284e-79	5.337771906410e-52	5.722904744036e-33	8.063383743059e-20	5.566525130563e-11	2.179065952644e-05	5.300983956636e-02	1.732169247610e+00	2.979716876480e+00
1.125000000000e+00	1.853927680306e-118	1.756690180402e-79	3.418915677377e-52	4.105918385100e-33	6.330187905659e-20	4.697293182927e-11	1.949458945705e-05	4.973882912975e-02	1.690111067340e+00	3.002747326558e+00
1.126250000000e+00	8.512691935048e-119	9.727228992488e-80	2.188054599554e-52	2.943677815057e-33	4.966368374324e-20	3.961548366007e-11	1.743161038355e-05	4.664835560684e-02	1.648392971954e+00	3.024819510462e+00
1.127500000000e+00	3.904437685038e-119	5.381079368689e-80	1.399166206927e-52	2.108902027228e-33	3.893895679588e-20	3.339150999852e-11	1.557903758617e-05	4.372993525747e-02	1.607040603131e+00	3.045909746820e+00
1.128750000000e+00	1.788823638573e-119	2.973965644911e-80	8.939677400125e-53	1.509762732468e-33	3.051074060017e-20	2.812943157542e-11	1.391628895805e-05	4.097538505001e-02	1.566078517029e+00	3.065995294786e+00
1.130000000000e+00	8.186419681719e-120	1.642059117001e-80	5.707103829812e-53	1.080058215180e-33	2.389154535027e-20	2.368316033120e-11	1.242470106922e-05	3.837681831829e-02	1.525530171464e+00	3.085054394877e+00
1.131250000000e+00	3.742294280037e-120	9.057908332303e-81	3.640416614060e-53	7.720968763722e-34	1.869643433032e-20	1.992838731370e-11	1.108736021609e-05	3.592664003630e-02	1.485417915638e+00	3.103066308227e+00
1.132500000000e+00	1.708831798559e-120	4.991755966177e-81	2.320212642349e-53	5.515470847583e-34	1.462165020343e-20	1.675939962276e-11	9.888947343590e-06	3.361754174733e-02	1.445762982407e+00	3.120011354178e+00
1.133750000000e+00	7.794318503606e-121	2.748305846700e-81	1.477562557137e-53	3.937128219122e-34	1.142765304399e-20	1.408635274026e-11	8.815595799293e-06	3.144249618267e-02	1.406585483016e+00	3.135870946098e+00
1.135000000000e+00	3.551194267172e-121	1.511691146350e-81	9.401677561001e-54	2.808424097250e-34	8.925668586228e-21	1.183293458287e-11	7.854760947611e-06	2.939475160427e-02	1.367904404258e+00	3.150627625349e+00
1.136250000000e+00	1.616174178440e-121	8.307060413411e-82	5.977315988004e-54	2.001852110011e-34	6.967027471954e-21	9.934366293425e-12	6.995100737329e-06	2.746782590381e-02	1.329737608003e+00	3.164265093306e+00
1.137500000000e+00	7.347157455253e-122	4.560557754157e-82	3.797068788761e-54	1.425894706126e-34	5.434722122627e-21	8.335692315228e-12	6.226366377007e-06	2.565550048967e-02	1.292101833033e+00	3.176768241353e+00
1.138750000000e+00	3.336322168734e-122	2.501352178357e-82	2.410083569543e-54	1.014913642259e-34	4.236724446678e-21	6.990318818091e-12	5.539302330963e-06	2.395181399183e-02	1.255012699105e+00	3.188123178771e+00
1.140000000000e+00	1.513331478373e-122	1.370623005144e-82	1.528470728773e-54	7.218665053460e-35	3.300700725990e-21	5.858765197401e-12	4.925554903210e-06	2.235105581330e-02	1.218484713186e+00	3.198317258456e+00
1.141250000000e+00	6.856738723550e-123	7.503216586597e-83	9.685533273276e-55	5.130631921066e-35	2.569834370941e-21	4.907598259135e-12	4.377588728320e-06	2.084775955510e-02	1.182531277770e+00	3.207339100391e+00
1.142500000000e+00	3.103263023669e-123	4.103583175104e-83	6.132412156625e-55	3.643938124399e-35	1.999526539489e-21	4.108522935281e-12	3.888610536634e-06	1.943669634089e-02	1.147164701204e+00	3.215178612816e+00
1.143750000000e+00	1.402933297606e-123	2.242153232993e-83	3.879542568431e-55	2.586171348630e-35	1.554791891437e-21	3.437607031388e-12	3.452499606842e-06	1.811286806533e-02	1.112396209938e+00	3.221827011038e+00
1.145000000000e+00	6.335383510469e-124	1.223921688274e-83	2.452285862138e-55	1.834128525114e-35	1.208204408210e-21	2.874620666992e-12	3.063744361700e-06	1.687150058928e-02	1.078235962609e+00	3.227276833839e+00
1.146250000000e+00	2.857763252158e-124	6.674646400518e-84	1.548827511605e-55	1.299835523208e-35	9.382781861273e-22	2.402473796216e-12	2.717384602739e-06	1.570803690350e-02	1.044693065876e+00	3.231521957426e+00
1.147500000000e+00	1.287647637598e-124	3.636546853641e-84	9.774091525833e-56	9.205199498636e-36	7.281919573808e-22	2.006737547673e-12	2.408958917386e-06	1.461813028087e-02	1.011775591906e+00	3.234557606899e+00
1.148750000000e+00	5.795424788083e-125	1.979412931952e-84	6.162985356416e-56	6.514246312130e-36	5.647850484606e-22	1.675237149814e-12	2.134456826998e-06	1.359763743627e-02	9.794905974300e-01	3.236380365203e+00
1.150000000000e+00	2.605499314258e-125	1.076390635467e-84	3.882819994246e-56	4.606608594793e-36	4.377675430753e-22	1.397705953859e-12	1.890275277151e-06	1.264261171139e-02	9.478441442565e-01	3.236988179537e+00
1.151250000000e+00	1.170076085014e-125	5.847762284026e-85	2.444245171818e-56	3.255252030275e-36	3.390993689766e-22	1.165491569219e-12	1.673179102145e-06	1.174929630105e-02	9.168413211653e-01	3.236380365203e+00
1.152500000000e+00	5.248735565604e-126	3.173918718942e-85	1.537388619263e-56	2.298656569819e-36	2.625025091240e-22	9.713064189512e-13	1.480265124246e-06	1.091411753572e-02	8.864862670688e-01	3.234557606899e+00
1.153750000000e+00	2.351866869125e-126	1.721028978995e-85	9.661931292440e-57	1.621995816059e-36	2.030780530293e-22	8.090161338010e-13	1.308929574776e-06	1.013367823427e-02	8.567821953528e-01	3.231521957426e+00
1.155000000000e+00	1.052660255017e-126	9.323239853247e-86	6.067162331799e-57	1.143698458851e-36	1.570057572503e-22	6.734601577450e-13	1.156838548939e-06	9.404751139403e-03	8.277314192950e-01	3.227276833839e+00
1.156250000000e+00	4.706316907868e-127	5.045820802593e-86	3.806700177394e-57	8.058598326474e-37	1.213084963092e-22	5.602997570577e-13	1.021901229268e-06	8.724272447287e-03	7.993353784639e-01	3.221827011038e+00
1.157500000000e+00	2.101800835919e-127	2.728243192804e-86	2.386454270891e-57	5.674056419223e-37	9.366771281442e-23	4.658893275791e-13	9.022456339482e-07	8.089335441696e-03	7.715946660025e-01	3.215178612816e+00
1.158750000000e+00	9.376038967697e-128	1.473739178997e-86	1.494854587395e-57	3.992215325391e-37	7.227892201393e-23	3.871674971260e-13	7.961966661204e-07	7.497184241955e-03	7.445090566985e-01	3.207339100391e+00
1.160000000000e+00	4.177964037892e-128	7.953246992943e-87	9.355912842950e-58	2.806857936738e-37	5.573865342930e-23	3.215650358859e-13	7.022562586146e-07	6.945207672938e-03	7.180775357470e-01	3.198317258456e+00
1.161250000000e+00	1.859633845632e-128	4.287998277672e-87	5.850793542806e-58	1.972027987210e-37	4.295604938987e-23	2.669270292447e-13	6.190854256213e-07	6.430933264412e-03	6.922983281108e-01	3.188123178771e+00
1.162500000000e+00	8.268136479169e-129	2.309675811759e-87	3.655819681675e-58	1.384496567118e-37	3.308378945381e-23	2.214471452509e-13	5.454880485291e-07	5.952021386080e-03	6.671689283861e-01	3.176768241353e+00
1.163750000000e+00	3.672022065749e-129	1.242892999193e-87	2.282423062582e-58	9.713077622081e-38	2.546415201691e-23	1.836121518374e-13	4.803962377229e-07	5.506259523795e-03	6.426861310842e-01	3.164265093306e+00
1.165000000000e+00	1.628997352117e-129	6.681942729789e-88	1.423799757070e-58	6.809386771752e-38	1.958692421705e-23	1.521551147700e-13	4.228571255774e-07	5.091556701573e-03	6.188460612380e-01	3.150627625349e+00
1.166250000000e+00	7.218599133574e-130	3.588872650883e-88	8.874483151129e-59	4.770295835339e-38	1.505657953062e-23	1.260159427759e-13	3.720209582814e-07	4.705938053253e-03	5.956442052493e-01	3.135870946098e+00
1.167500000000e+00	3.195235864976e-130	1.925748811237e-88	5.526861875792e-59	3.339402674850e-38	1.156669960177e-23	1.043081471903e-13	3.271303655597e-07	4.347539546901e-03	5.730754418930e-01	3.120011354178e+00
1.168750000000e+00	1.412766441143e-130	1.032351327610e-88	3.439185017251e-59	2.336030105243e-38	8.880054794933e-24	8.629085471858e-14	2.875106978900e-07	4.014602864342e-03	5.511340733946e-01	3.103066308227e+00
1.170000000000e+00	6.239578723978e-131	5.528937675843e-89	2.138325703280e-59	1.632955114006e-38	6.813101975376e-24	7.134525780643e-14	2.525613304994e-07	3.705470437558e-03	5.298138565066e-01	3.085054394877e+00
1.171250000000e+00	2.752691979728e-131	2.958299634835e-89	1.328414354147e-59	1.140660036519e-38	5.223928062336e-24	5.895481132526e-14	2.217478423319e-07	3.418580643086e-03	5.091080335040e-01	3.065995294786e+00
1.172500000000e+00	1.213046410485e-131	1.581353328463e-89	8.245835189583e-60	7.962040313882e-39	4.002879723883e-24	4.868858995309e-14	1.945949863624e-07	3.152463154949e-03	4.890093630307e-01	3.045909746820e+00
1.173750000000e+00	5.339673066414e-132	8.445044955406e-90	5.114193171066e-60	5.553652289747e-39	3.065285626680e-24	4.018731047858e-14	1.706803751411e-07	2.905734456153e-03	4.695101507244e-01	3.024819510462e+00
1.175000000000e+00	2.347844705944e-132	4.505689979880e-90	3.169282794051e-60	3.870964297002e-39	2.345807721105e-24	3.315159959123e-14	1.496288123392e-07	2.677093508286e-03	4.506022795563e-01	3.002747326558e+00
1.176250000000e+00	1.031196710985e-132	2.401634635858e-90	1.962394169821e-60	2.696160943110e-39	1.794059857131e-24	2.733215253469e-14	1.311072073766e-07	2.465317578298e-03	4.322772398226e-01	2.979716876480e+00
1.177500000000e+00	4.524088802407e-133	1.278906698137e-90	1.214095597130e-60	1.876543463421e-39	1.371211670423e-24	2.252148299381e-14	1.148200159899e-07	2.269258221136e-03	4.145261587282e-01	2.955752739832e+00
1.178750000000e+00	1.982614022234e-133	6.803886766826e-91	7.505176508903e-61	1.305141530536e-39	1.047357935900e-24	1.854701121657e-14	1.005051548824e-07	2.087837416540e-03	3.973398295084e-01	2.930880350788e+00
1.180000000000e+00	8.678859874002e-134	3.616276126194e-91	4.635646644371e-61	9.070740827139e-40	7.994822192192e-25	1.526527688409e-14	8.793034342715e-08	1.920043857955e-03	3.807087400358e-01	2.905125953169e+00
1.181250000000e+00	3.794937519838e-134	1.920226164201e-91	2.860889770642e-61	6.299615954757e-40	6.098816205877e-25	1.255709670092e-14	7.688982980660e-08	1.764929391221e-03	3.646231008645e-01	2.878516554390e+00
1.182500000000e+00	1.657540063071e-134	1.018660516630e-91	1.764141078631e-61	4.371913466335e-40	4.649490200452e-25	1.032351499063e-14	6.720146299555e-08	1.621605600421e-03	3.490728726668e-01	2.851079878358e+00
1.183750000000e+00	7.231708115339e-135	5.398745500749e-92	1.086943294983e-61	3.031902335381e-40	3.542323191879e-25	8.482419525423e-15	5.870407566417e-08	1.489240538036e-03	3.340477930213e-01	2.822844317468e+00
1.185000000000e+00	3.151629770698e-135	2.858528514039e-92	6.691474851693e-62	2.101091785811e-40	2.697081580383e-25	6.965715052578e-15	5.125514642184e-08	1.367055596330e-03	3.195374025149e-01	2.793838883795e+00
1.186250000000e+00	1.371977376718e-135	1.512092968698e-92	4.116026853815e-62	1.454993353250e-40	2.052215853854e-25	5.716964069285e-15	4.472871286538e-08	1.254322516715e-03	3.055310701243e-01	2.764093159595e+00
1.187500000000e+00	5.965902570163e-136	7.990993010015e-93	2.529740281267e-62	1.006846259489e-40	1.560540514850e-25	4.689418819384e-15	3.901350966393e-08	1.150360533699e-03	2.920180178477e-01	2.733637247252e+00
1.188750000000e+00	2.591330541072e-136	4.218997803559e-93	1.553513601076e-62	6.962279911841e-41	1.185905581479e-25	3.844380649569e-15	3.401130842885e-08	1.054533649843e-03	2.789873445573e-01	2.702501718769e+00
1.190000000000e+00	1.124312194729e-136	2.225379788963e-93	9.532253223016e-63	4.810895966208e-41	9.006337812193e-26	3.149833114777e-15	2.963543840223e-08	9.662480381081e-04	2.664280490515e-01	2.670717564931e+00
1.191250000000e+00	4.872686599401e-137	1.172695534053e-93	5.844097715639e-63	3.321900488768e-41	6.835486136171e-26	2.579303857951e-15	2.580946907136e-08	8.849495678227e-04	2.543290522846e-01	2.638316144258e+00
1.192500000000e+00	2.109441511340e-137	6.173801965576e-94	3.579981267444e-63	2.292099353413e-41	5.184580663413e-26	2.110917558114e-15	2.246603769709e-08	8.101214504840e-04	2.426792187577e-01	2.605329131861e+00
1.193750000000e+00	9.121871446882e-138	3.247180346689e-94	2.191217191637e-63	1.580397834341e-41	3.929894751460e-26	1.726608355018e-15	1.954580644786e-08	7.412820015187e-04	2.314673770561e-01	2.571788468316e+00
1.195000000000e+00	3.940196286981e-138	1.706264741407e-94	1.340082346921e-63	1.088893938517e-41	2.976948063459e-26	1.411465298489e-15	1.699653537393e-08	6.779825141260e-04	2.206823395232e-01	2.537726308679e+00
1.196250000000e+00	1.700079450476e-138	8.957209146665e-95	8.188774899366e-64	7.497058535577e-42	2.253640564179e-26	1.153188688446e-15	1.477225885227e-08	6.198052412953e-04	2.103129210616e-01	2.503174971739e+00
1.197500000000e+00	7.327199712516e-139	4.697700282396e-95	4.999743989016e-64	5.158012501069e-42	1.704987106104e-26	9.416387964490e-16	1.283255439438e-08	5.663614820960e-04	2.003479570577e-01	2.468166889633e+00
1.198750000000e+00	3.154454667842e-139	2.461411280514e-95	3.050127458922e-64	3.546174039343e-42	1.289082170540e-26	7.684615008722e-16	1.114189384907e-08	5.172897683517e-04	1.907763204251e-01	2.432734557928e+00
1.200000000000e+00	1.356525627360e-139	1.288455310794e-95	1.859214921914e-64	2.436261314012e-42	9.740094243467e-27	6.267779174999e-16	9.669068061743e-09	4.722541478342e-04	1.815869377700e-01	2.396910486271e+00
1.201250000000e+00	5.827055648337e-140	6.738152330229e-96	1.132354973150e-64	1.672529778931e-42	7.354764500657e-27	5.109272437654e-16	8.386676979382e-09	4.309425601515e-04	1.727688046780e-01	2.360727149709e+00
1.202500000000e+00	2.500275003158e-140	3.520453250458e-96	6.890916293629e-65	1.147387240834e-42	5.550056931485e-27	4.162538236385e-16	7.270678027636e-09	3.930653015535e-04	1.643110001294e-01	2.324216940788e+00
1.203750000000e+00	1.071627482796e-140	1.837564659372e-96	4.189987662845e-65	7.865608757252e-43	4.185517476663e-27	3.389309369986e-16	6.299986339746e-09	3.583535749311e-04	1.562027000493e-01	2.287412122515e+00
1.205000000000e+00	4.587936067854e-141	9.582370741536e-97	2.545598469446e-65	5.388164321034e-43	3.154452092274e-27	2.758150690098e-16	5.456121095459e-09	3.265581213532e-04	1.484331900017e-01	2.250344782282e+00
1.206250000000e+00	1.962042102889e-141	4.992172702864e-97	1.545284488939e-65	3.688378572181e-43	2.375865040018e-27	2.243254610052e-16	4.722892838165e-09	2.974479295566e-04	1.409918770393e-01	2.213046786834e+00
1.207500000000e+00	8.381403290043e-142	2.598319331187e-97	9.372778992847e-66	2.522994570689e-43	1.788309373480e-27	1.823446179315e-16	4.086127186786e-09	2.708090198803e-04	1.338683007215e-01	2.175549738379e+00
1.208750000000e+00	3.576371328026e-142	1.351082097092e-97	5.680279359498e-66	1.724579854859e-43	1.345199178689e-27	1.481361764492e-16	3.533420851425e-09	2.464432992205e-04	1.270521433158e-01	2.137884931896e+00
1.210000000000e+00	1.524354303835e-142	7.018709146974e-98	3.439635326925e-66	1.177976071507e-43	1.011238483738e-27	1.202771458389e-16	3.053926303730e-09	2.241674836706e-04	1.205332391983e-01	2.100083313744e+00
1.211250000000e+00	6.490029766227e-143	3.642663414643e-98	2.081116984205e-66	8.040365578377e-44	7.597026456353e-28	9.760204067678e-17	2.638161849302e-09	2.038120856008e-04	1.143015834719e-01	2.062175441617e+00
1.212500000000e+00	2.760100569199e-143	1.888718062595e-98	1.258119731364e-66	5.484048535871e-44	5.703700905251e-28	7.915684639635e-17	2.277844204722e-09	1.852204620283e-04	1.083473398205e-01	2.024191445932e+00
1.213750000000e+00	1.172520852783e-143	9.783663679612e-99	7.599566868295e-67	3.737773245563e-44	4.279498742609e-28	6.416111026176e-17	1.965740999846e-09	1.682479212237e-04	1.026608476198e-01	1.986160992695e+00
1.215000000000e+00	4.975465215250e-144	5.063166254836e-99	4.586665777800e-67	2.545720849740e-44	3.208869958275e-28	5.197674260614e-17	1.695540910798e-09	1.527608846024e-04	9.723262832554e-02	1.948113247913e+00
1.216250000000e+00	2.108940193851e-144	2.617755934953e-99	2.765965357818e-67	1.732585897211e-44	2.404553178976e-28	4.208235621247e-17	1.461739383623e-09	1.386361010456e-04	9.205339116249e-02	1.910076843592e+00
1.217500000000e+00	8.929194525054e-145	1.352142330884e-99	1.666624512841e-67	1.178324581326e-44	1.800693140052e-28	3.405217361813e-17	1.259538136163e-09	1.257599108988e-04	8.711403813544e-02	1.872079845381e+00
1.218750000000e+00	3.776397966886e-145	6.977533933771e-100	1.003390953186e-67	8.007948426468e-45	1.347621988510e-28	2.753869975781e-17	1.084756828900e-09	1.140275569990e-04	8.240566838759e-02	1.834149721885e+00
1.220000000000e+00	1.595367264867e-145	3.597226606128e-100	6.035927074202e-68	5.438307550316e-45	1.007904819209e-28	2.225849644904e-17	9.337554768704e-10	1.033425401782e-04	7.791958192963e-02	1.796313315699e+00
1.221250000000e+00	6.732262611849e-146	1.852763251806e-100	3.627932299884e-68	3.690561343684e-45	7.533451726229e-29	1.798051055665e-17	8.033663364787e-10	9.361601679670e-05	7.364728276461e-02	1.758596816189e+00
1.222500000000e+00	2.837780964306e-146	9.533631277846e-101	2.178791897379e-68	2.502691160252e-45	5.627189652431e-29	1.451650324252e-17	6.908341452036e-10	8.476623595684e-05	6.958048143361e-02	1.721025734033e+00
1.223750000000e+00	1.194852081037e-146	4.900981529340e-101	1.307415760761e-68	1.695931309322e-45	4.200607948198e-29	1.171320685095e-17	5.937637205299e-10	7.671801414670e-05	6.571109700775e-02	1.683624877562e+00
1.225000000000e+00	5.025356406246e-147	2.517062920505e-101	7.838862880512e-69	1.148405922061e-45	3.133688342073e-29	9.445901478569e-18	5.100740387085e-10	6.940224516228e-05	6.203125855190e-02	1.646418330903e+00
1.226250000000e+00	2.111237262200e-147	1.291490957852e-101	4.696061832367e-69	7.770854116325e-46	2.336267184346e-29	7.613157448263e-18	4.379580155513e-10	6.275544325066e-05	5.853330608586e-02	1.609429433938e+00
1.227500000000e+00	8.859815278612e-148	6.620258680280e-102	2.810968200356e-69	5.254462000556e-46	1.740653270687e-29	6.132534680553e-18	3.758473017782e-10	5.671931751141e-05	5.520979106860e-02	1.572680764083e+00
1.228750000000e+00	3.713896039574e-148	3.390352389098e-102	1.681200249490e-69	3.550372511862e-46	1.296059938963e-29	4.937066938128e-18	3.223814856458e-10	5.124037568495e-05	5.205347643113e-02	1.536194119892e+00
1.230000000000e+00	1.555078327095e-148	1.734606675515e-102	1.004672109682e-69	2.397208209945e-46	9.644083412044e-30	3.972389447262e-18	2.763811667808e-10	4.626955554604e-05	4.905733618327e-02	1.499990506468e+00
1.231250000000e+00	6.504175412426e-149	8.866321556323e-103	5.998886342373e-70	1.617423532258e-46	7.171663167468e-30	3.194393583161e-18	2.368244282891e-10	4.176188220773e-05	4.621455461956e-02	1.464090122700e+00
1.232500000000e+00	2.717375606624e-149	4.527643606065e-103	3.578972063162e-70	1.090505664142e-46	5.329688959877e-30	2.567313067645e-18	2.028262901872e-10	3.767614972565e-05	4.351852514914e-02	1.428512350271e+00
1.233750000000e+00	1.134030017195e-149	2.309868635016e-103	2.133474076799e-70	7.347139079300e-47	3.958283533741e-30	2.062163232394e-18	1.736207767801e-10	3.397462547460e-05	4.096284877391e-02	1.393275744464e+00
1.235000000000e+00	4.727340433442e-150	1.177304004275e-103	1.270743272862e-70	4.946462983926e-47	2.937886338868e-30	1.655468984187e-18	1.485452745036e-10	3.062277584877e-05	3.854133223919e-02	1.358398026710e+00
1.236250000000e+00	1.968460287146e-150	5.994821444769e-104	7.562574317467e-71	3.327801652261e-47	2.179145027422e-30	1.328228696675e-18	1.270268955700e-10	2.758901191347e-05	3.624798588032e-02	1.323896078866e+00
1.237500000000e+00	8.187548526135e-151	3.049651232272e-104	4.496999909998e-71	2.237207516284e-47	1.615326560323e-30	1.065070781992e-18	1.085705970829e-10	2.484445371032e-05	3.407702118826e-02	1.289785939197e+00
1.238750000000e+00	3.401720028598e-151	1.549923950157e-104	2.671883324073e-71	1.502938721114e-47	1.196623667682e-30	8.535675261102e-19	9.274883560614e-11	2.236271198902e-05	3.202284811660e-02	1.256082800014e+00
1.240000000000e+00	1.411759431159e-151	7.869676773887e-105	1.586183716412e-71	1.008933272874e-47	8.858861203041e-31	6.836772026654e-19	7.919256394466e-11	2.011968620710e-05	3.008007215196e-02	1.222801006952e+00
1.241250000000e+00	5.852484590844e-152	3.991992281084e-105	9.408727100532e-72	6.768146998478e-48	6.554223716391e-31	5.472907579425e-19	6.758340051150e-11	1.809337770474e-05	2.824349116887e-02	1.189954059823e+00
1.242500000000e+00	2.423468117833e-152	2.023060087845e-105	5.576345115967e-72	4.536942632664e-48	4.846047644420e-31	4.378636887369e-19	5.764682248316e-11	1.626371702478e-05	2.650809208968e-02	1.157554615022e+00
1.243750000000e+00	1.002424778047e-152	1.024269316712e-105	3.302248893437e-72	3.039085792210e-48	3.580775990468e-31	3.501172832066e-19	4.914625229272e-11	1.461240440803e-05	2.486904736941e-02	1.125614489427e+00
1.245000000000e+00	4.141748522575e-153	5.180907466407e-106	1.953940567314e-72	2.034270961287e-48	2.644171870898e-31	2.797963015693e-19	4.187792316894e-11	1.312276255166e-05	2.332171132468e-02	1.094144665750e+00
1.246250000000e+00	1.709358317425e-153	2.618085346035e-106	1.155192294329e-72	1.360695054408e-48	1.951305476932e-31	2.234725530554e-19	3.566642364761e-11	1.177960077322e-05	2.186161632496e-02	1.063155299284e+00
1.247500000000e+00	7.046929774596e-154	1.321746155051e-106	6.823993492804e-73	9.094922025563e-49	1.439076565354e-31	1.783857723094e-19	3.036083348537e-11	1.056908977529e-05	2.048446886400e-02	1.032655725996e+00
1.248750000000e+00	2.901911932370e-154	6.666511048791e-107	4.027766745707e-73	6.074678820072e-49	1.060634117896e-31	1.423147901160e-19	2.583137439481e-11	9.478646255330e-06	1.918614552819e-02	1.002654471906e+00
1.250000000000e+00	1.193674629764e-154	3.359196757190e-107	2.375370764704e-73	4.054467549984e-49	7.812145800643e-32	1.134732938723e-19	2.196650867108e-11	8.496826652846e-06	1.796268887796e-02	9.731592637015e-01
1.251250000000e+00	4.904617567062e-155	1.691058272074e-107	1.399715878354e-73	2.704148291556e-49	5.750401142673e-32	9.042553520826e-20	1.867042725078e-11	7.613229370716e-06	1.681030325774e-02	9.441770405195e-01
1.252500000000e+00	2.012990780049e-155	8.504876187835e-108	8.241186808150e-74	1.802242995295e-49	4.230084063758e-32	7.201820878821e-20	1.586087617427e-11	6.818404850322e-06	1.572535054875e-02	9.157139668457e-01
1.253750000000e+00	8.252696478066e-156	4.273303216607e-108	4.848205448147e-74	1.200279408586e-49	3.109731617453e-32	5.732543308972e-20	1.346727693543e-11	6.103772920310e-06	1.470434587887e-02	8.877754464606e-01
1.255000000000e+00	3.379616410350e-156	2.145090973888e-108	2.849795255008e-74	7.987990360526e-50	2.284651041316e-32	4.560433998519e-20	1.142910190853e-11	5.461546877117e-06	1.374395330217e-02	8.603661373766e-01
1.256250000000e+00	1.382472172890e-156	1.075756584116e-108	1.673738823298e-74	5.312254532578e-50	1.677412579948e-32	3.625924912685e-20	9.694471036818e-12	4.884663791422e-06	1.284098146079e-02	8.334899676995e-01
1.257500000000e+00	5.648886347525e-157	5.389749760225e-109	9.822071879500e-75	3.530257517436e-50	1.230787200226e-32	2.881278503999e-20	8.218940337394e-12	4.366720568776e-06	1.199237924051e-02	8.071501523535e-01
1.258750000000e+00	2.305614667636e-157	2.697798336521e-109	5.759170199243e-75	2.344337121069e-50	9.025039288097e-33	2.288260549974e-20	6.964456598086e-12	3.901915324793e-06	1.119523143085e-02	7.813492106038e-01
1.260000000000e+00	9.400004601136e-158	1.349076741142e-109	3.374101211097e-75	1.555678713979e-50	6.613605503084e-33	1.816266232941e-20	5.898455980509e-12	3.484993665549e-06	1.044675439984e-02	7.560889843146e-01
1.261250000000e+00	3.828131577643e-158	6.739848257394e-110	1.975139095185e-75	1.031587144860e-50	4.843402097903e-33	1.440812095391e-20	4.993087159068e-12	3.111199492329e-06	9.744291792888e-03	7.313706568782e-01
1.262500000000e+00	1.557267061057e-158	3.363952652139e-110	1.155257115518e-75	6.835622974935e-51	3.544751703156e-33	1.142323164773e-20	4.224542169852e-12	2.776229976631e-06	9.085310264302e-03	7.071947727512e-01
1.263750000000e+00	6.327858937504e-159	1.677397230775e-110	6.751511411925e-76	4.526228211320e-51	2.592651651356e-33	9.051580605849e-21	3.572480362319e-12	2.476194376517e-06	8.467395249654e-03	6.835612575365e-01
1.265000000000e+00	2.568431167247e-159	8.356189121783e-111	3.942436865117e-76	2.994890586142e-51	1.895071379388e-33	7.168258592976e-21	3.019532780630e-12	2.207576388968e-06	7.888246786261e-03	6.604694385468e-01
1.266250000000e+00	1.041349526885e-159	4.158789043705e-111	2.300222649448e-76	1.980211787406e-51	1.384299401649e-33	5.673573769522e-21	2.550875986020e-12	1.967199755074e-06	7.345675388578e-03	6.379180657901e-01
1.267500000000e+00	4.217378380195e-160	2.067815628320e-111	1.340961752615e-76	1.308363708553e-51	1.010549390405e-33	4.488007246225e-21	2.153865798016e-12	1.752196855547e-06	6.837597984605e-03	6.159053333141e-01
1.268750000000e+00	1.706106200117e-160	1.027171656757e-111	7.810957837555e-77	8.638364075965e-52	7.372386792502e-34	3.548168158204e-21	1.817722707928e-12	1.559980053504e-06	6.362033918891e-03	5.944289008538e-01
1.270000000000e+00	6.894249649138e-161	5.097538712884e-112	4.546043461034e-77	5.699289082791e-52	5.375040428369e-34	2.803552157543e-21	1.533261827129e-12	1.388215559534e-06	5.917101027073e-03	5.734859157196e-01
1.271250000000e+00	2.782821824677e-161	2.527343834128e-112	2.643651845138e-77	3.757474442031e-52	3.916322183240e-34	2.213945304800e-21	1.292661196261e-12	1.234799611026e-06	5.501011786425e-03	5.530730348732e-01
1.272500000000e+00	1.122021674227e-161	1.251856125082e-112	1.536088806453e-77	2.475469338838e-52	2.851662632778e-34	1.747346104583e-21	1.089263118177e-12	1.097836773495e-06	5.112069546310e-03	5.331864471331e-01
1.273750000000e+00	4.518918850911e-162	6.194850057579e-113	8.918047388183e-78	1.629690879137e-52	2.075109084897e-34	1.378303268674e-21	9.174039035825e-13	9.756201864169e-07	4.748664841962e-03	5.138218954574e-01
1.275000000000e+00	1.817964043308e-162	3.062622516095e-113	5.173263672410e-78	1.072109354752e-52	1.509060923711e-34	1.086586831273e-21	7.722680479644e-13	8.666135897369e-07	4.409271794555e-03	4.949746992513e-01
1.276250000000e+00	7.305559573662e-163	1.512663873176e-113	2.998477814423e-78	7.047889772152e-53	1.096719763723e-34	8.561264010625e-22	6.497634041905e-13	7.694349800352e-07	4.092444600053e-03	4.766397766495e-01
1.277500000000e+00	2.932507520128e-163	7.464104141029e-114	1.736514654462e-78	4.629832593233e-53	7.965400573714e-35	6.741633575528e-22	5.464143878428e-13	6.828417571681e-07	3.796814108912e-03	4.588116667247e-01
1.278750000000e+00	1.175823763247e-163	3.679588367037e-114	1.004841244365e-78	3.039188518675e-53	5.781527915216e-35	5.305742869208e-22	4.592706615564e-13	6.057172332462e-07	3.521084498323e-03	4.414845515760e-01
1.280000000000e+00	4.709369665332e-164	1.812203963099e-114	5.809755286690e-79	1.993591434111e-53	4.193732135842e-35	4.173313936039e-22	3.858290986172e-13	5.370583860414e-07	3.264030038282e-03	4.246522782526e-01
1.281250000000e+00	1.884086256752e-164	8.916639452110e-115	3.356291044634e-79	1.306775083534e-53	3.040057534501e-35	3.280724133952e-22	3.239671321186e-13	4.759647484108e-07	3.024491952435e-03	4.083083804714e-01
1.282500000000e+00	7.529328262888e-165	4.383102512189e-115	1.937326306221e-79	8.559565082653e-54	2.202348145602e-35	2.577580114428e-22	2.718858604124e-13	4.216283341281e-07	2.801375374302e-03	3.924461000867e-01
1.283750000000e+00	3.005585816925e-165	2.152525681474e-115	1.117345088442e-79	5.602588414638e-54	1.594458418509e-35	2.023990329091e-22	2.280615079288e-13	3.733245086557e-07	2.593646399188e-03	3.770584082756e-01
1.285000000000e+00	1.198448797634e-165	1.056091012925e-115	6.438923422799e-80	3.664476208913e-54	1.153621861449e-35	1.588394939757e-22	1.912040374892e-13	3.304037209373e-07	2.400329231796e-03	3.621380264024e-01
1.286250000000e+00	4.773394033874e-166	5.176552748480e-116	3.707495077846e-80	2.395086821493e-54	8.341358976438e-36	1.245840250559e-22	1.602218801834e-13	2.922840192563e-07	2.220503429269e-03	3.476774465281e-01
1.287500000000e+00	1.899120573010e-166	2.534931524351e-116	2.132992327617e-80	1.564288249297e-54	6.027444232159e-36	9.766074261460e-23	1.341918953605e-13	2.584442806489e-07	2.053301239179e-03	3.336689515350e-01
1.288750000000e+00	7.547363054331e-167	1.240161122065e-116	1.226138108712e-80	1.020935891478e-54	4.352638955734e-36	7.651234065992e-23	1.123337994615e-13	2.284180893031e-07	1.897905031731e-03	3.201046348352e-01
1.290000000000e+00	2.996093726482e-167	6.061446611530e-117	7.042565180123e-81	6.658345517503e-55	3.141196776981e-36	5.990964623675e-23	9.398841104191e-14	2.017882048598e-07	1.753544825228e-03	3.069764196381e-01
1.291250000000e+00	1.188045297044e-167	2.959788972518e-117	4.041696951939e-81	4.339306742603e-55	2.265482420096e-36	4.688304636149e-23	7.859915278476e-14	1.781815665843e-07	1.619495903705e-03	2.942760777506e-01
1.292500000000e+00	4.705741368246e-168	1.443881336848e-117	2.317597457066e-81	2.825924414554e-55	1.632861331578e-36	3.666812415263e-23	6.569633165894e-14	1.572647840330e-07	1.495076525395e-03	2.819952478887e-01
1.293750000000e+00	1.861832296922e-168	7.037016180796e-118	1.327864167804e-81	1.839021891189e-55	1.176145272337e-36	2.866258555837e-23	5.488378742304e-14	1.387400691223e-07	1.379645720618e-03	2.701254534789e-01
1.295000000000e+00	7.358181830766e-169	3.426351295243e-118	7.601699276228e-82	1.195912550395e-55	8.466339597849e-37	2.239215215028e-23	4.582755897311e-14	1.223415684443e-07	1.272601177472e-03	2.586581199326e-01
1.296250000000e+00	2.904811278771e-169	1.666715668215e-118	4.348195930520e-82	7.771379462378e-56	6.090507143798e-37	1.748356973187e-23	3.824626892434e-14	1.078320582974e-07	1.173377213631e-03	2.475845913763e-01
1.297500000000e+00	1.145467520321e-169	8.099858644013e-119	2.485128859385e-82	5.046415134603e-56	4.378590030548e-37	1.364326092284e-23	3.190297046961e-14	9.499996821878e-08	1.081442832430e-03	2.368961468239e-01
1.298750000000e+00	4.511958401768e-170	3.932598897495e-119	1.419155901293e-82	3.274567899313e-56	3.145851121257e-37	1.064045161458e-23	2.659823797830e-14	8.365670185917e-08	9.962998613243e-04	2.265840157802e-01
1.300000000000e+00	1.775271762620e-170	1.907515862361e-119	8.097532305850e-83	2.123299185742e-56	2.258734066776e-37	8.293841638398e-24	2.216431485741e-14	7.363422683381e-08	9.174811707332e-04	2.166393932631e-01
1.301250000000e+00	6.977214169678e-171	9.243638542211e-120	4.616540590239e-83	1.375797618758e-56	1.620746503013e-37	6.461081475431e-24	1.846015964539e-14	6.478290774687e-08	8.445489712029e-04	2.070534542393e-01
1.302500000000e+00	2.739155663802e-171	4.475113380911e-120	2.629795722230e-83	8.908079429357e-57	1.162219449908e-37	5.030469240490e-24	1.536725479669e-14	5.696955893145e-08	7.770931867840e-04	1.978173674655e-01
1.303750000000e+00	1.074159623100e-171	2.164469263212e-120	1.496817175700e-83	5.763678865653e-57	8.328834641468e-38	3.914403393784e-24	1.278606270051e-14	5.007569559354e-08	7.147299024558e-04	1.889223087308e-01
1.305000000000e+00	4.207638149607e-172	1.045887793778e-120	8.512495366321e-84	3.726504387394e-57	5.964903130980e-38	3.044222994661e-24	1.063303064384e-14	4.399596401007e-08	6.570998834079e-04	1.803594734985e-01
1.306250000000e+00	1.646362234065e-172	5.048996361548e-121	4.837114928600e-84	2.407629553490e-57	4.269191197786e-38	2.366143861649e-24	8.838061091464e-15	3.863673322390e-08	6.038671639605e-04	1.721200889454e-01
1.307500000000e+00	6.434723010377e-173	2.435069228308e-121	2.746359026417e-84	1.554403843625e-57	3.053591023012e-38	1.838059778442e-24	7.342376172445e-15	3.391483231502e-08	5.547177038887e-04	1.641954253992e-01
1.308750000000e+00	2.512185874101e-173	1.173285920378e-121	1.558007712431e-84	1.002822857822e-57	2.182725839881e-38	1.427026106794e-24	6.096715940759e-15	2.975641882026e-08	5.093581099109e-04	1.565768071772e-01
1.310000000000e+00	9.796955426696e-174	5.647844061891e-122	8.831272433596e-85	6.465033127664e-58	1.559231371562e-38	1.107281404414e-24	5.059819082445e-15	2.609596523506e-08	4.675144200999e-04	1.492556228284e-01
1.311250000000e+00	3.816347788150e-174	2.716112955373e-122	5.001708170540e-85	4.164889196583e-58	1.113127707707e-38	8.586929471608e-25	4.197142499780e-15	2.287535177108e-08	4.289309489858e-04	1.422233347841e-01
1.312500000000e+00	1.484985488267e-174	1.304966156007e-122	2.830445535042e-85	2.681157435876e-58	7.941498844824e-39	6.655360526514e-25	3.479782809825e-15	2.004305467264e-08	3.933691911282e-04	1.354714884247e-01
1.313750000000e+00	5.771835223751e-175	6.263786718206e-123	1.600415110288e-85	1.724754742301e-58	5.662171450012e-39	5.155360961425e-25	2.883568417897e-15	1.755342042208e-08	3.606067809626e-04	1.289917205681e-01
1.315000000000e+00	2.240903161895e-175	3.003730513194e-123	9.041737012519e-86	1.108711485039e-58	4.034471100720e-39	3.991171335765e-25	2.388295609524e-15	1.536601709843e-08	3.304365067435e-04	1.227757673897e-01
1.316250000000e+00	8.690598877855e-176	1.439034687835e-123	5.104021393857e-86	7.121900668447e-59	2.872852025355e-39	3.088129232852e-25	1.977086170459e-15	1.344505500255e-08	3.026653764429e-04	1.168154717821e-01
1.317500000000e+00	3.366617460293e-176	6.887598943292e-124	2.878819848481e-86	4.571507588532e-59	2.044386289508e-39	2.388055206357e-25	1.635847498814e-15	1.175886943214e-08	2.771137334929e-04	1.111027901673e-01
1.318750000000e+00	1.302732621517e-176	3.293447390398e-124	1.622399776234e-86	2.932305027838e-59	1.453903952671e-39	1.845640279555e-25	1.352819106498e-15	1.027945918973e-08	2.536144203012e-04	1.056297987709e-01
1.320000000000e+00	5.035403249869e-177	1.573330282299e-124	9.135717347244e-87	1.879511607503e-59	1.033312134571e-39	1.425619274094e-25	1.118191896164e-15	8.982075040606e-09	2.320119875101e-04	1.003886993706e-01
1.321250000000e+00	1.944154047899e-177	7.508883471769e-125	5.140067450927e-87	1.203835223714e-59	7.339228284197e-40	1.100560339399e-25	9.237887108003e-16	7.844852912142e-09	2.121619470117e-04	9.537182453411e-02
1.322500000000e+00	7.497984573239e-178	3.580281045462e-125	2.889590953761e-87	7.705046212883e-60	5.209455327871e-40	8.491373799352e-26	7.627964422774e-16	6.848487146567e-09	1.939300667827e-04	9.057164235768e-02
1.323750000000e+00	2.888523211309e-178	1.705474245802e-125	1.623100109748e-87	4.927987713556e-60	3.695364604646e-40	6.547806880233e-26	6.295415007374e-16	5.975939589952e-09	1.771917056466e-04	8.598076072105e-02
1.325000000000e+00	1.111538811535e-178	8.116326390444e-126	9.109522909400e-88	3.149561927870e-60	2.619662395023e-40	5.046236095606e-26	5.193017298353e-16	5.212180726146e-09	1.618311861268e-04	8.159193107325e-02
1.326250000000e+00	4.272586381629e-179	3.858869866442e-126	5.108428801684e-88	2.011485261712e-60	1.855907863300e-40	3.886807847605e-26	4.281489384279e-16	4.543959449294e-09	1.477412036024e-04	7.739805176454e-02
1.327500000000e+00	1.640493533513e-179	1.832934957895e-126	2.862334890336e-88	1.283718277558e-60	1.313985438758e-40	2.992074324346e-26	3.528171373129e-16	3.959598416291e-09	1.348222700346e-04	7.339217094016e-02
1.328750000000e+00	6.291810652018e-180	8.698017298299e-127	1.602488535553e-88	8.186697845703e-61	9.297105258880e-41	2.302000879161e-26	2.905923454118e-16	3.448812234312e-09	1.229821905847e-04	6.956748901200e-02
1.330000000000e+00	2.410428293479e-180	4.123630769155e-127	8.964184883384e-89	5.217157718116e-61	6.573974241727e-41	1.770077958862e-26	2.392204850348e-16	3.002546021692e-09	1.121355714996e-04	6.591736072437e-02
1.331250000000e+00	9.224232459917e-181	1.953104891304e-127	5.010350017415e-89	3.322349655944e-61	4.645487576598e-41	1.360295009135e-26	1.968304389655e-16	2.612832135630e-09	1.022033576975e-04	6.243529683032e-02
1.332500000000e+00	3.526011401853e-181	9.241823187423e-128	2.798122440917e-89	2.114184456883e-61	3.280633101612e-41	1.044786654099e-26	1.618698087091e-16	2.272663090103e-09	9.311239853897e-05	5.911496539528e-02
1.333750000000e+00	1.346339650251e-181	4.368939541330e-128	1.561373305302e-89	1.344394048412e-61	2.315298961574e-41	8.020028828902e-27	1.330513066551e-16	1.975878894419e-09	8.479504032738e-05	5.595019274454e-02
1.335000000000e+00	5.135030299508e-182	2.063387075569e-128	8.705388805369e-90	8.542725545169e-62	1.632975038093e-41	6.152874313970e-27	1.093080464074e-16	1.717067229069e-09	7.718874413463e-05	5.293496407132e-02
1.336250000000e+00	1.956360274265e-182	9.735800558744e-129	4.849656541154e-90	5.424409822031e-62	1.150999327659e-41	4.717739529311e-27	8.975627470163e-17	1.491475043059e-09	7.023572760461e-05	5.006342372234e-02
1.337500000000e+00	7.445127010518e-183	4.589326151785e-129	2.699449326301e-90	3.441871883683e-62	8.107624913355e-42	3.615294466050e-27	7.366432330039e-17	1.294930307403e-09	6.388262944017e-05	4.732987517722e-02
1.338750000000e+00	2.830172046460e-183	2.161287138284e-129	1.501345904144e-90	2.182343325423e-62	5.707360192977e-42	2.768899511538e-27	6.042675689683e-17	1.123772794631e-09	5.808019533248e-05	4.472878073853e-02
1.340000000000e+00	1.074659825683e-183	1.016862675612e-129	8.343105489514e-91	1.382730733458e-62	4.015133316122e-42	2.119456533236e-27	4.954285921586e-17	9.747928755012e-10	5.278298414432e-05	4.225476094866e-02
1.341250000000e+00	4.076116997004e-184	4.779675756509e-130	4.632507096386e-91	8.754640645742e-63	2.822849424107e-42	1.621420408924e-27	4.059873910257e-17	8.451774329289e-10	4.794909321012e-05	3.990259374985e-02
1.342500000000e+00	1.544328616180e-184	2.244506445533e-130	2.570075247393e-91	5.538921365295e-63	1.983346116929e-42	1.239711293189e-27	3.325245561184e-17	7.324620906754e-10	4.353990166588e-05	3.766721340324e-02
1.343750000000e+00	5.844538816562e-185	1.053002905438e-130	1.424678832529e-91	3.501855667156e-63	1.392619148819e-42	9.473256161247e-28	2.722165948910e-17	6.344890417592e-10	3.951983077135e-05	3.554370918264e-02
1.345000000000e+00	2.209419721996e-185	4.935425194125e-131	7.890953636980e-92	2.212368426601e-63	9.772130758725e-43	7.234887891004e-28	2.227333094313e-17	5.493698397733e-10	3.585612023492e-05	3.352732385846e-02
1.346250000000e+00	8.343027131522e-186	2.311031524116e-131	4.367002080837e-92	1.396699020949e-63	6.852818528513e-43	5.522276297604e-28	1.821526277603e-17	4.754525863092e-10	3.251861959803e-05	3.161345198688e-02
1.347500000000e+00	3.146926039580e-186	1.081118893603e-131	2.414786243891e-92	8.811186072632e-64	4.802553900530e-43	4.212677949806e-28	1.488899587839e-17	4.112930102876e-10	2.947959378177e-05	2.979763801889e-02
1.348750000000e+00	1.185678286868e-186	5.052744480191e-132	1.334182914126e-92	5.554590969460e-64	3.363553338404e-43	3.211827322954e-28	1.216396261225e-17	3.556289909404e-10	2.671354194202e-05	2.807557424364e-02
1.350000000000e+00	4.462360453024e-187	2.359214925611e-132	7.365350917035e-93	3.499096839246e-64	2.354222168832e-43	2.447371613427e-28	9.932634200542e-18	3.073581261563e-10	2.419702882203e-05	2.644309858008e-02
1.351250000000e+00	1.677567021471e-187	1.100509940142e-132	4.062682647505e-93	2.202652606139e-64	1.646719489958e-43	1.863809194554e-28	8.106502193142e-18	2.655179924968e-10	2.190852783304e-05	2.489619223029e-02
1.352500000000e+00	6.299594024729e-188	5.128693241143e-133	2.239101300322e-93	1.385550054526e-64	1.151104790014e-43	1.418589635928e-28	6.612752456993e-18	2.292687829788e-10	1.982827513265e-05	2.343097720783e-02
1.353750000000e+00	2.362994416336e-188	2.387843004379e-133	1.233036612664e-93	8.709327050231e-65	8.041427509647e-44	1.079110495841e-28	5.391513842716e-18	1.978780441811e-10	1.793813400951e-05	2.204371375355e-02
1.355000000000e+00	8.853811653197e-189	1.110685511931e-133	6.784527226963e-94	5.470577136651e-65	5.614026990037e-44	8.204060456146e-29	4.393583470731e-18	1.707072658377e-10	1.622146891960e-05	2.073079765131e-02
1.356250000000e+00	3.313716217071e-189	5.161343173340e-134	3.729963604702e-94	3.433743576019e-65	3.916867639051e-44	6.233695563799e-29	3.578547092866e-18	1.472001042157e-10	1.466302855485e-05	1.948875745522e-02
1.357500000000e+00	1.238847355014e-189	2.396186718229e-134	2.048948232236e-94	2.153717519792e-65	2.731029241863e-44	4.733867813805e-29	2.913226755735e-18	1.268720456166e-10	1.324883735891e-05	1.831425163971e-02
1.358750000000e+00	4.626341985489e-190	1.111385864902e-134	1.124601775185e-94	1.349881946338e-65	1.902991548006e-44	3.592861417245e-29	2.370399468810e-18	1.093013386114e-10	1.196609493759e-05	1.720406568340e-02
1.360000000000e+00	1.725739021139e-190	5.149859408316e-135	6.167482568988e-95	8.454520942385e-66	1.325166423178e-44	2.725326923818e-29	1.927740139558e-18	9.412104341100e-11	1.080308284264e-05	1.615510909680e-02
1.361250000000e+00	6.430281057021e-191	2.384032483428e-135	3.379546947696e-95	5.291373117794e-66	9.222040855189e-45	2.066096246073e-29	1.566949996035e-18	8.101206436160e-11	9.749078237647e-06	1.516441240411e-02
1.362500000000e+00	2.393328115481e-191	1.102593063134e-135	1.850335257662e-95	3.309283211702e-66	6.413671545407e-45	1.565439514116e-29	1.273038338431e-18	6.969704716186e-11	8.794273982991e-06	1.422912408816e-02
1.363750000000e+00	8.897991372452e-192	5.094535991383e-136	1.012240598473e-95	2.068167231147e-66	4.457685690612e-45	1.185429788757e-29	1.033730966601e-18	5.993503625229e-11	7.929704704567e-06	1.334650750757e-02
1.365000000000e+00	3.304449875392e-192	2.351691261038e-136	5.532971924307e-96	1.291586617319e-66	3.096244343178e-45	8.971585128050e-30	8.389832060371e-19	5.151680010818e-11	7.147178436488e-06	1.251393779451e-02
1.366250000000e+00	1.225811827172e-192	1.084531742234e-136	3.021861588974e-96	8.060232833689e-67	2.149235788450e-45	6.786038660940e-30	6.805792549387e-19	4.426074305286e-11	6.439213452979e-06	1.172889874108e-02
1.367500000000e+00	4.542196273548e-193	4.996783368796e-137	1.649043292630e-96	5.026408780068e-67	1.490925545492e-45	5.129998971758e-30	5.518027295843e-19	3.800933184898e-11	5.798979928060e-06	1.098897968177e-02
1.368750000000e+00	1.681223440688e-193	2.299985334929e-137	8.991474844964e-97	3.132233935040e-67	1.033596197769e-45	3.875895219691e-30	4.471659023040e-19	3.262597385926e-11	5.220246083992e-06	1.029187237898e-02
1.370000000000e+00	6.215877215396e-194	1.057659571653e-137	4.898591188829e-97	1.950458627859e-67	7.160921366755e-46	2.926715981330e-30	3.621872963358e-19	2.799229111813e-11	4.697328510634e-06	9.635367918373e-03
1.371250000000e+00	2.295603446879e-194	4.859068626830e-138	2.666569132568e-97	1.213683540064e-67	4.958039259354e-46	2.208731533301e-30	2.932091000578e-19	2.400574133087e-11	4.225046357953e-06	9.017353620034e-03
1.372500000000e+00	8.468544224223e-195	2.230213566319e-138	1.450360238994e-97	7.546756693274e-68	3.430631512632e-46	1.665938961732e-30	2.372473523993e-19	2.057754271532e-11	3.798679122950e-06	8.435809971264e-03
1.373750000000e+00	3.120599984958e-195	1.022647981254e-138	7.882070411262e-98	4.689228568918e-68	2.372254278432e-46	1.255824756932e-30	1.918690839809e-19	1.763086481044e-11	3.413927770286e-06	7.888807586301e-03
1.375000000000e+00	1.148642536101e-195	4.684812017634e-139	4.280023190829e-98	2.911579299495e-68	1.639349147973e-46	9.461343209120e-31	1.550916183579e-19	1.509925197390e-11	3.066878942874e-06	7.374504197848e-03
1.376250000000e+00	4.223272828325e-196	2.144097174423e-139	2.322166317479e-98	1.806516825732e-68	1.132151991314e-46	7.124105700327e-31	1.253000809235e-19	1.292525034635e-11	2.753972034820e-06	6.891141684932e-03
1.377500000000e+00	1.551067979242e-196	9.803542852130e-140	1.258872967578e-98	1.120060717231e-68	7.813777942418e-47	5.361196353082e-31	1.011798597766e-19	1.105921263591e-11	2.471968914204e-06	6.437043141201e-03
1.378750000000e+00	5.690232040714e-197	4.478245830165e-140	6.818861687441e-99	6.939485746500e-69	5.389400395690e-47	4.032244645118e-31	8.166133828055e-20	9.458258226580e-12	2.217926097535e-06	6.010609987419e-03
1.380000000000e+00	2.085194505396e-197	2.043709202543e-140	3.690483280452e-99	4.296345287458e-69	3.714863748429e-47	3.030999295968e-31	6.587469398122e-20	8.085368888843e-12	1.989169191134e-06	5.610319131545e-03
1.381250000000e+00	7.632742612230e-198	9.317868186082e-141	1.995703366956e-99	2.658013814393e-69	2.558988793574e-47	2.277081623467e-31	5.311295035041e-20	6.908602811984e-12	1.783269427402e-06	5.234720179451e-03
1.382500000000e+00	2.790821845517e-198	4.244243733248e-141	1.078326119912e-99	1.643241737637e-69	1.761639068215e-47	1.709720672099e-31	4.280179083893e-20	5.900411825652e-12	1.598022135794e-06	4.882432698982e-03
1.383750000000e+00	1.019297738510e-198	1.931391702696e-141	5.821644040464e-100	1.015153807721e-69	1.211960699393e-47	1.282996667558e-31	3.447491088922e-20	5.037048565860e-12	1.431426999556e-06	4.552143539794e-03
1.385000000000e+00	3.718668440783e-199	8.780650644498e-142	3.140382559292e-100	6.266837098969e-70	8.332651062010e-48	9.622317774356e-32	2.775390275156e-20	4.298051999477e-12	1.281669959735e-06	4.242604211025e-03
1.386250000000e+00	1.355162283711e-199	3.988130186698e-142	1.692625398489e-100	3.865904582485e-70	5.725335078228e-48	7.212530513170e-32	2.233184835838e-20	3.665801177776e-12	1.147106637854e-06	3.952628318654e-03
1.387500000000e+00	4.933016914908e-200	1.809665250075e-142	9.115500875104e-101	2.383087686752e-70	3.931349703911e-48	5.403179966188e-32	1.795994391637e-20	3.125128367800e-12	1.026247157838e-06	3.681089064063e-03
1.388750000000e+00	1.793706383674e-200	8.203769674677e-143	4.905029323211e-101	1.467962907179e-70	2.697773597569e-48	4.045432916611e-32	1.443660188471e-20	2.662983831478e-12	9.177422564481e-07	3.426916805086e-03
1.390000000000e+00	6.514896993111e-201	3.715480294346e-143	2.637206066566e-101	9.036001787621e-71	1.850087963216e-48	3.027153029221e-32	1.159857625872e-20	2.268145505174e-12	8.203705795223e-07	3.189096680582e-03
1.391250000000e+00	2.363639307813e-201	1.681135648323e-143	1.416732678097e-101	5.558066026020e-71	1.267950531072e-48	2.263901616281e-32	9.313739404591e-21	1.930967693426e-12	7.330270689133e-07	2.966666299336e-03
1.392500000000e+00	8.565886283991e-202	7.599356948808e-144	7.604543417593e-102	3.416309920938e-71	8.684309582386e-49	1.692133113631e-32	7.475206260461e-21	1.643163644513e-12	6.547123520396e-07	2.758713493861e-03
1.393750000000e+00	3.100850698508e-202	3.431920529288e-144	4.078493395906e-102	2.098345461176e-71	5.944171605201e-49	1.264053048737e-32	5.996557144227e-21	1.397617535309e-12	5.845230525662e-07	2.564374139489e-03
1.395000000000e+00	1.121261365166e-202	1.548402602844e-144	2.185585346250e-102	1.287902198747e-71	4.066028658409e-49	9.437346001165e-33	4.807955848144e-21	1.188221969938e-12	5.216429468660e-07	2.382830038939e-03
1.396250000000e+00	4.049956053845e-203	6.979380157406e-145	1.170245996717e-102	7.899051522625e-72	2.779537813154e-49	7.041874107327e-33	3.852996931006e-21	1.009737601174e-12	4.653348966377e-07	2.213306872356e-03
1.397500000000e+00	1.461205216163e-203	3.142940126818e-145	6.260772821299e-103	4.841201683560e-72	1.898881190676e-49	5.251464532279e-33	3.086146607282e-21	8.576719242589e-13	4.149334933819e-07	2.055072212678e-03
1.398750000000e+00	5.266105647958e-204	1.413974745554e-145	3.346725659841e-103	2.964951350967e-72	1.296420988245e-49	3.914050439630e-33	2.470666585547e-21	7.281746776043e-13	3.698383553998e-07	1.907433606012e-03
1.400000000000e+00	1.895768801925e-204	6.355262440076e-146	1.787531357044e-103	1.814546638494e-72	8.845397796999e-50	2.915588313003e-33	1.976930619592e-21	6.179476206792e-13	3.295080225846e-07	1.769736716556e-03
1.401250000000e+00	6.817083708639e-205	2.853721700251e-146	9.539565880376e-104	1.109698159185e-72	6.031311221867e-50	2.170599930195e-33	1.581060222086e-21	5.241667522689e-13	2.934543985623e-07	1.641363535489e-03
1.402500000000e+00	2.448664766704e-205	1.280194737642e-146	5.086803265200e-104	6.781531184692e-73	4.109880212904e-50	1.615054454779e-33	1.263819624574e-21	4.444152876305e-13	2.612376937149e-07	1.521730653128e-03
1.403750000000e+00	8.785722632575e-206	5.737553514363e-147	2.710208221229e-104	4.141301292215e-73	2.798785683778e-50	1.201014792903e-33	1.009721201138e-21	3.766259355104e-13	2.324618263088e-07	1.410287593513e-03
1.405000000000e+00	3.148785631488e-206	2.568997919051e-147	1.442785478317e-104	2.527156047763e-73	1.904728930321e-50	8.926132815233e-34	8.063016596465e-22	3.190312096856e-13	2.067702423726e-07	1.306515210533e-03
1.406250000000e+00	1.127265335386e-206	1.149177322982e-147	7.674361518388e-105	1.541038392784e-73	1.295447351327e-50	6.630284039149e-34	6.435367164327e-22	2.701206782599e-13	1.838421181389e-07	1.209924144572e-03
1.407500000000e+00	4.031128663504e-207	5.135664372967e-148	4.078722251994e-105	9.390333676366e-74	8.805001034004e-51	4.922148639167e-34	5.133680126384e-22	2.286042005608e-13	1.633889117983e-07	1.120053338590e-03
1.408750000000e+00	1.439940736725e-207	2.292939057469e-148	2.165944868009e-105	5.717876330944e-74	5.980838976519e-51	3.652002921462e-34	4.093209537371e-22	1.933803289418e-13	1.451512340281e-07	1.036468612494e-03
1.410000000000e+00	5.137833513205e-208	1.022762231076e-148	1.149243485702e-105	3.479162056771e-74	4.059923621441e-51	2.708078875617e-34	3.261961628614e-22	1.635091635289e-13	1.288960092730e-07	9.587612945786e-04
1.411250000000e+00	1.831187802059e-208	4.557672798065e-149	6.092816390520e-106	2.115440067264e-74	2.754207594514e-51	2.006990440879e-34	2.598205014749e-22	1.381890441125e-13	1.144139020673e-07	8.865469087553e-04
1.412500000000e+00	6.519333479724e-209	2.029074048918e-149	3.227494551856e-106	1.285325016591e-74	1.867233086907e-51	1.486562249129e-34	2.068462650270e-22	1.167365468385e-13	1.015169848367e-07	8.194639162687e-04
1.413750000000e+00	2.318413822814e-209	9.024828157019e-150	1.708261417716e-106	7.803894006685e-75	1.265095910838e-51	1.100461104009e-34	1.645893189109e-22	9.856932574086e-14	9.003662558864e-08	7.571725105299e-04
1.415000000000e+00	8.235617517647e-210	4.010202261767e-150	9.034092513627e-107	4.734737770671e-75	8.565868920720e-52	8.141793728884e-35	1.308986931867e-22	8.319140191472e-14	7.982157572486e-08	6.993534636834e-04
1.416250000000e+00	2.922259845560e-210	1.780245536823e-150	4.773710988780e-107	2.870560251907e-75	5.796187839641e-52	6.020316106053e-35	1.040515781726e-22	7.018055750248e-14	7.073623988762e-08	6.457070234917e-04
1.417500000000e+00	1.035759541863e-210	7.895503408036e-151	2.520397836398e-107	1.739096055589e-75	3.919552926846e-52	4.449101321372e-35	8.266881844597e-23	5.917753875366e-14	6.265911129696e-08	5.959518591017e-04
1.418750000000e+00	3.667047249674e-211	3.498372389017e-151	1.329607515090e-107	1.052850336602e-75	2.648827458496e-52	3.286087312702e-35	6.564694002990e-23	4.987681317388e-14	5.548135745938e-08	5.498240542447e-04
1.420000000000e+00	1.296855294430e-211	1.548597449494e-151	7.008405330935e-108	6.369361195564e-76	1.788932116956e-52	2.425714601016e-35	5.210350535796e-23	4.201866103257e-14	4.910554243666e-08	5.070761464109e-04
1.421250000000e+00	4.581249910439e-212	6.848529554592e-152	3.691104566457e-108	3.850448173065e-76	1.207416501939e-52	1.789592320166e-35	4.133320625076e-23	3.538241197922e-14	4.344447306560e-08	4.674762105370e-04
1.422500000000e+00	1.616567704080e-212	3.025815341840e-152	1.942383021177e-108	2.326016835537e-76	8.144105817921e-53	1.319539252324e-35	3.277260368443e-23	2.978066385509e-14	3.842015762432e-08	4.308069857448e-04
1.423750000000e+00	5.697984499053e-213	1.335591967554e-152	1.021303416719e-108	1.404108254661e-76	5.489752477946e-53	9.723985920560e-36	2.597182662905e-23	2.505434353399e-14	3.396286645404e-08	3.968650436743e-04
1.425000000000e+00	2.006162366643e-213	5.889676865211e-153	5.365572700213e-109	8.469826193739e-77	3.698155544706e-53	7.161766054963e-36	2.057186862478e-23	2.106848925868e-14	3.001028497558e-08	3.654599969621e-04
1.426250000000e+00	7.055508926925e-214	2.594749454126e-153	2.816558459217e-109	5.105456396541e-77	2.489663421621e-53	5.271688504580e-36	1.628638463363e-23	1.770865087770e-14	2.650675039163e-08	3.364137464296e-04
1.427500000000e+00	2.478609230320e-214	1.142051483076e-153	1.477280083869e-109	3.075252721859e-77	1.675016765771e-53	3.878226344723e-36	1.288710391231e-23	1.487781899150e-14	2.340256414746e-08	3.095597655588e-04
1.428750000000e+00	8.697716147520e-215	5.021832541808e-154	7.741913296231e-110	1.851028982684e-77	1.126213510106e-53	2.851480231525e-36	1.019214682883e-23	1.249380660245e-14	2.065337293700e-08	2.847424208538e-04
1.430000000000e+00	3.048736206077e-215	2.206099330215e-154	4.053919782280e-110	1.113350204443e-77	7.567376849872e-54	2.095373172832e-36	8.056672510413e-24	1.048701770316e-14	1.821961169612e-08	2.618163267046e-04
1.431250000000e+00	1.067460754640e-215	9.682203147489e-155	2.121013268968e-110	6.691701111496e-78	5.081513058852e-54	1.538885100585e-36	6.365396308166e-24	8.798546568959e-15	1.606600262247e-08	2.406457333944e-04
1.432500000000e+00	3.733373464816e-216	4.245311967965e-155	1.108799463979e-110	4.019087333398e-78	3.410073852513e-54	1.129548314089e-36	5.026606438225e-24	7.378559549186e-15	1.416110480865e-08	2.211039469167e-04
1.433750000000e+00	1.304272706528e-216	1.859650456658e-155	5.791672771971e-111	2.412151156077e-78	2.286954783788e-54	8.286234694926e-37	3.967381980308e-24	6.184918055542e-15	1.247690957408e-08	2.030727792942e-04
1.435000000000e+00	4.551481970025e-217	8.138405478215e-156	3.022709511196e-111	1.446664292424e-78	1.532760945967e-54	6.075240141238e-37	3.129773058489e-24	5.182007379565e-15	1.098847703719e-08	1.864420281214e-04
1.436250000000e+00	1.586553413118e-217	3.558226732926e-156	1.576268497075e-111	8.669961562264e-79	1.026630893942e-54	4.451675200028e-37	2.467751230416e-24	4.339741068111e-15	9.673609885005e-09	1.711089840831e-04
1.437500000000e+00	5.524258839643e-218	1.554226123158e-156	8.213067014797e-112	5.192215977044e-79	6.871907211779e-55	3.260147821195e-37	1.944776081322e-24	3.632714961606e-15	8.512560676303e-09	1.569779652292e-04
1.438750000000e+00	1.921369053470e-218	6.782363810333e-157	4.275844710672e-112	3.107237814197e-79	4.596881401063e-55	2.386189419336e-37	1.531854546668e-24	3.039488754707e-15	7.487769359632e-09	1.439598768233e-04
1.440000000000e+00	6.675211247794e-219	2.956883754491e-157	2.224230895986e-112	1.858156996375e-79	3.073069386560e-55	1.745526073469e-37	1.205994017388e-24	2.541976159196e-15	6.583628002137e-09	1.319717956090e-04
1.441250000000e+00	2.316523378670e-219	1.287874998057e-157	1.156056875972e-112	1.110392407220e-79	2.053073456159e-55	1.276149534633e-37	9.489699818408e-25	2.124927509204e-15	5.786270011033e-09	1.209365773786e-04
1.442500000000e+00	8.030189820625e-220	5.604017267388e-158	6.003712961288e-113	6.630659540837e-80	1.370754450790e-55	9.324608222714e-38	7.463447709662e-25	1.775491013546e-15	5.083381389870e-09	1.107824867559e-04
1.443750000000e+00	2.780560736266e-220	2.436191979363e-158	3.115315434428e-113	3.956609067129e-80	9.146141077777e-56	6.809471749774e-38	5.866866580787e-25	1.482840884776e-15	4.464031808214e-09	1.014428481442e-04
1.445000000000e+00	9.617371912477e-221	1.058058900661e-158	1.615197078194e-113	2.359259550718e-80	6.098726842773e-56	4.969927489265e-38	4.609487351226e-25	1.237862307321e-15	3.918523478217e-09	9.285571682166e-05
1.446250000000e+00	3.322751682263e-221	4.590864476649e-159	8.367397501297e-114	1.405770640617e-80	4.064091927450e-56	3.625271056945e-38	3.619751370461e-25	1.032884689240e-15	3.438256026582e-09	8.496356920310e-05
1.447500000000e+00	1.146718483410e-221	1.990056431125e-159	4.331084619733e-114	8.370268376951e-81	2.706517991641e-56	2.642924253547e-38	2.841087130523e-25	8.614559091458e-16	3.015605727424e-09	7.771301131991e-05
1.448750000000e+00	3.953058028079e-222	8.618319742356e-160	2.239980945643e-114	4.980242204600e-81	1.801280587778e-56	1.925673927378e-38	2.228794680706e-25	7.181513524995e-16	2.643817621966e-09	7.105450460471e-05
1.450000000000e+00	1.361215911098e-222	3.728774371842e-160	1.157532960414e-114	2.961063444486e-81	1.198049807507e-56	1.402279501493e-38	1.747572774989e-25	5.984124559780e-16	2.316909196491e-09	6.494210810152e-05
1.451250000000e+00	4.682074230434e-223	1.611743394983e-160	5.976732184754e-115	1.759264456036e-81	7.963269861387e-57	1.020563946970e-38	1.369557202135e-25	4.984102677440e-16	2.029584421661e-09	5.933323625527e-05
1.452500000000e+00	1.608670224242e-223	6.960043996083e-161	3.083440782904e-115	1.044481401246e-81	5.289700070541e-57	7.423345258870e-39	1.072765454772e-25	4.149302046261e-16	1.777157075587e-09	5.418843146813e-05
1.453750000000e+00	5.520942224615e-224	3.002716720435e-161	1.589457119668e-115	6.196642778673e-82	3.511508444760e-57	5.396508919287e-39	8.398642237912e-26	3.452747611798e-16	1.555482380900e-09	4.947115064238e-05
1.455000000000e+00	1.892678427070e-224	1.294204874991e-161	8.186596904984e-116	3.673655079029e-82	2.329589719794e-57	3.920847398898e-39	6.571932310192e-26	2.871814147289e-16	1.360896083631e-09	4.514756496193e-05
1.456250000000e+00	6.481237143569e-225	5.572858192476e-162	4.213076888313e-116	2.176338584993e-82	1.544501092557e-57	2.847087283138e-39	5.139924971252e-26	2.387533870876e-16	1.190160189862e-09	4.118637219589e-05
1.457500000000e+00	2.216952780503e-225	2.397393063634e-162	2.166390538651e-116	1.288370324700e-82	1.023340243327e-57	2.066214593693e-39	4.017909732014e-26	1.984012783103e-16	1.040414655703e-09	3.755862083834e-05
1.458750000000e+00	7.574821870602e-226	1.030354775845e-162	1.113052124002e-116	7.621511888317e-83	6.776024092390e-58	1.498662599033e-39	3.139230964415e-26	1.647938895589e-16	9.091343980577e-10	3.423754542873e-05
1.460000000000e+00	2.585269701241e-226	4.424056086015e-163	5.713939560972e-117	4.505341512824e-83	4.483868675432e-58	1.086390889258e-39	2.451467056704e-26	1.368168087803e-16	7.940910584256e-10	3.119841242652e-05
1.461250000000e+00	8.813669050651e-227	1.897757652730e-163	2.930874140649e-117	2.661340661585e-83	2.965199253063e-58	7.870859534439e-40	1.913412256498e-26	1.135375509803e-16	6.933190104923e-10	2.841837604211e-05
1.462500000000e+00	3.001408250463e-227	8.132932546633e-164	1.502104278185e-117	1.570939244346e-83	1.959647394623e-58	5.699175230977e-40	1.492693836693e-26	9.417623015025e-17	6.050851548991e-10	2.587634345428e-05
1.463750000000e+00	1.020965003611e-227	3.482089109920e-164	7.692090481262e-118	9.266259875526e-84	1.294270467407e-58	4.124351394137e-40	1.163891846357e-26	7.808089720988e-17	5.278620920515e-10	2.355284887068e-05
1.465000000000e+00	3.469078201078e-228	1.489425836655e-164	3.935773275176e-118	5.461799205565e-84	8.542700948967e-59	2.982999022379e-40	9.070562286194e-27	6.470681181492e-17	4.603043065188e-10	2.142993591471e-05
1.466250000000e+00	1.177429126171e-228	6.364791435213e-165	2.012135150322e-118	3.217015482551e-84	5.634928633394e-59	2.156276070823e-40	7.065379470660e-27	5.359902910315e-17	4.012270350030e-10	1.949104784676e-05
1.467500000000e+00	3.991838019449e-229	2.717288573661e-165	1.027840226214e-118	1.893462634783e-84	3.714537023537e-59	1.557791812774e-40	5.500681159691e-27	4.437777842909e-17	3.495875243950e-10	1.772092515259e-05
1.468750000000e+00	1.351849971392e-229	1.158973857123e-165	5.246086658595e-119	1.113644289909e-84	2.447056616156e-59	1.124781778020e-40	4.280328990214e-27	3.672619245989e-17	3.044684174805e-10	1.610551005514e-05
1.470000000000e+00	4.573003489142e-230	4.938531276225e-166	2.675387522427e-119	6.545192394799e-85	1.611040277487e-59	8.116726797981e-41	3.329028604968e-27	3.038001387028e-17	2.650630317404e-10	1.463185752850e-05
1.471250000000e+00	1.545226045883e-230	2.102365731771e-166	1.363261975428e-119	3.844009981384e-85	1.059965753583e-59	5.853928124923e-41	2.587841071302e-27	2.511896516211e-17	2.306623217140e-10	1.328805241501e-05
1.472500000000e+00	5.215548131005e-231	8.941389650665e-167	6.940860768661e-120	2.255967108407e-85	6.969479165903e-60	4.219564644310e-41	2.010654145332e-27	2.075951644206e-17	2.006433378518e-10	1.206313226725e-05
1.473750000000e+00	1.758431058289e-231	3.799164205981e-167	3.530926937431e-120	1.323022369606e-85	4.579645580817e-60	3.039776861998e-41	1.561409595617e-27	1.714882768240e-17	1.744590149136e-10	1.094701555685e-05
1.475000000000e+00	5.921997023041e-232	1.612714164059e-167	1.794756425287e-120	7.753321239870e-86	3.007367270840e-60	2.188615983042e-41	1.211925748102e-27	1.415967722137e-17	1.516291410140e-10	9.930434911534e-06
1.476250000000e+00	1.992179533858e-232	6.839321625358e-168	9.115147266331e-121	4.540404405418e-86	1.973622663072e-60	1.574893640543e-41	9.401883790314e-28	1.168621801772e-17	1.317323745782e-10	9.004875060316e-06
1.477500000000e+00	6.694316079328e-233	2.897710176538e-168	4.625548612733e-121	2.656974960611e-86	1.294389057234e-60	1.132626434523e-41	7.290099290347e-28	9.640428295960e-18	1.143991909366e-10	8.162515184519e-06
1.478750000000e+00	2.246991371781e-233	1.226544067784e-168	2.345331284808e-121	1.553697811495e-86	8.483764349095e-61	8.140966337096e-42	5.649782198980e-28	7.949144414913e-18	9.930565323630e-11	7.396175389267e-06
1.480000000000e+00	7.533799291324e-234	5.186777978781e-169	1.188191745749e-121	9.078870334533e-87	5.556936262202e-61	5.848157033930e-42	4.376326006556e-28	6.551581668293e-18	8.616791391784e-11	6.699267026344e-06
1.481250000000e+00	2.523156203715e-234	2.191282911507e-169	6.014648507963e-122	5.301310479770e-87	3.637519154744e-61	4.198710138855e-42	3.388186635928e-28	5.397263792532e-18	7.473736335637e-11	6.065746614805e-06
1.482500000000e+00	8.440956846609e-235	9.248803173964e-170	3.042113134555e-122	3.093291398090e-87	2.379568532406e-61	3.012774058792e-42	2.621830925189e-28	4.444294650575e-18	6.479635150585e-11	5.490073120453e-06
1.483750000000e+00	2.820698534435e-235	3.899948877720e-170	1.537382230359e-122	1.803618140675e-87	1.555658262920e-61	2.160583394672e-42	2.027784207667e-28	3.657916248031e-18	5.615441663729e-11	4.967168369373e-06
1.485000000000e+00	9.415407397604e-236	1.642928194659e-170	7.763002750196e-123	1.050883377975e-87	1.016373276843e-61	1.548564524710e-42	1.567539485073e-28	3.009306232728e-18	4.864496262516e-11	4.492380384089e-06
1.486250000000e+00	3.139344747365e-236	6.914559895132e-171	3.916688295693e-123	6.118579649626e-88	6.636136800369e-62	1.109280501922e-42	1.211141651580e-28	2.474575594493e-18	4.212233280251e-11	4.061449443630e-06
1.487500000000e+00	1.045577803390e-236	2.907346502228e-171	1.974466035788e-123	3.559859684707e-88	4.330125436761e-62	7.941586196868e-43	9.353003324403e-29	2.033933642574e-18	3.645923425935e-11	3.670476680853e-06
1.488750000000e+00	3.478493131962e-237	1.221280262184e-171	9.945387566837e-124	2.069670976868e-88	2.823635798045e-62	5.682336258703e-43	7.219164458818e-29	1.670992682798e-18	3.154447167358e-11	3.315895041838e-06
1.490000000000e+00	1.155961569462e-237	5.125310412658e-172	5.005357983669e-124	1.202419210312e-88	1.840093689216e-62	4.063501340104e-43	5.569323952846e-29	1.372189305253e-18	2.728095440757e-11	2.994442443058e-06
1.491250000000e+00	3.837188129804e-238	2.148875726787e-172	2.517039103296e-124	6.980662956937e-89	1.198379157998e-62	2.904207789498e-43	4.294352824777e-29	1.126302961094e-18	2.358394473615e-11	2.703136972281e-06
1.492500000000e+00	1.272331382238e-238	9.000957656782e-173	1.264696068734e-124	4.049706979173e-89	7.799587118726e-63	2.074477677056e-43	3.309578329379e-29	9.240556682627e-19	2.037951874817e-11	2.439253988938e-06
1.493750000000e+00	4.214099996150e-239	3.766625382866e-173	6.349269504409e-125	2.347668097811e-89	5.073083775601e-63	1.480961086080e-43	2.549337316838e-29	7.577793366515e-19	1.760321473150e-11	2.200304988879e-06
1.495000000000e+00	1.394205799087e-239	1.574716689956e-173	3.184950904260e-125	1.359990777973e-89	3.297581285988e-63	1.056652852183e-43	1.962734878718e-29	6.211394249083e-19	1.519884675589e-11	1.984018107174e-06
1.496250000000e+00	4.607511029024e-240	6.577164800014e-174	1.596331595885e-125	7.872658184170e-90	2.142111339074e-63	7.534853513257e-44	1.510343306381e-29	5.089055021343e-19	1.311746374686e-11	1.788320140796e-06
1.497500000000e+00	1.520979402240e-240	2.744487827218e-174	7.994381406857e-126	4.553999670954e-90	1.390630099291e-63	5.369960593287e-44	1.161634249542e-29	4.167608458994e-19	1.131643663317e-11	1.611319980830e-06
1.498750000000e+00	5.015309425378e-241	1.144116333155e-174	4.000258034802e-126	2.632393206397e-90	9.022029960480e-64	3.824909687545e-44	8.929822766126e-30	3.411445119321e-19	9.758658181696e-12	1.451293351103e-06
1.500000000000e+00	1.651922174184e-241	4.765026868743e-175	2.000011695176e-126	1.520528955536e-90	5.849516354099e-64	2.722858501617e-44	6.861135061284e-30	2.791204014423e-19	8.411841934016e-12	1.306668757079e-06
1.501250000000e+00	5.434991682745e-242	1.982653467108e-175	9.991218377754e-127	8.776569484905e-91	3.790170166084e-64	1.937237030920e-44	5.269007244023e-30	2.282687637493e-19	7.247908255680e-12	1.176014555283e-06
1.502500000000e+00	1.786181699069e-242	8.241657555209e-176	4.987073337726e-127	5.062220559586e-91	2.454259681160e-64	1.377508389626e-44	4.044280979079e-30	1.865963336639e-19	6.242446922571e-12	1.058027059666e-06
1.503750000000e+00	5.863674275582e-243	3.422698217480e-176	2.487221397955e-127	2.917719233552e-91	1.588200657781e-64	9.789478216389e-45	3.102655408974e-30	1.524619392427e-19	5.374246920698e-12	9.515196070201e-07
1.505000000000e+00	1.922788385454e-243	1.420067354161e-176	1.239437189465e-127	1.680475171587e-91	1.027101314523e-64	6.953102592191e-45	2.379060384960e-30	1.245149465408e-19	4.624885243360e-12	8.554125089423e-07
1.506250000000e+00	6.298115101974e-244	5.886207532194e-177	6.171290465810e-128	9.671790249680e-92	6.638107072295e-65	4.935731561322e-45	1.823295603181e-30	1.016443509854e-19	3.978367449239e-12	7.687238228979e-07
1.507500000000e+00	2.060663825430e-244	2.437521686621e-177	3.070215359363e-128	5.562471589232e-92	4.287442180013e-65	3.501694285795e-45	1.396652625228e-30	8.293669438097e-20	3.420813610976e-12	6.905608796672e-07
1.508750000000e+00	6.734744923741e-245	1.008434507058e-177	1.526170586421e-128	3.196795897717e-92	2.767421775990e-65	2.482897118573e-45	1.069299632117e-30	6.764129441294e-20	2.940184048893e-12	6.201125088934e-07
1.510000000000e+00	2.198632313721e-245	4.168052682381e-178	7.580165810789e-129	1.835896440462e-92	1.785153173851e-65	1.759515199439e-45	8.182577565400e-31	5.514152994922e-20	2.526039920128e-12	5.566419086089e-07
1.511250000000e+00	7.169708719573e-246	1.721095593748e-178	3.761800147887e-129	1.053580241704e-92	1.150796874154e-65	1.246180991342e-45	6.258360011481e-31	4.493113894444e-20	2.169334329840e-12	4.994801085023e-07
1.512500000000e+00	2.335435450649e-246	7.100077308531e-179	1.865323320723e-129	6.041895678469e-93	7.413869128568e-66	8.821105645186e-46	4.784214596600e-31	3.659466341079e-20	1.862230157164e-12	4.480199803265e-07
1.513750000000e+00	7.598916546439e-247	2.926223231862e-179	9.241743438231e-130	3.462302379880e-93	4.773250339799e-66	6.240490489539e-46	3.655446728851e-31	2.979132368526e-20	1.597941252448e-12	4.017107522444e-07
1.515000000000e+00	2.469749648355e-247	1.204864259859e-179	4.575041974105e-130	1.982635751949e-93	3.071189140942e-66	4.412332470825e-46	2.791579271231e-31	2.424172705815e-20	1.370594071094e-12	3.600529870839e-07
1.516250000000e+00	8.018103170959e-248	4.956271421302e-180	2.262964000147e-130	1.134506633459e-93	1.974794775914e-66	3.117967141844e-46	2.130782731216e-31	1.971691788878e-20	1.175107169345e-12	3.225939874328e-07
1.517500000000e+00	2.600206254265e-248	2.036846649891e-180	1.118411424066e-130	6.487200380445e-94	1.268996518322e-66	2.202057425425e-46	1.625578961905e-31	1.602936108974e-20	1.007086304375e-12	2.889235932678e-07
1.518750000000e+00	8.422895402852e-249	8.362726163018e-181	5.522896837990e-131	3.706753901469e-94	8.149330780969e-67	1.554316824054e-46	1.239528936438e-31	1.302552121154e-20	8.627331599243e-13	2.586703403849e-07
1.520000000000e+00	2.725413903799e-249	3.430233711172e-181	2.725044852479e-131	2.116490682610e-94	5.230058137221e-67	1.096488943255e-46	9.446805361229e-32	1.057975772174e-20	7.387659640741e-13	2.314979502962e-07
1.521250000000e+00	8.808885750700e-250	1.405677964996e-181	1.343450798510e-131	1.207605648226e-94	3.354394533051e-67	7.730770252714e-47	7.196029964949e-32	8.589305466437e-21	6.323504813400e-13	2.071021244891e-07
1.522500000000e+00	2.843982620187e-250	5.754853269159e-182	6.617763823588e-132	6.885255764313e-95	2.150031493189e-67	5.447472899030e-47	5.478739569964e-32	6.970149408609e-21	5.410400507602e-13	1.852076180205e-07
1.523750000000e+00	9.171710739942e-251	2.353796780743e-182	3.257182922816e-132	3.922845342270e-95	1.377204889691e-67	3.836376226858e-47	4.169155068573e-32	5.653635960615e-21	4.627235080033e-13	1.655655693458e-07
1.525000000000e+00	2.954549097175e-251	9.618115006843e-183	1.601822617635e-132	2.233410031954e-95	8.816076403249e-68	2.700232158464e-47	3.170991942719e-32	4.583690733381e-21	3.955799755562e-13	1.479510650794e-07
1.526250000000e+00	9.507131997578e-252	3.926424569499e-183	7.870966811780e-133	1.270638194489e-95	5.639949162041e-68	1.899480417529e-47	2.410582094667e-32	3.714535286366e-21	3.380396331562e-13	1.321609200416e-07
1.527500000000e+00	3.055802534468e-252	1.601366884138e-183	3.864409383193e-133	7.223730184139e-96	3.605770556357e-68	1.335433717720e-47	1.831590626524e-32	3.008814287753e-21	2.887496929581e-13	1.180116544979e-07
1.528750000000e+00	9.811118029332e-253	6.524852812764e-184	1.895743440243e-133	4.103810455514e-96	2.303796115172e-68	9.383474008297e-48	1.390959856223e-32	2.436060056975e-21	2.465449023723e-13	1.053376519208e-07
1.530000000000e+00	3.146510349510e-253	2.656053919011e-184	9.292175057894e-134	2.329695915313e-96	1.471001277371e-68	6.589595777893e-48	1.055797132633e-32	1.971434320228e-21	2.104219837405e-13	9.398948193893e-08
1.531250000000e+00	1.007992450320e-253	1.080163123781e-184	4.550892651357e-134	1.321591844493e-96	9.386530871467e-69	4.624956958317e-48	8.009880893628e-33	1.594697628854e-21	1.795174955137e-13	8.383237436062e-08
1.532500000000e+00	3.225543065289e-254	4.388621210072e-185	2.226984461085e-134	7.491721576757e-97	5.985772829349e-69	3.244220896747e-48	6.073672020768e-33	1.289365655654e-21	1.530886656654e-13	7.474483130080e-08
1.533750000000e+00	1.031017081562e-254	1.781365924343e-185	1.088877864764e-134	4.243772310558e-97	3.814682552949e-69	2.274400492096e-48	4.603162561204e-33	1.042018815642e-21	1.304968058574e-13	6.661736548963e-08
1.535000000000e+00	3.291897674267e-255	7.223779397502e-186	5.319643627946e-135	2.402197374366e-97	2.429515254384e-69	1.593592456372e-48	3.486911994468e-33	8.417376206055e-22	1.111929653941e-13	5.935135381527e-08
1.536250000000e+00	1.049891075745e-255	2.926591459605e-186	2.596732993923e-135	1.358787266022e-97	1.546336161811e-69	1.115941403915e-48	2.640008703146e-33	6.796410913805e-22	9.470552814007e-14	5.285799605119e-08
1.537500000000e+00	3.344718804119e-256	1.184529875172e-186	1.266524047695e-135	7.680339458587e-98	9.835835321656e-70	7.810148983730e-49	1.997788131637e-33	5.485096000369e-22	8.062949412928e-14	4.705736954818e-08
1.538750000000e+00	1.064369521754e-256	4.789787297684e-187	6.172213946319e-136	4.338059756254e-98	6.252326373997e-70	5.462998068409e-49	1.511030382970e-33	4.424768473958e-22	6.861722124165e-14	4.187757143715e-08
1.540000000000e+00	3.383317061472e-257	1.934963285009e-187	3.005452648684e-136	2.448481413964e-98	3.971870557187e-70	3.819060838355e-49	1.142290758519e-33	3.567784242555e-22	5.837043168663e-14	3.725394059458e-08
1.541250000000e+00	1.074262505950e-257	7.809361400868e-188	1.462245170421e-136	1.380970051950e-98	2.521573242460e-70	2.668307690971e-49	8.630974381176e-34	2.875466608578e-22	4.963331363485e-14	3.312835227378e-08
1.542500000000e+00	3.407184003924e-258	3.148796585453e-188	7.108400494832e-137	7.783194372094e-99	1.599820078081e-70	1.863241035829e-49	6.518125075648e-34	2.316433239049e-22	4.218657065679e-14	2.944857890437e-08
1.543750000000e+00	1.079439257610e-258	1.268410947522e-188	3.452748684024e-137	4.383466171940e-99	1.014363826556e-70	1.300337161937e-49	4.920001670211e-34	1.865232445028e-22	3.584229106969e-14	2.616771111458e-08
1.545000000000e+00	3.416003285843e-259	5.104599214211e-189	1.675712215481e-137	2.466968530479e-99	6.427460530961e-71	9.069779094393e-50	3.711825137412e-34	1.501232120782e-22	3.043952622347e-14	2.324363353903e-08
1.546250000000e+00	1.079831025643e-259	2.052341412464e-189	8.125971407794e-138	1.387380949474e-99	4.070128664380e-71	6.322535053520e-50	2.798913423623e-34	1.207714967811e-22	2.584048149138e-14	2.063855044140e-08
1.547500000000e+00	3.409657636403e-260	8.243731899961e-190	3.937245826926e-138	7.796757221185e-100	2.575727488784e-71	4.404935804576e-50	2.109459149311e-34	9.711420586396e-23	2.192723654899e-14	1.831855661114e-08
1.548750000000e+00	1.075432598116e-260	3.308143970902e-190	1.906124045777e-138	4.378430523001e-100	1.628976211536e-71	3.067197366555e-50	1.589031373734e-34	7.805537081782e-23	1.859892266989e-14	1.625324938753e-08
1.550000000000e+00	3.388231454682e-261	1.326267831545e-190	9.220430015896e-139	2.457022204926e-100	1.029562287830e-71	2.134507391443e-50	1.196392061059e-34	6.270822863959e-23	1.576929445245e-14	1.441537802636e-08
1.551250000000e+00	1.066302417652e-261	5.312077002045e-191	4.456486331553e-139	1.377799006142e-100	6.502997170972e-72	1.484592987150e-50	9.003145546218e-35	5.035562477881e-23	1.336464180526e-14	1.278052695690e-08
1.552500000000e+00	3.352008941536e-262	2.125610952785e-191	2.152164032121e-139	7.720560313469e-101	4.104852522838e-72	1.031979208899e-50	6.771653346613e-35	4.041784537914e-23	1.132199532332e-14	1.132682978137e-08
1.553750000000e+00	1.052561289103e-262	8.497467032096e-192	1.038483370223e-139	4.323126463966e-101	2.589432573659e-72	7.169490474023e-51	5.090669030262e-35	3.242649747978e-23	9.587584526143e-15	1.003471114829e-08
1.555000000000e+00	3.301467826059e-263	3.393762832115e-192	5.006856113245e-140	2.418985289207e-101	1.632430535546e-72	4.978052100910e-51	3.825028760544e-35	2.600331027827e-23	8.115513926841e-15	8.886653887009e-09
1.556250000000e+00	1.034389719485e-263	1.354128196761e-192	2.411970892827e-140	1.352554213171e-101	1.028461094915e-72	3.454493537970e-51	2.872593977894e-35	2.084293857957e-23	6.866626667942e-15	7.866989024552e-09
1.557500000000e+00	3.237268880216e-264	5.397894167798e-193	1.160968406363e-140	7.557224136590e-102	6.475362414866e-73	2.395869356544e-51	2.156222057490e-35	1.669901954806e-23	5.807529589966e-15	6.961706520653e-09
1.558750000000e+00	1.012023972018e-264	2.149687054398e-193	5.583546372344e-141	4.219452395942e-102	4.074397037342e-73	1.660717195387e-51	1.617679273746e-35	1.337287272311e-23	4.909757176117e-15	6.158284752308e-09
1.560000000000e+00	3.160241543375e-265	8.552880584037e-194	2.683127068083e-141	2.354160384589e-102	2.562038604413e-73	1.150487841489e-51	1.213028643325e-35	1.070434660573e-23	4.149054913283e-15	5.445536958601e-09
1.561250000000e+00	9.857509548758e-266	3.399662989953e-194	1.288290312088e-141	1.312508637073e-102	1.610019166197e-73	7.965667706526e-52	9.091371169004e-36	8.564407609339e-24	3.504765289036e-15	4.813473020029e-09
1.562500000000e+00	3.071366093860e-266	1.350036834515e-194	6.180557176422e-142	7.312307730670e-103	1.011112495460e-73	5.512087957327e-52	6.810318446411e-36	6.849142594476e-24	2.959301961801e-15	4.253175095969e-09
1.563750000000e+00	9.559020991854e-267	5.356013465951e-195	2.962667430197e-142	4.070923272324e-103	6.345866970514e-74	3.812096570168e-52	5.099001604804e-36	5.474907689875e-24	2.497699644538e-15	3.756685780249e-09
1.565000000000e+00	2.971752903096e-267	2.122872905535e-195	1.418990751889e-142	2.264735778545e-103	3.980205583365e-74	2.634907963483e-52	3.815773394872e-36	4.374406195293e-24	2.107228973133e-15	3.316907559124e-09
1.566250000000e+00	9.228464087917e-268	8.406062596062e-196	6.790747994367e-143	1.259007544218e-103	2.494842307765e-74	1.820207114391e-52	2.854037667277e-36	3.493519152719e-24	1.777067125388e-15	2.927512469279e-09
1.567500000000e+00	2.862619385598e-268	3.325427905426e-196	3.247110366979e-143	6.993994572252e-104	1.562801252595e-74	1.256695228927e-52	2.133617297658e-36	2.788745374090e-24	1.498016246720e-15	2.582860956777e-09
1.568750000000e+00	8.869828853013e-269	1.314282562028e-196	1.551378875770e-143	3.882472752570e-104	9.783346960172e-75	8.671474001810e-53	1.594237588759e-36	2.225134723391e-24	1.262262851824e-15	2.277929031871e-09
1.570000000000e+00	2.745265312564e-269	5.189389230123e-197	7.405938207897e-144	2.153662812952e-104	6.120603068072e-75	5.980117093532e-53	1.190609281341e-36	1.774620413112e-24	1.063172331452e-15	2.008242900207e-09
1.571250000000e+00	8.487325452453e-270	2.047057483615e-197	3.532512293130e-144	1.193804382944e-104	3.826696597768e-75	4.121736749791e-53	8.887204647588e-37	1.414673923789e-24	8.951135208639e-16	1.769820328789e-09
1.572500000000e+00	2.621047186507e-270	8.067335565869e-198	1.683560263720e-144	6.612638723234e-105	2.390985264566e-75	2.839256407217e-53	6.630416284523e-37	1.127220654002e-24	7.533089993015e-16	1.559118075851e-09
1.573750000000e+00	8.085302516272e-271	3.176263306570e-198	8.017058244714e-145	3.660181234285e-105	1.492975990763e-75	1.954712003343e-53	4.944200898894e-37	8.977661797099e-25	6.337074036405e-16	1.372984778129e-09
1.575000000000e+00	2.491352378878e-271	1.249364508632e-198	3.814545486687e-145	2.024494267063e-105	9.316478852900e-76	1.344976655726e-53	3.684945936058e-37	7.146925543075e-25	5.328745676653e-16	1.208618747406e-09
1.576250000000e+00	7.668165795937e-272	4.909622756351e-199	1.813476551285e-145	1.118965456375e-105	5.809969279955e-76	9.249122137658e-54	2.745022001692e-37	5.686918288357e-25	4.479007529044e-16	1.063530181280e-09
1.577500000000e+00	2.357573712577e-272	1.927495503582e-199	8.614349302955e-146	6.180206337955e-106	3.620919955674e-76	6.356822483440e-54	2.043808669490e-37	4.523102530473e-25	3.763216277520e-16	9.355073411709e-10
1.578750000000e+00	7.240299259585e-273	7.560054313657e-200	4.088597876179e-146	3.410950662867e-106	2.255210409240e-76	4.366499898208e-54	1.520947916764e-37	3.595817076843e-25	3.160509874781e-16	8.225862942722e-10
1.580000000000e+00	2.221085128478e-273	2.962393521364e-200	1.938954895897e-146	1.881196089928e-106	1.403712816392e-76	2.997647944640e-54	1.131274885259e-37	2.857330403925e-25	2.653234962635e-16	7.230238556431e-10
1.581250000000e+00	6.805990554716e-274	1.159703250804e-200	9.187606824624e-147	1.036761506882e-106	8.731573571930e-77	2.056750442968e-54	8.410109437296e-38	2.269473144589e-25	2.226459801363e-16	6.352734025123e-10
1.582500000000e+00	2.083219012138e-274	4.535626577636e-201	4.349892095974e-147	5.709654486923e-107	5.427874841781e-77	1.410380757539e-54	6.249062187521e-38	1.801736792879e-25	1.867560123153e-16	5.579632652749e-10
1.583750000000e+00	6.369362540203e-275	1.772205173647e-201	2.057765839531e-147	3.142150331124e-107	3.372020350308e-77	9.665959027791e-55	4.640959131757e-38	1.429747547728e-25	1.565867148531e-16	4.898774290358e-10
1.585000000000e+00	1.945245677210e-275	6.917943333738e-202	9.726460107758e-148	1.727946363358e-107	2.093503077629e-77	6.620752102021e-55	3.444929507873e-38	1.134041863930e-25	1.312368568608e-16	4.299383061019e-10
1.586250000000e+00	5.934312315750e-276	2.697902758451e-202	4.593619869304e-148	9.495541209745e-108	1.298913035122e-77	4.532350685855e-55	2.555833940432e-38	8.990845353665e-26	1.099454636196e-16	3.771913638359e-10
1.587500000000e+00	1.808355409536e-276	1.051143177147e-202	2.167687556547e-148	5.214292089147e-108	8.053962466416e-78	3.100940872538e-55	1.895241792960e-38	7.124816474253e-26	9.207026568730e-17	3.307914139789e-10
1.588750000000e+00	5.504458869119e-277	4.091511261437e-203	1.022067791784e-148	2.861258889782e-108	4.990708249399e-78	2.120397416855e-55	1.404676491841e-38	5.643500268267e-26	7.706941540779e-17	2.899903891418e-10
1.590000000000e+00	1.673643374966e-277	1.591079637363e-203	4.815086661542e-149	1.568935615401e-108	3.090564544383e-78	1.449088296516e-55	1.040561376966e-38	4.468123121450e-26	6.448598234561e-17	2.541264498517e-10
1.591250000000e+00	5.083100133946e-278	6.181393286523e-204	2.266573988068e-149	8.596848149238e-109	1.912654419858e-78	9.897516459430e-56	7.704399379955e-39	3.535928115678e-26	5.393481112807e-17	2.226142815017e-10
1.592500000000e+00	1.542097588750e-278	2.399203720577e-204	1.066048786062e-149	4.707166460536e-109	1.182927841613e-78	6.756338774273e-56	5.701505811553e-39	2.796941846191e-26	4.509138669338e-17	1.949364549399e-10
1.593750000000e+00	4.673179917014e-279	9.303238783006e-205	5.009860657536e-150	2.575526511795e-109	7.311442240077e-79	4.609463751624e-56	4.217159752687e-39	2.211389074896e-26	3.768240451847e-17	1.706357374112e-10
1.595000000000e+00	1.414590039485e-279	3.604022564356e-205	2.352423995303e-150	1.408181582799e-109	4.516176515744e-79	3.142991393323e-56	3.117670638289e-39	1.747626399342e-26	3.147778830599e-17	1.493082522473e-10
1.596250000000e+00	4.277264827248e-280	1.394848778425e-205	1.103689578479e-150	7.693739230985e-110	2.787801307557e-79	2.141853590868e-56	2.303669172728e-39	1.380491531981e-26	2.628393594993e-17	1.305973962284e-10
1.597500000000e+00	1.291870959768e-280	5.393280933931e-206	5.173919532390e-151	4.200513955315e-110	1.719791434364e-79	1.458781244840e-56	1.701334412845e-39	1.089985225635e-26	2.193800731701e-17	1.141884330101e-10
1.598750000000e+00	3.897531031016e-281	2.083364460768e-206	2.423448446463e-151	2.291677857393e-110	1.060261033039e-79	9.929888288438e-57	1.255853442648e-39	8.602193140196e-27	1.830309528804e-17	9.980368953186e-11
1.600000000000e+00	1.174566142809e-281	8.040142599193e-207	1.134199073315e-151	1.249369421447e-110	6.532401562174e-80	6.755420005475e-57	9.265480201169e-40	6.785775401295e-27	1.526414529597e-17	8.719828998220e-11
1.601250000000e+00	3.535760380157e-282	3.099906130916e-207	5.303788262939e-152	6.806351023734e-111	4.022129063861e-80	4.593187242308e-57	6.832452204705e-40	5.350464496330e-27	1.272450887236e-17	7.615636878451e-11
1.602500000000e+00	1.063177121887e-282	1.194042063515e-207	2.478132109011e-152	3.705305159823e-111	2.474925813488e-80	3.121258553193e-57	5.035759379774e-40	4.216821386764e-27	1.060303398310e-17	6.648771025091e-11
1.603750000000e+00	3.193345218692e-283	4.594909914364e-208	1.156922104694e-152	2.015671644296e-111	1.521918594455e-80	2.119820766516e-57	3.709650853022e-40	3.321854750876e-27	8.831609637296e-18	5.802476810521e-11
1.605000000000e+00	9.580839602687e-284	1.766528578700e-208	5.396661401017e-153	1.095725474420e-111	9.352844540384e-81	1.438872593385e-57	2.731371669224e-40	2.615638888133e-27	7.353094763713e-18	5.062002305968e-11
1.606250000000e+00	2.871300977545e-284	6.785012092351e-209	2.515287362187e-153	5.952095599964e-112	5.744061260224e-81	9.761112991384e-58	2.010056488473e-40	2.058622172900e-27	6.119571991299e-18	4.414364110053e-11
1.607500000000e+00	8.595503444432e-285	2.603555715152e-209	1.171362818197e-153	3.230905120206e-112	3.525473584869e-81	6.618051476656e-58	1.478479893280e-40	1.619486083488e-27	5.090876016987e-18	3.848139914428e-11
1.608750000000e+00	2.570285517402e-285	9.980893404227e-210	5.450503805382e-154	1.752526841256e-112	2.162414385054e-81	4.484507379574e-58	1.086931764708e-40	1.273442993913e-27	4.233353931958e-18	3.353284831868e-11
1.610000000000e+00	7.677306340037e-286	3.822594675185e-210	2.534097072387e-154	9.499293778396e-113	1.325511296345e-81	3.037058423512e-58	7.986726950286e-41	1.000883454779e-27	3.518821407272e-18	2.920968833813e-11
1.611250000000e+00	2.290624079456e-286	1.462626289663e-210	1.177202658794e-154	5.145222106679e-113	8.119905959180e-82	2.055631912488e-58	5.865635764295e-41	7.863017199730e-28	2.923684183390e-18	2.543432932323e-11
1.612500000000e+00	6.826784974874e-287	5.591068224482e-211	5.464124782436e-155	2.784858298778e-113	4.970975474505e-82	1.390565202226e-58	4.305672998991e-41	6.174426922535e-28	2.428199012201e-18	2.213861999066e-11
1.613750000000e+00	2.032338651413e-287	2.135219366257e-211	2.534144470011e-155	1.506219424851e-113	3.041272228273e-82	9.401370424576e-59	3.158978672941e-41	4.846249820083e-28	2.015852190113e-18	1.926272344406e-11
1.615000000000e+00	6.043567541864e-288	8.146602000899e-212	1.174312053857e-155	8.140658817586e-114	1.859482205099e-82	6.352501458311e-59	2.316498600861e-41	3.802039763730e-28	1.672837203327e-18	1.675412385684e-11
1.616250000000e+00	1.795180549062e-288	3.105251576305e-212	5.437221863879e-156	4.396600752230e-114	1.136192221645e-82	4.289949535705e-59	1.697841280536e-41	2.981461633901e-28	1.387615872777e-18	1.456674917832e-11
1.617500000000e+00	5.326480463726e-289	1.182506056964e-212	2.515428502253e-156	2.372797485354e-114	6.938005690278e-83	2.895432166118e-59	1.243775028136e-41	2.336918191752e-28	1.150549813941e-18	1.266019663896e-11
1.618750000000e+00	1.578665047408e-289	4.498795464165e-213	1.162755192878e-156	1.279647887645e-114	4.233899513548e-83	1.953117662371e-59	9.106809994019e-42	1.830878426447e-28	9.535910820922e-19	1.099904929761e-11
1.620000000000e+00	4.673659828636e-290	1.709918515129e-213	5.370391973477e-157	6.896146229440e-115	2.582078822584e-83	1.316731488299e-59	6.664543637879e-42	1.433762506032e-28	7.900226127600e-19	9.552273183533e-12
1.621250000000e+00	1.382106964435e-290	6.492932273683e-214	2.478363871973e-157	3.713715299664e-115	1.573698387742e-83	8.871965343880e-60	4.874771399992e-42	1.122268167430e-28	6.542405382163e-19	8.292685753347e-12
1.622500000000e+00	4.082664215032e-291	2.463159995227e-214	1.142787657651e-157	1.998466712954e-115	9.585098026555e-84	5.974426921750e-60	3.563836660642e-42	8.780470412048e-29	5.415717044497e-19	7.196487424362e-12
1.623750000000e+00	1.204656198317e-291	9.335351259746e-215	5.265109407186e-158	1.074660776603e-115	5.834379470027e-84	4.020929616772e-60	2.604120195637e-42	6.866582411460e-29	4.481207639896e-19	6.242848873067e-12
1.625000000000e+00	3.550585927828e-292	3.534719832400e-215	2.423765760674e-158	5.774734800433e-116	3.549080423316e-84	2.704646375308e-60	1.901883708362e-42	5.367415345096e-29	3.706421075661e-19	5.413547613660e-12
1.626250000000e+00	1.045332338556e-292	1.337105333547e-215	1.114847025106e-158	3.100836431410e-116	2.157545999650e-84	1.818227872300e-60	1.388310438024e-42	4.193643262854e-29	3.064326469563e-19	4.692648106731e-12
1.627500000000e+00	3.074158072745e-293	5.053154038827e-216	5.123671761035e-159	1.663841063508e-116	1.310772561309e-84	1.221630684920e-60	1.012905472685e-42	3.275061639096e-29	2.532420937142e-19	4.066220302458e-12
1.628750000000e+00	9.030576058805e-294	1.907856672065e-216	2.352820021513e-159	8.921358388072e-117	7.958251763907e-85	8.203238832395e-61	7.386368055856e-43	2.556519949918e-29	2.091979118412e-19	3.522092104431e-12
1.630000000000e+00	2.649855335606e-294	7.196399167623e-217	1.079536925322e-159	4.780092502514e-117	4.828709309767e-85	5.505345514896e-61	5.383598570172e-43	1.994713871500e-29	1.727425721033e-19	3.049631757436e-12
1.631250000000e+00	7.766875181469e-295	2.711883544139e-217	4.949116576388e-160	2.559338813264e-117	2.927975938939e-85	3.692645411225e-61	3.921878110205e-43	1.555656626607e-29	1.425811146174e-19	2.639556621972e-12
1.632500000000e+00	2.273986788737e-295	1.020970323252e-217	2.267040364428e-160	1.369321515394e-117	1.774299786547e-85	2.475394566558e-61	2.855585793910e-43	1.212686638462e-29	1.176373454778e-19	2.283765206394e-12
1.633750000000e+00	6.650388234948e-296	3.840090795227e-218	1.037605365812e-160	7.320980469269e-118	1.074507748965e-85	1.658460230740e-61	2.078145885130e-43	9.448984910275e-30	9.701726188446e-20	1.975189689769e-12
1.635000000000e+00	1.942779497961e-296	1.442966202364e-218	4.745112925425e-161	3.911282921010e-118	6.503021024020e-86	1.110502374481e-61	1.511598834961e-43	7.359078441085e-30	7.997852634535e-20	1.707666489923e-12
1.636250000000e+00	5.669143822022e-297	5.416978560552e-219	2.168214691851e-161	2.088119658636e-118	3.933179972160e-86	7.431692344694e-62	1.098947039676e-43	5.728796858729e-30	6.590500070023e-20	1.475822716207e-12
1.637500000000e+00	1.652452135055e-297	2.031628825273e-219	9.899184088044e-162	1.113980784713e-118	2.377363194279e-86	4.970610751923e-62	7.985400018194e-44	4.457641384982e-30	5.428551060971e-20	1.274976599116e-12
1.638750000000e+00	4.811248102647e-298	7.612335259790e-220	4.515833338609e-162	5.938628858563e-119	1.436052459925e-86	3.322657592857e-62	5.799576580449e-44	3.466957714463e-30	4.469614551388e-20	1.101050212790e-12
1.640000000000e+00	1.399278198626e-298	2.849559566069e-220	2.058343240359e-162	3.163594677811e-119	8.668982584108e-87	2.219807035787e-62	4.209936996564e-44	2.695216622214e-30	3.678551192462e-20	9.504930046469e-13
1.641250000000e+00	4.065068171196e-299	1.065672758124e-220	9.374304940307e-163	1.684075877920e-119	5.229847321564e-87	1.482172188451e-62	3.054461135235e-44	2.094307856110e-30	3.026245266863e-20	8.202148219099e-13
1.642500000000e+00	1.179638801173e-299	3.981587643568e-221	4.265812309728e-163	8.958362688804e-120	3.153065154808e-87	9.890901969304e-63	2.214997848337e-44	1.626631135916e-30	2.488582421278e-20	7.075272800425e-13
1.643750000000e+00	3.419382744016e-300	1.486192233778e-221	1.939571512112e-163	4.761916705843e-120	1.899765228529e-87	6.596703075009e-63	1.605431248119e-44	1.262813901048e-30	2.045599090008e-20	6.100924554527e-13
1.645000000000e+00	9.900652847212e-301	5.542171832557e-222	8.811528239883e-164	2.529420971231e-120	1.143905053641e-87	4.397155019133e-63	1.163027042585e-44	9.799216223196e-31	1.680775084362e-20	5.258780062031e-13
1.646250000000e+00	2.863501405182e-301	2.064768079823e-222	3.999798059128e-164	1.342599875051e-120	6.883401110454e-88	2.929344292165e-63	8.421076491869e-45	7.600550362486e-31	1.380445508743e-20	4.531179317301e-13
1.647500000000e+00	8.272721781148e-302	7.685088270619e-223	1.814121124096e-164	7.121283197807e-121	4.139417498204e-88	1.950396285317e-63	6.094317966789e-45	5.892511723276e-31	1.133312089633e-20	3.902782773060e-13
1.648750000000e+00	2.387354363959e-302	2.857674334451e-223	8.221212665410e-165	3.774470877015e-121	2.487702482568e-88	1.297863758318e-63	4.408210297958e-45	4.566227898576e-31	9.300372901479e-21	3.360271726019e-13
1.650000000000e+00	6.881812047253e-303	1.061604865083e-223	3.722604277495e-165	1.999125540517e-121	1.494103567321e-88	8.631557159049e-64	3.186978973003e-45	3.536848235355e-31	7.629073332212e-21	2.892086674985e-13
1.651250000000e+00	1.981555210471e-303	3.940028448303e-224	1.684221661178e-165	1.058059823375e-121	8.967802198431e-89	5.737239735652e-64	2.302903763157e-45	2.738274488295e-31	6.255525571074e-21	2.488198933728e-13
1.652500000000e+00	5.699371913250e-304	1.460905441398e-224	7.613651822827e-166	5.595856215050e-122	5.379159142812e-89	3.811278156161e-64	1.663229115361e-45	2.119040461903e-31	5.127154504656e-21	2.139911354601e-13
1.653750000000e+00	1.637439523922e-304	5.411668027319e-225	3.438968226519e-166	2.957392976057e-122	3.224525534755e-89	2.530416991850e-64	1.200626891162e-45	1.639091629004e-31	4.200583218706e-21	1.839684524466e-13
1.655000000000e+00	4.699168205732e-305	2.002748798345e-225	1.552046402088e-166	1.561844147170e-122	1.931702769623e-89	1.679064370208e-64	8.662510055391e-46	1.267269343463e-31	3.440039014574e-21	1.580985239763e-13
1.656250000000e+00	1.347082403464e-305	7.404710844025e-226	6.998784585421e-167	8.242377835692e-123	1.156479235077e-89	1.113515836701e-64	6.246822059290e-46	9.793464183663e-32	2.816032936424e-21	1.358154459538e-13
1.657500000000e+00	3.857312157010e-306	2.735117697109e-226	3.153420880977e-167	4.346638381925e-123	6.919240574755e-90	7.380388975441e-65	4.502505134833e-46	7.564939576474e-32	2.304266356214e-21	1.166292280252e-13
1.658750000000e+00	1.103298072639e-306	1.009323132503e-226	1.419654419130e-167	2.290554710034e-123	4.137157714077e-90	4.888953494899e-65	3.243612731112e-46	5.840853338670e-32	1.884725969397e-21	1.001157779567e-13
1.660000000000e+00	3.152233524878e-307	3.721094726777e-227	6.385938407199e-168	1.206185199855e-123	2.472115616733e-90	3.236729172931e-65	2.335519372263e-46	4.507636149182e-32	1.540935063075e-21	8.590818430931e-14
1.661250000000e+00	8.996246737587e-308	1.370558307754e-227	2.870173824052e-168	6.347072926742e-124	1.476245320181e-90	2.141660464088e-65	1.680806231744e-46	3.477147537617e-32	1.259334342882e-21	7.368913224918e-14
1.662500000000e+00	2.564612669554e-308	5.043251179384e-228	1.288941065473e-168	3.337483662683e-124	8.809907415266e-91	1.416278551561e-65	1.209014538336e-46	2.681014097405e-32	1.028770123836e-21	6.318430792619e-14
1.663750000000e+00	7.302972397951e-309	1.854001036780e-228	5.783614112201e-169	1.753682530564e-124	5.254207373922e-91	9.360532125276e-66	8.692107622720e-47	2.066221091945e-32	8.400714532014e-22	5.415666493101e-14
1.665000000000e+00	2.077279740817e-309	6.809192909398e-229	2.593026434514e-169	9.208077590465e-125	3.131598883547e-91	6.183098988184e-66	6.245948006846e-47	1.591681604837e-32	6.857008651397e-22	4.640144220914e-14
1.666250000000e+00	5.902116294149e-310	2.498432355078e-229	1.161598297436e-169	4.831401520980e-125	1.865297483287e-91	4.081931025755e-66	4.485918018824e-47	1.225567730962e-32	5.594660722561e-22	3.974183672774e-14
1.667500000000e+00	1.675089398473e-310	9.158531517207e-230	5.199317953140e-170	2.533164891967e-125	1.110332708845e-91	2.693263998884e-66	3.220208546519e-47	9.432355303482e-33	4.562820655857e-22	3.402524639528e-14
1.668750000000e+00	4.748819560173e-311	3.354056582226e-230	2.325295619950e-170	1.327210950063e-125	6.605127691523e-92	1.776012389455e-66	2.310448870429e-47	7.256124062711e-33	3.719748951814e-22	2.912000942976e-14
1.670000000000e+00	1.344778622874e-311	1.227160073974e-230	1.039085675153e-170	6.948684912291e-126	3.926741902293e-92	1.170487708952e-66	1.656869960090e-47	5.579444490312e-33	3.031198993910e-22	2.491257574081e-14
1.671250000000e+00	3.803937528862e-312	4.485577252939e-231	4.639443914460e-171	3.635393690385e-126	2.332956013294e-92	7.709771832307e-67	1.187572641208e-47	4.288238548535e-33	2.469083931217e-22	2.130505409602e-14
1.672500000000e+00	1.074814225500e-312	1.638029640531e-231	2.069769044937e-171	1.900581275524e-126	1.385172302260e-92	5.075396719365e-67	8.507689706940e-48	3.294341563663e-33	2.010378564527e-22	1.821308602256e-14
1.673750000000e+00	3.033548104762e-313	5.976012032387e-232	9.226122848549e-172	9.929048008801e-127	8.219096925633e-93	3.339275607638e-67	6.091760182282e-48	2.529647622157e-33	1.636215203662e-22	1.556400367787e-14
1.675000000000e+00	8.552356919524e-314	2.178148382472e-232	4.109206494881e-172	5.183402597566e-127	4.873797264570e-93	2.195777531881e-67	4.359670349317e-48	1.941570412312e-33	1.331139557372e-22	1.329523441719e-14
1.676250000000e+00	2.408453125568e-314	7.931398162196e-233	1.828681561098e-172	2.704010916505e-127	2.888243951196e-93	1.443039469707e-67	3.118488910135e-48	1.489525613057e-33	1.082498597059e-22	1.135291958744e-14
1.677500000000e+00	6.774980226717e-315	2.885348888413e-233	8.131292671231e-173	1.409574732932e-127	1.710501029174e-93	9.478113049305e-68	2.229535819422e-48	1.142206216800e-33	8.799372071429e-23	9.690719273054e-15
1.678750000000e+00	1.903685985230e-315	1.048656391083e-233	3.612621708520e-173	7.342668796935e-128	1.012362062450e-93	6.221847470787e-68	1.593178372440e-48	8.754730417122e-34	7.149844692080e-23	8.268778383130e-15
1.680000000000e+00	5.343182807150e-316	3.807626785859e-234	1.603713439800e-173	3.822134265225e-128	5.987857256703e-94	4.081977787928e-68	1.137873670605e-48	6.707223049218e-34	5.807137665098e-23	7.052832667843e-15
1.681250000000e+00	1.498036089251e-316	1.381216730574e-234	7.113321492530e-174	1.988126921082e-128	3.539403453443e-94	2.676552186527e-68	8.122755717829e-49	5.136229660093e-34	4.714636584931e-23	6.013436042875e-15
1.682500000000e+00	4.195287286208e-317	5.005593510019e-235	3.152531924968e-174	1.033399959761e-128	2.090796462374e-94	1.754020218721e-68	5.795520345382e-49	3.931405433268e-34	3.826087600074e-23	5.125293034581e-15
1.683750000000e+00	1.173595630081e-317	1.812323071213e-235	1.396008093822e-174	5.367585136711e-129	1.234287974211e-94	1.148807536998e-68	4.132959742754e-49	3.007827643301e-34	3.103717488466e-23	4.366682280529e-15
1.685000000000e+00	3.279380486897e-318	6.555441573642e-236	6.176717893116e-175	2.785964704819e-129	7.281893004790e-95	7.519929316941e-69	2.945843109442e-49	2.300169142604e-34	2.516691859883e-23	3.718958869017e-15
1.686250000000e+00	9.153455407372e-319	2.368942800556e-236	2.730668520532e-175	1.444968719557e-129	4.293338628410e-95	4.919648135065e-69	2.098639050147e-49	1.758200152211e-34	2.039851219202e-23	3.166124911643e-15
1.687500000000e+00	2.552145500158e-319	8.552508012926e-237	1.206206288346e-175	7.489062385510e-130	2.529700165601e-95	3.216681986675e-69	1.494326795439e-49	1.343317174823e-34	1.652675265416e-23	2.694459145121e-15
1.688750000000e+00	7.108616512364e-320	3.084740934453e-237	5.323724586585e-176	3.878668098747e-130	1.489587465497e-95	2.102015979831e-69	1.063489279742e-49	1.025865761173e-34	1.338434581706e-23	2.292197578676e-15
1.690000000000e+00	1.976262583365e-320	1.111553050981e-237	2.347745186352e-176	2.007353941860e-130	8.765688308720e-96	1.372832970541e-69	7.564850450820e-50	7.830765464711e-35	1.083496113640e-23	1.949258264728e-15
1.691250000000e+00	5.508831951130e-321	4.001547579867e-238	1.034493401299e-176	1.038129325307e-130	5.155005029847e-96	8.960932165222e-70	5.378327888704e-50	5.974748269840e-35	8.767548027473e-24	1.657004193408e-15
1.692500000000e+00	1.501959563357e-321	1.439169899052e-238	4.554554235074e-177	5.364943226450e-131	3.029669239942e-96	5.845780172155e-70	3.821852323437e-50	4.556556095743e-35	7.091686622845e-24	1.408039113447e-15
1.693750000000e+00	4.248964554235e-322	5.171094094381e-239	2.003574143117e-177	2.770543471109e-131	1.779444292672e-96	3.811409142468e-70	2.714439874864e-50	3.473405951299e-35	5.733786340090e-24	1.196031778728e-15
1.695000000000e+00	1.185757550019e-322	1.856261278560e-239	8.806560963272e-178	1.429719940248e-131	1.044471586844e-96	2.483604649447e-70	1.926931378889e-50	2.646525486272e-35	4.633979007823e-24	1.015564724773e-15
1.696250000000e+00	3.952525166730e-323	6.657053728649e-240	3.867663309305e-178	7.372642015655e-132	6.126774817274e-97	1.617458543828e-70	1.367199747875e-50	2.015572066766e-35	3.743580750112e-24	8.620042045248e-16
1.697500000000e+00	0.000000000000e+00	2.385125911306e-240	1.697197418011e-178	3.799106660776e-132	3.591619011783e-97	1.052780067512e-70	9.695660238719e-51	1.534342430161e-35	3.023019410039e-24	7.313883683711e-16
1.698750000000e+00	0.000000000000e+00	8.537423997089e-241	7.441448002073e-179	1.956257381021e-132	2.104125597097e-97	6.848507733640e-71	6.872306254393e-51	1.167476030601e-35	2.440142858194e-24	6.203311684013e-16
1.700000000000e+00	0.000000000000e+00	3.053013200721e-241	3.260047497678e-179	1.006599400682e-132	1.231901863857e-97	4.452542244188e-71	4.868636152789e-51	8.879231199821e-36	1.968838788730e-24	5.259398093499e-16
1.701250000000e+00	0.000000000000e+00	1.090728862416e-241	1.427025688130e-179	5.175752595705e-133	7.207814807826e-98	2.893169965586e-71	3.447401231527e-51	6.750010831432e-36	1.587909138003e-24	4.457438653812e-16
1.702500000000e+00	0.000000000000e+00	3.893061104456e-242	6.241385986722e-180	2.659356232219e-133	4.214578834293e-98	1.878856660443e-71	2.439810203459e-51	5.129030584542e-36	1.280152550761e-24	3.776344388446e-16
1.703750000000e+00	0.000000000000e+00	1.388199638344e-242	2.727543459917e-180	1.365418215219e-133	2.462792365502e-98	1.219458852322e-71	1.725837701443e-51	3.895541376677e-36	1.031616763642e-24	3.198119595877e-16
1.705000000000e+00	0.000000000000e+00	4.945371539454e-243	1.190977903870e-180	7.005530605030e-134	1.438217173301e-98	7.910327311769e-72	1.220179035551e-51	2.957345520484e-36	8.309897033000e-25	2.707414159042e-16
1.706250000000e+00	0.000000000000e+00	1.760079217812e-243	5.196095400917e-181	3.591720590102e-134	8.393521293894e-99	5.128325218431e-72	8.622374141500e-52	2.244078415049e-36	6.691037766789e-25	2.291139746934e-16
1.707500000000e+00	0.000000000000e+00	6.258233983184e-244	2.265123654450e-181	1.840137267907e-134	4.895386406983e-99	3.322847917300e-72	6.089895869422e-52	1.702063280260e-36	5.385324864501e-25	1.938140923501e-16
1.708750000000e+00	0.000000000000e+00	2.223093197171e-244	9.866158810079e-182	9.420719326806e-135	2.853335327030e-99	2.151786467237e-72	4.299050707781e-52	1.290372474302e-36	4.332623184347e-25	1.638913423015e-16
1.710000000000e+00	0.000000000000e+00	7.889506430939e-245	4.293838199730e-182	4.819523208686e-135	1.662040888980e-99	1.392649028238e-72	3.033297217333e-52	9.778138666686e-37	3.484259708157e-25	1.385362925610e-16
1.711250000000e+00	0.000000000000e+00	2.797230731750e-245	1.867173332664e-182	2.463827249413e-135	9.675059604428e-100	9.008199388806e-73	2.139129434816e-52	7.406260904553e-37	2.800855510301e-25	1.170598594521e-16
1.712500000000e+00	0.000000000000e+00	9.908160638279e-246	8.112691920650e-183	1.258643100212e-135	5.628447885280e-100	5.823553928378e-73	1.507783056921e-52	5.607167582801e-37	2.250564574217e-25	9.887564372747e-17
1.713750000000e+00	0.000000000000e+00	3.506259689868e-246	3.521978650469e-183	6.425118054707e-136	3.272251714991e-100	3.762634333799e-73	1.062234375925e-52	4.243163620877e-37	1.807643727965e-25	8.348482439480e-17
1.715000000000e+00	0.000000000000e+00	1.239599550849e-246	1.527741377533e-183	3.277523326501e-136	1.901200034414e-100	2.429683631623e-73	7.479654597073e-53	3.209502626877e-37	1.451291948029e-25	7.046324512698e-17
1.716250000000e+00	0.000000000000e+00	4.378295133169e-247	6.621469008243e-184	1.670692942186e-136	1.103905704807e-100	1.568054824719e-73	5.264079411444e-53	2.426539726069e-37	1.164708700679e-25	5.945037948336e-17
1.717500000000e+00	0.000000000000e+00	1.544951847111e-247	2.867479008114e-184	8.510080175956e-137	6.405590872774e-101	1.011408407707e-73	3.702908830778e-53	1.833744354423e-37	9.343303164331e-26	5.013990540745e-17
1.718750000000e+00	0.000000000000e+00	5.446420318526e-248	1.240759276875e-184	4.331684654922e-137	3.714577898547e-101	6.519971199322e-74	2.603414411891e-53	1.385134311949e-37	7.492110060237e-26	4.227165756593e-17
1.720000000000e+00	0.000000000000e+00	1.918198964608e-248	5.364338834297e-185	2.203262185078e-137	2.152696470842e-101	4.200670302156e-74	1.829461556942e-53	1.045795332230e-37	6.005213377624e-26	3.562475889132e-17
1.721250000000e+00	0.000000000000e+00	6.749357645987e-249	2.317321334545e-185	1.119854748352e-137	1.246749440548e-101	2.704863271776e-74	1.284940356260e-53	7.892293442776e-38	4.811420620096e-26	3.001176091201e-17
1.722500000000e+00	0.000000000000e+00	2.372561742442e-249	1.000224999990e-185	5.687787704855e-138	7.216034816039e-102	1.740707652444e-74	9.020328391123e-54	5.953350653973e-38	3.853352980601e-26	2.527364672621e-17
1.723750000000e+00	0.000000000000e+00	8.332184846282e-250	4.313705952231e-186	2.886763646483e-138	4.173891088316e-102	1.119592966788e-74	6.329092252833e-54	4.488708636589e-38	3.084784636574e-26	2.127557134520e-17
1.725000000000e+00	0.000000000000e+00	2.923388677639e-250	1.858851761354e-186	1.464081469977e-138	2.412718531777e-102	7.196946693272e-75	4.438540647245e-54	3.382852660950e-38	2.468490679399e-26	1.790323206434e-17
1.726250000000e+00	0.000000000000e+00	1.024708920195e-250	8.003507643776e-187	7.420026011337e-139	1.393783317720e-102	4.623706000951e-75	3.111133697764e-54	2.548275993551e-38	1.974507197259e-26	1.505977692543e-17
1.727500000000e+00	0.000000000000e+00	3.588399311292e-251	3.443161217833e-187	3.757783702237e-139	8.046498209656e-103	2.968834160964e-75	2.179600236500e-54	1.918719798602e-38	1.578725185752e-26	1.266317256098e-17
1.728750000000e+00	0.000000000000e+00	1.255414973252e-251	1.480047791091e-187	1.901710027356e-139	4.642390091281e-103	1.905177600890e-75	1.526211479758e-54	1.444037144736e-38	1.261754727585e-26	1.064396406306e-17
1.730000000000e+00	0.000000000000e+00	4.387934491726e-252	6.356755498421e-188	9.617074524843e-140	2.676698138814e-103	1.221908811121e-75	1.068150094965e-54	1.086292762841e-38	1.008007888353e-26	8.943369258577e-18
1.731250000000e+00	0.000000000000e+00	1.532213406798e-252	2.727951613323e-188	4.859905602048e-140	1.542340341070e-103	7.832419273249e-76	7.471874160994e-55	8.168026186422e-39	8.049585317578e-27	7.511658124272e-18
1.732500000000e+00	0.000000000000e+00	5.345208772688e-253	1.169712700537e-188	2.454137281556e-140	8.881454471786e-104	5.017725044353e-76	5.224040228838e-55	6.138878958744e-39	6.425451825038e-27	6.306775233212e-18
1.733750000000e+00	0.000000000000e+00	1.862929322669e-253	5.011446924994e-189	1.238386016478e-140	5.111060531293e-104	3.212710503857e-76	3.650590962555e-55	4.611717896045e-39	5.126894995478e-27	5.293169258176e-18
1.735000000000e+00	0.000000000000e+00	6.486559054489e-254	2.145302071754e-189	6.244524774942e-141	2.939415701504e-104	2.055843864130e-76	2.549761351995e-55	3.462885322724e-39	4.089081442457e-27	4.440798810079e-18
1.736250000000e+00	0.000000000000e+00	2.256413376686e-254	9.176037004504e-190	3.146508531847e-141	1.689406068053e-104	1.314808382505e-76	1.779981922969e-55	2.599053383856e-39	3.260000639310e-27	3.724288386457e-18
1.737500000000e+00	0.000000000000e+00	7.841682363297e-255	3.921599581705e-190	1.584326190195e-141	9.703538750676e-105	8.404049499877e-77	1.241970692082e-55	1.949817679220e-39	2.597946461490e-27	3.122212052978e-18
1.738750000000e+00	0.000000000000e+00	2.722614288290e-255	1.674606320524e-190	7.971617583753e-142	5.569924316265e-105	5.368692632808e-77	8.661374187171e-56	1.462091396628e-39	2.069489824954e-27	2.616485772245e-18
1.740000000000e+00	0.000000000000e+00	9.443854420082e-256	7.145022350933e-191	4.008062439249e-142	3.195151816294e-105	3.427695865708e-77	6.037288826102e-56	1.095864234254e-39	1.647847361444e-27	2.191852108117e-18
1.741250000000e+00	0.000000000000e+00	3.272643808169e-256	3.046041699978e-191	2.013764440563e-142	1.831710172479e-105	2.187206672373e-77	4.206072971534e-56	8.209953518282e-40	1.311569332565e-27	1.835443438680e-18
1.742500000000e+00	0.000000000000e+00	1.133011941629e-256	1.297506327574e-191	1.011041597118e-142	1.049409692347e-105	1.394861748935e-77	2.928811026576e-56	6.147893806911e-40	1.043484764903e-27	1.536411865314e-18
1.743750000000e+00	0.000000000000e+00	3.918830924106e-257	5.522357417766e-192	5.072423985899e-143	6.008366824741e-106	8.890502510140e-78	2.038382099775e-56	4.601651554579e-40	8.298537462619e-28	1.285615759526e-18
1.745000000000e+00	0.000000000000e+00	1.354144023643e-257	2.348447878649e-192	2.543010996221e-143	3.437881181316e-106	5.663374151484e-78	1.417945507127e-56	3.442728830557e-40	6.596864930132e-28	1.075354386460e-18
1.746250000000e+00	0.000000000000e+00	4.674761728710e-258	9.978809398197e-193	1.273993158600e-143	1.965840783070e-106	3.605603785137e-78	9.858553165712e-57	2.574504271336e-40	5.241966149605e-28	8.991433213803e-19
1.747500000000e+00	0.000000000000e+00	1.612279730494e-258	4.236604430486e-193	6.377817982180e-144	1.123385653556e-106	2.294217292950e-78	6.850882562271e-57	1.924359156517e-40	4.163623193617e-28	7.515244648174e-19
1.748750000000e+00	0.000000000000e+00	5.555301062040e-259	1.797208615554e-193	3.190533526773e-144	6.415528827035e-107	1.458965083462e-78	4.758384815827e-57	1.437740009169e-40	3.305743959525e-28	6.279053906890e-19
1.750000000000e+00	0.000000000000e+00	1.912322334908e-259	7.617640179927e-194	1.594926491722e-144	3.661500543175e-107	9.272760630654e-79	3.303332552526e-57	1.073683551331e-40	2.623539418742e-28	5.244235529635e-19
1.751250000000e+00	0.000000000000e+00	6.576591798158e-260	3.226144420901e-194	7.967172089679e-145	2.088376510775e-107	5.890158762957e-79	2.292053398450e-57	8.014454267324e-41	2.081261073817e-28	4.378315503919e-19
1.752500000000e+00	0.000000000000e+00	2.259576073014e-260	1.365175678249e-194	3.976984435482e-145	1.190368844115e-107	3.739372709389e-79	1.589559772641e-57	5.979616395295e-41	1.650388224483e-28	3.654002225947e-19
1.753750000000e+00	0.000000000000e+00	7.756027489920e-261	5.772110902946e-195	1.983762844708e-145	6.780744147627e-108	2.372598812663e-79	1.101815033364e-57	4.459379229469e-41	1.308176242894e-28	3.048368390705e-19
1.755000000000e+00	0.000000000000e+00	2.659732767426e-261	2.438496735521e-195	9.888075627685e-146	3.860079230383e-108	1.504539744159e-79	7.633438692385e-58	3.324123902183e-41	1.036494462908e-28	2.542160580497e-19
1.756250000000e+00	0.000000000000e+00	9.112194043835e-262	1.029321578571e-195	4.925155809381e-146	2.196029322612e-108	9.535354021088e-80	5.285808782711e-58	2.476747386237e-41	8.208963068258e-29	2.119216852833e-19
1.757500000000e+00	0.000000000000e+00	3.118847980486e-262	4.341315645460e-196	2.451400870632e-146	1.248541853606e-108	6.039817002510e-80	3.658325738173e-58	1.844539404020e-41	6.498755592014e-29	1.765975630282e-19
1.758750000000e+00	0.000000000000e+00	1.066477618956e-262	1.829502623325e-196	1.219255897668e-146	7.093999126666e-109	3.823530335397e-80	2.530655305089e-58	1.373080106330e-41	5.142717797336e-29	1.471061745041e-19
1.760000000000e+00	0.000000000000e+00	3.643305391170e-263	7.703464701614e-197	6.059845631868e-147	4.028118244945e-109	2.419129409965e-80	1.749698885942e-58	1.021657967923e-41	4.067951529574e-29	1.224937656608e-19
1.761250000000e+00	0.000000000000e+00	1.243442475833e-263	3.241011294007e-197	3.009639127339e-147	2.285790090135e-109	1.529704216494e-80	1.209130938387e-58	7.598307960735e-42	3.216469463665e-29	1.019609699245e-19
1.762500000000e+00	0.000000000000e+00	4.239768195266e-264	1.362436842431e-197	1.493665860312e-147	1.296264224313e-109	9.667398645491e-81	8.351472400069e-59	5.648458867519e-42	2.542164692929e-29	8.483807757302e-20
1.763750000000e+00	0.000000000000e+00	1.444258121003e-264	5.722602773092e-198	7.407619260851e-148	7.346386603450e-110	6.106123622746e-81	5.765440103962e-59	4.197055993387e-42	2.008392170354e-29	7.056422368227e-20
1.765000000000e+00	0.000000000000e+00	4.915116492734e-265	2.401663788702e-198	3.671047609548e-148	4.160802276325e-110	3.854564870604e-81	3.978153871406e-59	3.117175611138e-42	1.586039296734e-29	5.866988074585e-20
1.766250000000e+00	0.000000000000e+00	1.671125646596e-265	1.007099096168e-198	1.817973501122e-148	2.355067895316e-110	2.431862001239e-81	2.743534259785e-59	2.314085972928e-42	1.251987388724e-29	4.876213711310e-20
1.767500000000e+00	0.000000000000e+00	5.676369852855e-266	4.219622404324e-199	8.996451593398e-149	1.332149115032e-110	1.533402954844e-81	1.891119167280e-59	1.717115164857e-42	9.878853656782e-30	4.051232290367e-20
1.768750000000e+00	0.000000000000e+00	1.926276192218e-266	1.766511056935e-199	4.448781883621e-149	7.530525853052e-111	9.663344581267e-82	1.302888056801e-59	1.273564871275e-42	7.791727158773e-30	3.364561322629e-20
1.770000000000e+00	0.000000000000e+00	6.530594538957e-267	7.389252680745e-200	2.198351563726e-149	4.254228589191e-111	6.086287141023e-82	8.971705468534e-60	9.441574684624e-43	6.143014042195e-30	2.793229622769e-20
1.771250000000e+00	0.000000000000e+00	2.211939154234e-267	3.088346800203e-200	1.085523792971e-149	2.401814124671e-111	3.831168125208e-82	6.174795947118e-60	6.996317468166e-43	4.841164795845e-30	2.318044230966e-20
1.772500000000e+00	0.000000000000e+00	7.484795230296e-268	1.289712754418e-200	5.356334792506e-150	1.355130193811e-111	2.410259398803e-82	4.247661608045e-60	5.181986734811e-43	3.813632252840e-30	1.922975213201e-20
1.773750000000e+00	0.000000000000e+00	2.530305515273e-268	5.381474837580e-201	2.641084210736e-150	7.640920905503e-112	1.515479830313e-82	2.920497978434e-60	3.836408102722e-43	3.002951680396e-30	1.594639591238e-20
1.775000000000e+00	0.000000000000e+00	8.545791496167e-269	2.243628873483e-201	1.301316542184e-150	4.305597626937e-112	9.523362978723e-83	2.006982597619e-60	2.838932168949e-43	2.363624393151e-30	1.321868601717e-20
1.776250000000e+00	0.000000000000e+00	2.883486447475e-269	9.346351582965e-202	6.407222699902e-151	2.424623067804e-112	5.981144789842e-83	1.378510256170e-60	2.099843586500e-43	1.859641243408e-30	1.095344973972e-20
1.777500000000e+00	0.000000000000e+00	9.720079751069e-270	3.890223872928e-202	3.152411152079e-151	1.364514261379e-112	3.754326987863e-83	9.463593874971e-61	1.552460610871e-43	1.462515449466e-30	9.072990185156e-21
1.778750000000e+00	0.000000000000e+00	3.273467500668e-270	1.617888032445e-202	1.549894218523e-151	7.674232989712e-113	2.355231907056e-83	6.493545462066e-61	1.147244403234e-43	1.149720678360e-30	7.512540922382e-21
1.780000000000e+00	0.000000000000e+00	1.101368194085e-270	6.723009386403e-203	7.614605854692e-152	4.313352347858e-113	1.476689063249e-83	4.453355594802e-61	8.474088964423e-44	9.034514293602e-31	6.218135029816e-21
1.781250000000e+00	0.000000000000e+00	3.702058857604e-271	2.791388981306e-203	3.738341446267e-152	2.422802129581e-113	9.253334075133e-84	3.052618707284e-61	6.256505118954e-44	7.096396338171e-31	5.144821780039e-21
1.782500000000e+00	0.000000000000e+00	1.243198276620e-271	1.158026210549e-203	1.833988761903e-152	1.360015982421e-113	5.795103898341e-84	2.091401650366e-61	4.617132130502e-44	5.571748487255e-31	4.255174844532e-21
1.783750000000e+00	0.000000000000e+00	4.170842318197e-272	4.800183124694e-204	8.990845643305e-153	7.629448260198e-114	3.627254371617e-84	1.432128638404e-61	3.405763727281e-44	4.372861592018e-31	3.518044860106e-21
1.785000000000e+00	0.000000000000e+00	1.397955782641e-272	1.988101759025e-204	4.404438805444e-153	4.277256618428e-114	2.269073690240e-84	9.801810693519e-62	2.511067818081e-44	3.430524663499e-31	2.907516744706e-21
1.786250000000e+00	0.000000000000e+00	4.681115858062e-273	8.227365675243e-205	2.156089507703e-153	2.396406762924e-114	1.418642573730e-84	6.705177664530e-62	1.850563884663e-44	2.690146599168e-31	2.402038502438e-21
1.787500000000e+00	0.000000000000e+00	1.565999564475e-273	3.401922209711e-205	1.054700517451e-153	1.341772296716e-114	8.864437433017e-85	4.584521004494e-62	1.363174445784e-44	2.108686102800e-31	1.983693602637e-21
1.788750000000e+00	0.000000000000e+00	5.233836787527e-274	1.405495125768e-205	5.155582004737e-154	7.507929050082e-115	5.535835423823e-85	3.132977976861e-62	1.003692095237e-44	1.652222420301e-31	1.637593513403e-21
1.790000000000e+00	0.000000000000e+00	1.747571709662e-274	5.801972903842e-206	2.518328650159e-154	4.198407156652e-115	3.455166362988e-85	2.139934178653e-62	7.386714015500e-45	1.294033958425e-31	1.351370749707e-21
1.791250000000e+00	0.000000000000e+00	5.829564708554e-275	2.393114266633e-206	1.229230367227e-154	2.346237663825e-115	2.155304109984e-85	1.460909073869e-62	5.433801637141e-45	1.013079255426e-31	1.114755972505e-21
1.792500000000e+00	0.000000000000e+00	1.942779627924e-275	9.862625955071e-207	5.995705904116e-155	1.310335494616e-115	1.343698871411e-85	9.968404575238e-63	3.995379060434e-45	7.927965627640e-32	9.192253436411e-22
1.793750000000e+00	0.000000000000e+00	6.468405621443e-276	4.061281347663e-207	2.922358760812e-155	7.313345035223e-116	8.372384191852e-86	6.798417367011e-63	2.936391185883e-45	6.201556168591e-32	7.577065818669e-22
1.795000000000e+00	0.000000000000e+00	2.151578731471e-276	1.670994335350e-207	1.423353935027e-155	4.079178182614e-116	5.213749329052e-86	4.634145747342e-63	2.157106304637e-45	4.849089404352e-32	6.243340459143e-22
1.796250000000e+00	0.000000000000e+00	7.149958663005e-277	6.869549636599e-208	6.927530542088e-156	2.273800426555e-116	3.244927113181e-86	3.157266575570e-63	1.583911449852e-45	3.790009409865e-32	5.142447483934e-22
1.797500000000e+00	0.000000000000e+00	2.373756194000e-277	2.821778638014e-208	3.369226121695e-156	1.266645445395e-116	2.018429322840e-86	2.149970561658e-63	1.162497324761e-45	2.961017485237e-32	4.234085275377e-22
1.798750000000e+00	0.000000000000e+00	7.873267055427e-278	1.158134512920e-208	1.637449957200e-156	7.051489162423e-117	1.254804156676e-86	1.463300337902e-63	8.528148218217e-46	2.312396176552e-32	3.484867131075e-22
1.800000000000e+00	0.000000000000e+00	2.608916298705e-278	4.749374911449e-209	7.952287639982e-157	3.923102673788e-117	7.796364797562e-87	9.954378048265e-64	6.253443510821e-46	1.805111779146e-32	2.867145523030e-22
1.801250000000e+00	0.000000000000e+00	8.636774903175e-279	1.946055808549e-209	3.859244480972e-157	2.181230495490e-117	4.841301795435e-87	6.768220296180e-64	4.583375471046e-46	1.408531437722e-32	2.358034401285e-22
1.802500000000e+00	0.000000000000e+00	2.856467896890e-279	7.967379701448e-210	1.871538089186e-157	1.211982926966e-117	3.004595152352e-87	4.599541477047e-64	3.357788636635e-46	1.098625249400e-32	1.938596505387e-22
1.803750000000e+00	0.000000000000e+00	9.438291487399e-280	3.259245886879e-210	9.069455532722e-158	6.729991224394e-118	1.863646634425e-87	3.124167362798e-64	2.458798772529e-46	8.565509367748e-33	1.593168102781e-22
1.805000000000e+00	0.000000000000e+00	3.115614494730e-280	1.332171458001e-210	4.391874571720e-158	3.734698511419e-118	1.155300543920e-87	2.120966166788e-64	1.799676036994e-46	6.675401617560e-33	1.308798137403e-22
1.806250000000e+00	0.000000000000e+00	1.027496466814e-280	5.440571350264e-211	2.125224472990e-158	2.071188632863e-118	7.157810353897e-88	1.439172621465e-64	1.316641058358e-46	5.200225682189e-33	1.074782588423e-22
1.807500000000e+00	0.000000000000e+00	3.385347464719e-281	2.220088478659e-211	1.027651487848e-158	1.147907290208e-118	4.432198461597e-88	9.760492547870e-65	9.628134930268e-47	4.049371024013e-33	8.822780294402e-23
1.808750000000e+00	0.000000000000e+00	1.114326491027e-281	9.051851968191e-212	4.965615287806e-159	6.357948838517e-119	2.742912862532e-88	6.616225182532e-65	7.037504012999e-47	3.151908031467e-33	7.239810440135e-23
1.810000000000e+00	0.000000000000e+00	3.664442839461e-282	3.687618542982e-212	2.397653665729e-159	3.519251452061e-119	1.696518597345e-88	4.482584857900e-65	5.141583069587e-47	2.452336656144e-33	5.938623797727e-23
1.811250000000e+00	0.000000000000e+00	1.203898129730e-282	1.501052646161e-212	1.156873835782e-159	1.946734039613e-119	1.048718766878e-88	3.035473596405e-65	3.754713221316e-47	1.907248269874e-33	4.869465819794e-23
1.812500000000e+00	0.000000000000e+00	3.951462088432e-283	6.105022177458e-213	5.577912721818e-160	1.076182688914e-119	6.479078713065e-89	2.054490310902e-65	2.740680442966e-47	1.482705697351e-33	3.991293984683e-23
1.813750000000e+00	0.000000000000e+00	1.295723068855e-283	2.480961098472e-213	2.687469827896e-160	5.945500714834e-120	4.000564472161e-89	1.389829204711e-65	1.999593624278e-47	1.152187793787e-33	3.270265417302e-23
1.815000000000e+00	0.000000000000e+00	4.244757203397e-284	1.007381684128e-213	1.293902782750e-160	3.282569456692e-120	2.468783992378e-89	9.397199940664e-66	1.458232588698e-47	8.949776101459e-34	2.678484727179e-23
1.816250000000e+00	0.000000000000e+00	1.389248091078e-284	4.087046071840e-214	6.225093283575e-161	1.811183560071e-120	1.522645183454e-89	6.350606436768e-66	1.062951795165e-47	6.948989542545e-34	2.192967701344e-23
1.817500000000e+00	0.000000000000e+00	4.542480326527e-285	1.656785952230e-214	2.992790025487e-161	9.986977363255e-121	9.385731684872e-90	4.289548961042e-66	7.744654598267e-48	5.393264658639e-34	1.794783980922e-23
1.818750000000e+00	0.000000000000e+00	1.483858856143e-285	6.710651120140e-215	1.437781194285e-161	5.503370078198e-121	5.782176676288e-90	2.895927981751e-66	5.640170738832e-48	4.184103258862e-34	1.468348089052e-23
1.820000000000e+00	0.000000000000e+00	4.842598048629e-286	2.715840780946e-215	6.902326790966e-162	3.030724262513e-121	3.560150698912e-90	1.954085595478e-66	4.105671163981e-48	3.244693226258e-34	1.200833371174e-23
1.821250000000e+00	0.000000000000e+00	1.578885164250e-286	1.098209856091e-215	3.311192292750e-162	1.667965978039e-121	2.190782218463e-90	1.317889832599e-66	2.987292768029e-48	2.515159187666e-34	9.816877301984e-24
1.822500000000e+00	0.000000000000e+00	5.142910385984e-287	4.437187244779e-216	1.587301603663e-162	9.173836695409e-122	1.347360571315e-90	8.883709112351e-67	2.172566738473e-48	1.948847693451e-34	8.022336335392e-24
1.823750000000e+00	0.000000000000e+00	1.673607685253e-287	1.791313347303e-216	7.603624732576e-163	5.042406763426e-122	8.281752783177e-91	5.985345843891e-67	1.579320158846e-48	1.509422809244e-34	6.553378575345e-24
1.825000000000e+00	0.000000000000e+00	5.441074316281e-288	7.225647236961e-217	3.639720723488e-163	2.769796123347e-122	5.087617960427e-91	4.030545869423e-67	1.147542939323e-48	1.168596293134e-34	5.351389184717e-24
1.826250000000e+00	0.000000000000e+00	1.767266094918e-288	2.912214335846e-217	1.741011401860e-163	1.520480253285e-122	3.123636741983e-91	2.712802545176e-67	8.334305680697e-49	9.043544651707e-35	4.368222027890e-24
1.827500000000e+00	0.000000000000e+00	5.734631620928e-289	1.172765827771e-217	8.321877840087e-164	8.341359137984e-123	1.916727415407e-91	1.824955161700e-67	6.050226298468e-49	6.995736724248e-35	3.564345224074e-24
1.828750000000e+00	0.000000000000e+00	1.859068517088e-289	4.718898734039e-218	3.974909310663e-164	4.573154889180e-123	1.175476600030e-91	1.227060315666e-67	4.390111257022e-49	5.409396474911e-35	2.907312433801e-24
1.830000000000e+00	0.000000000000e+00	6.021040646911e-290	1.897192501587e-218	1.897226926435e-164	2.505636438732e-123	7.204791593274e-92	8.246303623085e-68	3.184059302878e-49	4.181044186092e-35	2.370503160950e-24
1.831250000000e+00	0.000000000000e+00	1.948202128558e-290	7.621202978507e-219	9.048935698949e-165	1.371965707902e-123	4.413495203340e-92	5.539013575588e-68	2.308279969306e-49	3.230288325291e-35	1.932085139849e-24
1.832500000000e+00	0.000000000000e+00	6.297711471111e-291	3.058982868092e-219	4.312825550196e-165	7.507433798888e-124	2.702076847650e-92	3.718649414100e-68	1.672620948237e-49	2.494700449263e-35	1.574159990955e-24
1.833750000000e+00	0.000000000000e+00	2.033844743502e-291	1.226794861034e-219	2.054056797887e-165	4.105469413053e-124	1.653356606086e-92	2.495271121659e-68	1.211457810360e-49	1.925821849100e-35	1.282060052719e-24
1.835000000000e+00	0.000000000000e+00	6.562043828310e-292	4.915958847023e-220	9.775729415518e-166	2.243660722244e-124	1.011088509687e-92	1.673516285349e-68	8.770427654331e-50	1.486053349383e-35	1.043769867232e-24
1.836250000000e+00	0.000000000000e+00	2.115177157671e-292	1.968275634477e-220	4.649133991464e-166	1.225390768635e-124	6.179674728146e-93	1.121816551673e-68	6.346509880600e-50	1.146233980430e-35	8.494504093664e-25
1.837500000000e+00	0.000000000000e+00	6.811467055716e-293	7.874173524899e-221	2.209434448724e-166	6.688289731187e-125	3.774816623251e-93	7.516115443556e-69	4.590403523935e-50	8.837567506505e-36	6.910479665161e-25
1.838750000000e+00	0.000000000000e+00	2.191396000991e-293	3.147497785704e-221	1.049243642054e-166	3.648199728429e-125	2.304516929142e-93	5.033206381999e-69	3.318703717563e-50	6.811030047981e-36	5.619727343657e-25
1.840000000000e+00	0.000000000000e+00	7.043481216334e-294	1.257092607485e-221	4.979178991352e-167	1.988681299949e-125	1.406104985495e-93	3.368803915910e-69	2.398213332786e-50	5.247028645756e-36	4.568348060729e-25
1.841250000000e+00	0.000000000000e+00	2.261726821891e-294	5.016611840349e-222	2.361159351283e-167	1.083365067811e-125	8.574511647917e-94	2.253649774063e-69	1.732243171879e-50	4.040495813137e-36	3.712273915187e-25
1.842500000000e+00	0.000000000000e+00	7.255698494782e-295	2.000299896170e-222	1.118868441779e-167	5.898037381943e-126	5.225824763430e-94	1.506873573538e-69	1.250637989980e-50	3.110115186306e-36	3.015488875343e-25
1.843750000000e+00	0.000000000000e+00	2.325437108751e-295	7.969317197978e-223	5.298084958313e-168	3.208952350317e-126	3.183127918538e-94	1.007040426900e-69	9.025184511131e-51	2.392978923805e-36	2.448568938313e-25
1.845000000000e+00	0.000000000000e+00	7.445883915598e-296	3.172404089356e-223	2.506945998480e-168	1.744785609170e-126	1.937791926797e-94	6.726616869454e-70	6.510019293303e-51	1.840440833064e-36	1.987484862257e-25
1.846250000000e+00	0.000000000000e+00	2.381848944470e-296	1.261819620402e-223	1.185378939648e-168	9.480776913145e-127	1.179000512945e-94	4.490825467951e-70	4.693644315578e-51	1.414898980801e-36	1.612620630668e-25
1.847500000000e+00	0.000000000000e+00	7.611994418248e-297	5.014728653165e-224	5.600871412303e-169	5.148359192368e-127	7.169265223168e-95	2.996645433380e-70	3.382515453618e-51	1.087300516197e-36	1.307969093298e-25
1.848750000000e+00	0.000000000000e+00	2.430350989670e-297	1.991310518288e-224	2.644479253390e-169	2.793938265395e-127	4.357015466829e-95	1.998592441546e-70	2.436526375110e-51	8.352074154617e-37	1.060473061031e-25
1.850000000000e+00	0.000000000000e+00	7.752215336469e-298	7.900815573626e-225	1.247702064071e-169	1.515262331113e-127	2.646411392041e-95	1.332271751501e-70	1.754301190840e-51	6.412976904983e-37	8.594857643149e-26
1.851250000000e+00	0.000000000000e+00	2.470409499010e-298	3.132176653087e-225	5.882579294566e-170	8.212623300322e-128	1.606495134131e-95	8.876486491305e-71	1.262521879505e-51	4.922045194677e-37	6.963292257072e-26
1.852500000000e+00	0.000000000000e+00	7.864993372578e-299	1.240686220902e-225	2.771474286243e-170	4.448350850174e-128	9.746647799069e-96	5.911110411530e-71	9.081872110178e-52	3.776174935403e-37	5.639329195996e-26
1.853750000000e+00	0.000000000000e+00	2.501578093357e-299	4.910424715906e-226	1.304788391693e-170	2.407904281818e-128	5.909965321886e-96	3.934383992955e-71	6.530005760916e-52	2.895870923433e-37	4.565382392870e-26
1.855000000000e+00	0.000000000000e+00	7.949065229701e-300	1.941858329629e-226	6.138404196455e-171	1.302574161851e-128	3.581528353025e-96	2.617363944656e-71	4.693031407275e-52	2.219866627676e-37	3.694568815717e-26
1.856250000000e+00	0.000000000000e+00	2.523506037770e-300	7.672862484904e-227	2.885738987926e-171	7.041882173260e-129	2.169230269268e-96	1.740328308679e-71	3.371281913618e-52	1.700964113902e-37	2.988733897408e-26
1.857500000000e+00	0.000000000000e+00	8.003481164125e-301	3.029274815856e-227	1.355641262123e-171	3.804504513741e-129	1.313096729251e-96	1.156586055072e-71	2.420685642866e-52	1.302818770227e-37	2.416838478174e-26
1.858750000000e+00	0.000000000000e+00	2.535944810704e-301	1.194981883126e-227	6.363831593344e-172	2.054142215624e-129	7.944042968118e-97	7.682532689529e-72	1.737334451622e-52	9.974553170313e-38	1.953641591356e-26
1.860000000000e+00	0.000000000000e+00	8.027622843943e-302	4.710048238383e-228	2.985236511447e-172	1.108373074938e-129	4.803305956475e-97	5.100474493275e-72	1.246321775784e-52	7.633495947498e-38	1.578625255777e-26
1.861250000000e+00	0.000000000000e+00	2.538752792407e-302	1.854943885294e-228	1.399345572914e-172	5.976741616305e-130	2.902636942968e-97	3.384514985024e-72	8.936730226752e-53	5.839478932416e-38	1.275117156557e-26
1.862500000000e+00	0.000000000000e+00	8.021215044440e-303	7.299239005796e-229	6.554768813769e-173	3.220816998386e-130	1.753068908098e-97	2.244719092840e-72	6.405142950408e-53	4.465245067668e-38	1.029575074786e-26
1.863750000000e+00	0.000000000000e+00	2.531897948824e-303	2.869893494752e-229	3.068145466564e-173	1.734565375328e-130	1.058178802608e-97	1.488014824171e-72	4.588605478196e-53	3.413006299128e-38	8.310034740761e-27
1.865000000000e+00	0.000000000000e+00	7.984330870902e-304	1.127444993538e-229	1.435095099191e-173	9.335516502626e-131	6.383706758017e-98	9.858985165979e-73	3.285748554383e-53	2.607651005019e-38	6.704780229958e-27
1.866250000000e+00	0.000000000000e+00	2.515458439914e-304	4.425540629550e-230	6.707668378645e-174	5.021218078503e-131	3.848935221659e-98	6.528852641404e-73	2.351741838183e-53	1.991509724428e-38	5.407582365639e-27
1.867500000000e+00	0.000000000000e+00	7.917390370321e-305	1.735716089237e-230	3.132915291091e-174	2.698999917851e-131	2.319327492813e-98	4.321367664644e-73	1.682467482215e-53	1.520323408970e-38	4.359720297664e-27
1.868750000000e+00	0.000000000000e+00	2.489621136216e-305	6.801934308501e-231	1.462217201607e-174	1.449838785411e-131	1.396810051361e-98	2.858809834012e-73	1.203110249506e-53	1.160139251244e-38	3.513589336340e-27
1.870000000000e+00	0.000000000000e+00	7.821152568806e-306	2.663345843760e-231	6.819637528560e-175	7.783225452946e-132	8.407491333603e-99	1.890292515729e-73	8.599355196306e-54	8.849217013011e-39	2.830611466058e-27
1.871250000000e+00	0.000000000000e+00	2.454678083024e-306	1.041991276422e-231	3.178314450914e-175	4.175635319368e-132	5.057656224187e-99	1.249258923569e-73	6.143672585580e-54	6.747146771676e-39	2.279535768231e-27
1.872500000000e+00	0.000000000000e+00	7.696701145779e-307	4.073258652146e-232	1.480193866001e-175	2.238765310234e-132	3.040786901552e-99	8.251931303685e-74	4.387245644692e-54	5.142283976474e-39	1.835056536600e-27
1.873750000000e+00	0.000000000000e+00	2.411021005726e-307	1.590967402695e-232	6.888529218951e-176	1.199547997591e-132	1.827159526399e-99	5.448016891620e-74	3.131537047470e-54	3.917531904947e-39	1.476690141049e-27
1.875000000000e+00	0.000000000000e+00	7.545424123010e-308	6.209004312041e-233	3.203469376813e-176	6.423174874334e-133	1.097288300304e-99	3.595017303351e-74	2.234214521178e-54	2.983249762909e-39	1.187862548953e-27
1.876250000000e+00	0.000000000000e+00	2.359134000847e-308	2.421163000862e-233	1.488678155771e-176	3.437200899535e-133	6.585956107058e-100	2.371063705362e-74	1.593286587151e-54	2.270843863104e-39	9.551682833421e-28
1.877500000000e+00	0.000000000000e+00	7.368988100722e-309	9.433383337523e-234	6.913010585514e-177	1.838159284646e-133	3.950669655495e-100	1.563022242862e-74	1.135702662172e-54	1.727847945257e-39	7.677688441599e-28
1.878750000000e+00	0.000000000000e+00	2.299584603459e-309	3.672419835033e-234	3.207892418613e-177	9.823911069937e-134	2.368516435093e-100	1.029832971116e-74	8.091650222026e-55	1.314148229545e-39	6.169045372329e-28
1.880000000000e+00	0.000000000000e+00	7.169307709326e-310	1.428494435651e-234	1.487505347056e-177	5.246972129187e-134	1.419174796932e-100	6.781849124605e-75	5.762504432220e-55	9.990880734493e-40	4.954984869061e-28
1.881250000000e+00	0.000000000000e+00	2.233013461339e-310	5.551957958946e-235	6.892605830119e-178	2.800632646365e-134	8.498635020047e-101	4.463845489350e-75	4.101919729195e-55	7.592482190893e-40	3.978355507061e-28
1.882500000000e+00	0.000000000000e+00	6.948511059310e-311	2.156031848321e-235	3.191497567055e-178	1.493917419802e-134	5.086467436370e-101	2.936634397128e-75	2.918533993182e-55	5.767457143569e-40	3.193020701018e-28
1.883750000000e+00	0.000000000000e+00	2.160122878389e-311	8.365763097052e-236	1.476698247468e-178	7.963795337456e-135	3.042546047037e-101	1.930946794168e-75	2.075601942588e-55	4.379308672132e-40	2.561750133483e-28
1.885000000000e+00	0.000000000000e+00	6.708902060163e-312	3.243376303153e-236	6.827711599499e-179	4.242644514953e-135	1.818912687406e-101	1.269025740186e-75	1.475452031399e-55	3.323895221840e-40	2.054512033064e-28
1.886250000000e+00	0.000000000000e+00	2.081664513341e-312	1.256407452604e-236	3.154603235294e-179	2.258792062804e-135	1.086776768540e-101	8.335856948217e-76	1.048353705513e-55	2.521794424087e-40	1.647090640395e-28
1.887500000000e+00	0.000000000000e+00	6.452920539363e-313	4.863008800423e-237	1.456466458455e-179	1.201818586817e-135	6.489670416559e-102	5.472802465177e-76	7.445472917822e-56	1.912461151680e-40	1.319967377113e-28
1.888750000000e+00	0.000000000000e+00	1.998426534243e-313	1.880706364836e-237	6.719584162365e-180	6.390349842199e-136	3.873100246296e-102	3.591277718593e-76	5.285407245034e-56	1.449760125812e-40	1.057415773823e-28
1.890000000000e+00	0.000000000000e+00	6.183101124373e-314	7.267387546469e-238	3.097921974361e-180	3.395731999848e-136	2.310194979218e-102	2.355417552385e-76	3.750302823393e-56	1.098551107969e-40	8.467696037051e-29
1.891250000000e+00	0.000000000000e+00	1.911220532771e-314	2.805931299344e-238	1.427199614626e-180	1.803288590187e-136	1.377185161637e-102	1.544068350493e-76	2.659842565553e-56	8.320797809672e-41	6.778313065820e-29
1.892500000000e+00	0.000000000000e+00	5.902031802908e-315	1.082473152701e-238	6.570298964016e-181	9.570180239548e-137	8.205212542786e-103	1.011683887317e-76	1.885589887711e-56	6.299850719301e-41	5.423939984377e-29
1.893750000000e+00	0.000000000000e+00	1.820868542607e-315	4.172521867129e-239	3.022537586650e-181	5.075724648623e-137	4.885861333118e-103	6.625258734765e-77	1.336103995886e-56	4.767779204104e-41	4.338554085007e-29
1.895000000000e+00	0.000000000000e+00	5.612313506586e-316	1.607020793003e-239	1.389454904676e-181	2.690289681629e-137	2.907677528258e-103	4.336511990057e-77	9.463134199634e-57	3.606804462894e-41	3.469061862546e-29
1.896250000000e+00	0.000000000000e+00	1.728190048699e-316	6.184231775831e-240	6.382684377530e-182	1.425026998184e-137	1.729438586117e-103	2.836990997779e-77	6.699331200485e-57	2.727405102538e-41	2.772783503958e-29
1.897500000000e+00	0.000000000000e+00	5.316517886617e-317	2.377888064223e-240	2.929870664319e-182	7.543453085464e-138	1.028058551985e-103	1.855047617002e-77	4.740559616436e-57	2.061566203075e-41	2.215423545769e-29
1.898750000000e+00	0.000000000000e+00	1.633989714027e-317	9.135628762088e-241	1.343939432228e-182	3.990619769323e-138	6.107793664585e-104	1.212360740273e-77	3.352968627835e-57	1.557634328503e-41	1.769434378635e-29
1.900000000000e+00	0.000000000000e+00	5.017127939076e-318	3.506928136889e-241	6.160232605554e-183	2.109762459855e-138	3.626641822090e-104	7.919328615017e-78	2.370451538897e-57	1.176398117897e-41	1.412697066177e-29
1.901250000000e+00	0.000000000000e+00	1.539044130734e-318	1.345106517661e-241	2.821634083280e-183	1.114679016889e-138	2.152180911362e-104	5.170404999634e-78	1.675075497706e-57	8.881037808865e-42	1.127458366886e-29
1.902500000000e+00	0.000000000000e+00	4.716647094588e-319	5.154990565142e-242	1.291488196576e-183	5.885578358211e-139	1.276458460092e-104	3.373964115441e-78	1.183148900959e-57	6.701834577086e-42	8.994745356310e-30
1.903750000000e+00	0.000000000000e+00	1.444055069665e-319	1.973969598066e-242	5.906991652756e-184	3.105642927185e-139	7.566384349281e-105	2.200574386255e-78	8.353070310725e-58	5.055269063984e-42	7.173219496992e-30
1.905000000000e+00	0.000000000000e+00	4.419911267696e-320	7.552564304870e-243	2.699780399927e-184	1.637709810888e-139	4.482537298414e-105	1.434535652048e-78	5.894603303667e-58	3.811671231597e-42	5.718422715461e-30
1.906250000000e+00	0.000000000000e+00	1.345834819272e-320	2.887285905991e-243	1.233038650711e-184	8.630688358264e-140	2.654075217885e-105	9.346872887928e-79	4.157810991987e-58	2.872811826432e-42	4.556960668008e-30
1.907500000000e+00	0.000000000000e+00	4.130388799233e-321	1.102875622279e-243	5.627443033750e-185	4.545450935889e-140	1.570566548040e-105	6.086968090760e-79	2.931410348593e-58	2.164310231480e-42	3.630038177893e-30
1.908750000000e+00	0.000000000000e+00	1.284570679187e-321	4.209249517963e-244	2.566443405048e-185	2.392387740182e-140	9.288664154008e-106	3.962008579477e-79	2.065809185046e-58	1.629867995730e-42	2.890573344576e-30
1.910000000000e+00	0.000000000000e+00	3.557272650057e-322	1.605181669232e-244	1.169602918043e-185	1.258372494271e-140	5.490399918244e-106	2.577564230031e-79	1.455142432834e-58	1.226890880529e-42	2.300878483160e-30
1.911250000000e+00	0.000000000000e+00	1.383383808355e-322	6.116248178809e-245	5.326370367905e-186	6.614696466789e-141	3.243459650569e-106	1.676035753511e-79	1.024524905017e-58	9.231664900320e-43	1.830797287964e-30
1.912500000000e+00	0.000000000000e+00	0.000000000000e+00	2.328559794310e-245	2.423876272829e-186	3.474830927893e-141	1.914991369554e-106	1.089273051835e-79	7.210099344300e-59	6.943440397769e-43	1.456209052253e-30
1.913750000000e+00	0.000000000000e+00	0.000000000000e+00	8.857906193840e-246	1.102238814381e-186	1.824233770384e-141	1.130001301842e-106	7.075708586963e-80	5.071794998129e-59	5.220234097196e-43	1.157828087543e-30
1.915000000000e+00	0.000000000000e+00	0.000000000000e+00	3.366790911540e-246	5.008724221159e-187	9.570846672036e-142	6.664151597303e-107	4.593913515041e-80	3.566020595998e-59	3.923067973797e-43	9.202404594249e-31
1.916250000000e+00	0.000000000000e+00	0.000000000000e+00	1.278623266221e-246	2.274388796169e-187	5.018145865644e-142	3.927937721640e-107	2.981092072730e-80	2.506153784792e-59	2.947014509308e-43	7.311314315537e-31
1.917500000000e+00	0.000000000000e+00	0.000000000000e+00	4.851884417446e-247	1.032020826402e-187	2.629415738760e-142	2.313865549579e-107	1.933515520160e-80	1.760488938444e-59	2.212887328621e-43	5.806661028763e-31
1.918750000000e+00	0.000000000000e+00	0.000000000000e+00	1.839584227846e-247	4.679488484511e-188	1.376886969619e-142	1.362277074724e-107	1.253428696229e-80	1.236119899761e-59	1.660951368367e-43	4.609930544937e-31
1.920000000000e+00	0.000000000000e+00	0.000000000000e+00	6.968997287206e-248	2.120286124966e-188	7.205437848778e-143	8.015794550571e-108	8.121407499056e-81	8.675402017557e-60	1.246163763492e-43	3.658467307387e-31
1.921250000000e+00	0.000000000000e+00	0.000000000000e+00	2.637924131088e-248	9.600121442876e-189	3.768300411511e-143	4.713912405130e-108	5.259478317658e-81	6.085837248133e-60	9.345744571314e-44	2.902290385426e-31
1.922500000000e+00	0.000000000000e+00	0.000000000000e+00	9.976901697644e-249	4.343553245547e-189	1.969489699484e-143	2.770577098896e-108	3.404346320665e-81	4.267296038516e-60	7.006050811297e-44	2.301544817099e-31
1.923750000000e+00	0.000000000000e+00	0.000000000000e+00	3.770252813708e-249	1.963811231578e-189	1.028691057581e-143	1.627469181777e-108	2.202442084253e-81	2.990796921246e-60	5.249926765379e-44	1.824462316300e-31
1.925000000000e+00	0.000000000000e+00	0.000000000000e+00	1.423595608065e-249	8.872387402804e-190	5.369567052676e-144	9.554525151355e-109	1.424147454541e-81	2.095187001174e-60	3.932364751784e-44	1.445730180799e-31
1.926250000000e+00	0.000000000000e+00	0.000000000000e+00	5.370864470328e-250	4.005598545103e-190	2.801022711656e-144	5.606079393051e-109	9.204180290710e-82	1.467102208458e-60	2.944251675821e-44	1.145187200953e-31
1.927500000000e+00	0.000000000000e+00	0.000000000000e+00	2.024618190536e-250	1.807093034448e-190	1.460215806321e-144	3.287480467590e-109	5.945590226534e-82	1.026832638271e-60	2.203518262083e-44	9.067814184438e-32
1.928750000000e+00	0.000000000000e+00	0.000000000000e+00	7.625765792311e-251	8.146663354087e-191	7.607474668661e-145	1.926730266787e-109	3.838703150982e-82	7.183575684903e-61	1.648462091058e-44	7.177374824400e-32
1.930000000000e+00	0.000000000000e+00	0.000000000000e+00	2.869889519288e-251	3.669992660791e-191	3.960837630000e-145	1.128580285543e-109	2.477158424108e-82	5.023233806321e-61	1.232712674683e-44	5.678917117592e-32
1.931250000000e+00	0.000000000000e+00	0.000000000000e+00	1.079166066515e-251	1.652101739159e-191	2.060898573087e-145	6.606901023127e-110	1.597727585336e-82	3.510975732606e-61	9.214363596175e-45	4.491612915723e-32
1.932500000000e+00	0.000000000000e+00	0.000000000000e+00	4.054644389355e-252	7.431809145779e-192	1.071640830985e-145	3.865600272848e-110	1.029986144876e-82	2.452866863631e-61	6.884769682583e-45	3.551207114148e-32
1.933750000000e+00	0.000000000000e+00	0.000000000000e+00	1.522154190308e-252	3.340707676386e-192	5.568842576087e-146	2.260423881881e-110	6.636509646028e-83	1.712859885960e-61	5.142023701524e-45	2.806639095430e-32
1.935000000000e+00	0.000000000000e+00	0.000000000000e+00	5.709602996812e-253	1.500612531958e-192	2.892035931924e-146	1.321042020670e-110	4.273933645138e-83	1.195560105451e-61	3.838833878518e-45	2.217348861853e-32
1.936250000000e+00	0.000000000000e+00	0.000000000000e+00	2.139905342421e-253	6.735732479973e-193	1.500947433845e-146	7.716088117450e-111	2.751031217293e-83	8.341088026661e-62	2.864739594043e-45	1.751129936036e-32
1.937500000000e+00	0.000000000000e+00	0.000000000000e+00	8.013543549664e-254	3.021254139268e-193	7.784851552578e-147	4.504343749898e-111	1.769876488121e-83	5.816687178474e-62	2.136936264013e-45	1.382418719597e-32
1.938750000000e+00	0.000000000000e+00	0.000000000000e+00	2.998444585919e-254	1.354178311342e-193	4.035136616911e-147	2.627965596503e-111	1.138072945449e-83	4.054435775821e-62	1.593377112669e-45	1.090932118074e-32
1.940000000000e+00	0.000000000000e+00	0.000000000000e+00	1.121008330282e-254	6.065276672266e-194	2.090206555536e-147	1.532362889689e-111	7.314370189199e-84	2.824794483595e-62	1.187589002106e-45	8.605829515433e-33
1.941250000000e+00	0.000000000000e+00	0.000000000000e+00	4.187579256678e-255	2.714635636276e-194	1.082039767922e-147	8.930121700159e-112	4.698545882292e-84	1.967184080733e-62	8.847780632643e-46	6.786168469703e-33
1.942500000000e+00	0.000000000000e+00	0.000000000000e+00	1.562998736644e-255	1.214111695715e-194	5.597837593447e-148	5.201240439587e-112	3.016683206814e-84	1.369319711176e-62	6.589054696325e-46	5.349256512371e-33
1.943750000000e+00	0.000000000000e+00	0.000000000000e+00	5.829020749722e-256	5.426151392687e-195	2.894145899511e-148	3.027682180833e-112	1.935867537461e-84	9.527225224896e-63	4.904926070468e-46	4.215014757726e-33
1.945000000000e+00	0.000000000000e+00	0.000000000000e+00	2.172070727599e-256	2.423323186510e-195	1.495352572772e-148	1.761438321287e-112	1.241655929309e-84	6.625668728895e-63	3.649744022475e-46	3.320027365065e-33
1.946250000000e+00	0.000000000000e+00	0.000000000000e+00	8.087116723036e-257	1.081476123959e-195	7.721289539467e-149	1.024184968099e-112	7.959881353231e-85	4.605690157754e-63	2.714644305945e-46	2.614093490042e-33
1.947500000000e+00	0.000000000000e+00	0.000000000000e+00	3.008533468934e-257	4.822904930193e-196	3.984365115830e-149	5.951729101854e-113	5.100251825907e-85	3.200084391426e-63	2.018292223678e-46	2.057488687969e-33
1.948750000000e+00	0.000000000000e+00	0.000000000000e+00	1.118297541734e-257	2.149248506113e-196	2.054714447316e-149	3.456700204037e-113	3.266302051487e-85	2.222439047248e-63	1.499946426840e-46	1.618790641921e-33
1.950000000000e+00	0.000000000000e+00	0.000000000000e+00	4.153376299802e-258	9.570854921481e-197	1.058929079787e-149	2.006476493322e-113	2.090743548653e-85	1.542765789313e-63	1.114263836083e-46	1.273153600136e-33
1.951250000000e+00	0.000000000000e+00	0.000000000000e+00	1.541297868129e-258	4.258934880808e-197	5.453876882778e-150	1.164019453275e-113	1.337595765125e-85	1.070463477995e-63	8.274102758459e-47	1.000939454016e-33
1.952500000000e+00	0.000000000000e+00	0.000000000000e+00	5.714960883853e-259	1.893814483187e-197	2.807157884432e-150	6.749012024211e-114	8.553201488802e-86	7.424127524896e-64	6.141498807109e-47	7.866321681466e-34
1.953750000000e+00	0.000000000000e+00	0.000000000000e+00	2.117294814464e-259	8.415114595116e-198	1.443947502940e-150	3.910875284031e-114	5.466536077753e-86	5.146603434361e-64	4.556678842855e-47	6.179772461796e-34
1.955000000000e+00	0.000000000000e+00	0.000000000000e+00	7.837738919052e-260	3.736532830965e-198	7.422650691921e-151	2.264965195732e-114	3.492009628598e-86	3.566134356703e-64	3.379426892947e-47	4.852998483242e-34
1.956250000000e+00	0.000000000000e+00	0.000000000000e+00	2.898956099985e-260	1.657920637909e-198	3.813200990743e-151	1.311000629844e-114	2.229555791351e-86	2.469883172657e-64	2.505291576371e-47	3.809646813842e-34
1.957500000000e+00	0.000000000000e+00	0.000000000000e+00	1.071356162131e-260	7.350973210224e-199	1.957687761648e-151	7.583995543231e-115	1.422790492079e-86	1.709845362531e-64	1.856496297569e-47	2.989483511497e-34
1.958750000000e+00	0.000000000000e+00	0.000000000000e+00	3.956102107241e-261	3.256957634643e-199	1.004431234299e-151	4.384772236489e-115	9.074929550609e-87	1.183147722561e-64	1.375151299752e-47	2.345008916532e-34
1.960000000000e+00	0.000000000000e+00	0.000000000000e+00	1.459629055068e-261	1.442000948393e-199	5.150152006937e-152	2.533668608207e-115	5.785291791286e-87	8.183193546670e-65	1.018186810117e-47	1.838779794104e-34
1.961250000000e+00	0.000000000000e+00	0.000000000000e+00	5.380949230014e-262	6.379771875204e-200	2.639021572502e-152	1.463209065926e-115	3.686268560516e-87	5.657289297547e-65	7.535724919560e-48	1.441291533494e-34
1.962500000000e+00	0.000000000000e+00	0.000000000000e+00	1.982059448615e-262	2.820531280419e-200	1.351415475856e-152	8.445332588926e-116	2.347623100540e-87	3.909269997179e-65	5.574978460143e-48	1.129303922465e-34
1.963750000000e+00	0.000000000000e+00	0.000000000000e+00	7.294841251394e-263	1.246071200089e-200	6.916046273298e-153	4.871704444161e-116	1.494340181449e-87	2.700129903839e-65	4.122701939876e-48	8.845181035289e-35
1.965000000000e+00	0.000000000000e+00	0.000000000000e+00	2.682602972716e-263	5.500991369010e-201	3.537121250711e-153	2.808658319481e-116	9.507148389376e-88	1.864126432812e-65	3.047482837060e-48	6.925314549661e-35
1.966250000000e+00	0.000000000000e+00	0.000000000000e+00	9.856854477945e-264	2.426751103331e-201	1.807861096769e-153	1.618343423665e-116	6.045479720479e-88	1.286375572334e-65	2.251755261142e-48	5.420123349645e-35
1.967500000000e+00	0.000000000000e+00	0.000000000000e+00	3.618775783627e-264	1.069782957808e-201	9.234283973859e-154	9.319578410644e-117	3.842297275621e-88	8.872825040673e-66	1.663112741333e-48	4.240486889554e-35
1.968750000000e+00	0.000000000000e+00	0.000000000000e+00	1.327475129125e-264	4.712509964683e-202	4.713727226700e-154	5.363837932526e-117	2.440792471545e-88	6.117271629327e-66	1.227842840743e-48	3.316340905945e-35
1.970000000000e+00	0.000000000000e+00	0.000000000000e+00	4.865556252832e-265	2.074412186574e-202	2.404632559433e-154	3.085381201636e-117	1.549710035234e-88	4.215560497073e-66	9.061173804112e-49	2.592623774416e-35
1.971250000000e+00	0.000000000000e+00	0.000000000000e+00	1.781886305141e-265	9.124813480348e-203	1.225902848271e-154	1.773763902407e-117	9.834442232781e-89	2.903719097788e-66	6.684158291913e-49	2.026080603810e-35
1.972500000000e+00	0.000000000000e+00	0.000000000000e+00	6.520319384034e-266	4.010874781956e-203	6.245776504714e-155	1.019146452121e-117	6.237760845413e-89	1.999196990918e-66	4.928668156910e-49	1.582744551230e-35
1.973750000000e+00	0.000000000000e+00	0.000000000000e+00	2.383960941106e-266	1.761734173238e-203	3.180093432324e-155	5.852362014418e-118	3.954461979489e-89	1.375809461186e-66	3.632729140396e-49	1.235952623191e-35
1.975000000000e+00	0.000000000000e+00	0.000000000000e+00	8.709050105774e-267	7.732640517508e-204	1.618141047931e-155	3.358764621043e-118	2.505681039768e-89	9.463737981896e-67	2.676437115414e-49	9.647831469023e-36
1.976250000000e+00	0.000000000000e+00	0.000000000000e+00	3.178950971515e-267	3.391575036224e-204	8.228410025802e-156	1.926556537260e-118	1.586879198182e-89	6.506820667122e-67	1.971068225029e-49	7.528257782008e-36
1.977500000000e+00	0.000000000000e+00	0.000000000000e+00	1.159413246090e-267	1.486487311009e-204	4.181561891342e-156	1.104428863899e-118	1.004480813264e-89	4.471741404827e-67	1.450998143747e-49	5.872136513935e-36
1.978750000000e+00	0.000000000000e+00	0.000000000000e+00	4.225071597679e-268	6.510392164221e-205	2.123656094841e-156	6.327724165405e-119	6.355052199606e-90	3.071752625409e-67	1.067708361335e-49	4.578620974309e-36
1.980000000000e+00	0.000000000000e+00	0.000000000000e+00	1.538407098300e-268	2.849307100863e-205	1.077836539331e-156	3.623357048029e-119	4.018614035023e-90	2.109101638680e-67	7.853423498400e-50	3.568700747339e-36
1.981250000000e+00	0.000000000000e+00	0.000000000000e+00	5.596929861012e-269	1.246113319496e-205	5.466944576531e-157	2.073616908822e-119	2.539879830246e-90	1.447473074489e-67	5.774122299706e-50	2.780497177657e-36
1.982500000000e+00	0.000000000000e+00	0.000000000000e+00	2.034556904182e-269	5.445803704335e-206	2.771146555022e-157	1.186041049962e-119	1.604463123563e-90	9.929449978701e-68	4.243591061225e-50	2.165567243930e-36
1.983750000000e+00	0.000000000000e+00	0.000000000000e+00	7.389774819387e-270	2.378223110092e-206	1.403774576418e-157	6.779922303790e-120	1.013038634601e-90	6.808345781593e-68	3.117465532467e-50	1.686000803506e-36
1.985000000000e+00	0.000000000000e+00	0.000000000000e+00	2.681846741271e-270	1.037837536299e-206	7.106541648751e-158	3.873499593062e-120	6.392959824529e-91	4.666161118322e-68	2.289235025265e-50	1.312141795274e-36
1.986250000000e+00	0.000000000000e+00	0.000000000000e+00	9.724742125421e-271	4.525768343761e-207	3.595359262226e-158	2.211750395885e-120	4.032344604882e-91	3.196535781582e-68	1.680349768128e-50	1.020799971971e-36
1.987500000000e+00	0.000000000000e+00	0.000000000000e+00	3.523413540922e-271	1.972156765352e-207	1.817813547222e-158	1.262183544959e-120	2.542102177574e-91	2.188775020667e-68	1.232904920124e-50	7.938481154192e-37
1.988750000000e+00	0.000000000000e+00	0.000000000000e+00	1.275529571082e-271	8.587697028361e-208	9.185005756054e-159	7.198843223959e-121	1.601799166864e-91	1.498043384004e-68	9.042324074043e-51	6.171220655695e-37
1.990000000000e+00	0.000000000000e+00	0.000000000000e+00	4.613800705025e-272	3.736785438046e-208	4.638019654135e-159	4.103521550636e-121	1.008794770571e-91	1.024824199206e-68	6.629047594282e-51	4.795585303220e-37
1.991250000000e+00	0.000000000000e+00	0.000000000000e+00	1.667510271768e-272	1.624821947136e-208	2.340500785882e-159	2.337784758285e-121	6.350051962096e-92	7.007709119742e-69	4.857835375934e-51	3.725195368769e-37
1.992500000000e+00	0.000000000000e+00	0.000000000000e+00	6.021706607078e-273	7.059916402138e-209	1.180342521222e-159	1.331086039012e-121	3.995134768324e-92	4.789657678003e-69	3.558402217343e-51	2.892633266940e-37
1.993750000000e+00	0.000000000000e+00	0.000000000000e+00	2.172761478082e-273	3.065346035643e-209	5.948813706303e-160	7.574631948037e-122	2.512264068514e-92	3.272160496194e-69	2.605480733639e-51	2.245301089417e-37
1.995000000000e+00	0.000000000000e+00	0.000000000000e+00	7.833320591589e-274	1.329981572528e-209	2.996234080377e-160	4.307950887248e-122	1.578988030597e-92	2.234428351065e-69	1.906958680368e-51	1.742178644975e-37
1.996250000000e+00	0.000000000000e+00	0.000000000000e+00	2.821766911588e-274	5.766308942439e-210	1.508148703573e-160	2.448689691802e-122	9.919095848383e-93	1.525105835713e-69	1.395131956596e-51	1.351287232218e-37
1.997500000000e+00	0.000000000000e+00	0.000000000000e+00	1.015635234808e-274	2.498252653328e-210	7.586398390521e-161	1.391075058158e-122	6.227948804752e-93	1.040483616834e-69	1.020257691139e-51	1.047706284551e-37
1.998750000000e+00	0.000000000000e+00	0.000000000000e+00	3.652546629322e-275	1.081585795072e-210	3.813732084086e-161	7.898073590511e-123	3.908388069983e-93	7.095323864349e-70	7.458045952823e-52	8.120229673396e-38
2.000000000000e+00	0.000000000000e+00	0.000000000000e+00	1.312487469724e-275	4.679201628608e-211	1.915965877549e-161	4.481728971488e-123	2.451489413134e-93	4.836274184097e-70	5.449552231430e-52	6.291206861492e-38
2.001250000000e+00	0.000000000000e+00	0.000000000000e+00	4.712332755455e-276	2.022873435691e-211	9.619409535966e-162	2.541697163130e-123	1.536887446371e-93	3.294968894954e-70	3.980312503518e-52	4.872327881458e-38
2.002500000000e+00	0.000000000000e+00	0.000000000000e+00	1.690511468211e-276	8.738800607536e-212	4.826497815925e-162	1.440641165325e-123	9.630166643642e-94	2.243848017752e-70	2.905989958065e-52	3.772036925213e-38
2.003750000000e+00	0.000000000000e+00	0.000000000000e+00	6.059568227587e-277	3.772429360187e-212	2.420130962767e-162	8.160967299756e-124	6.031220959743e-94	1.527345429887e-70	2.120760541918e-52	2.919122047333e-38
2.005000000000e+00	0.000000000000e+00	0.000000000000e+00	2.170234311405e-277	1.627333517082e-212	1.212742721262e-162	4.620417886224e-124	3.775342654330e-94	1.039160943778e-70	1.547069223675e-52	2.258215889939e-38
2.006250000000e+00	0.000000000000e+00	0.000000000000e+00	7.766278461262e-278	7.014846783050e-213	6.073255332848e-163	2.614415901976e-124	2.362039783399e-94	7.066918378971e-71	1.128102198908e-52	1.746286727957e-38
2.007500000000e+00	0.000000000000e+00	0.000000000000e+00	2.776902798500e-278	3.021662654874e-213	3.039467180967e-163	1.478501936753e-124	1.477058646857e-94	4.803735082092e-71	8.222572885170e-53	1.349902917635e-38
2.008750000000e+00	0.000000000000e+00	0.000000000000e+00	9.920870605072e-279	1.300648461773e-213	1.520184959402e-163	8.356471193595e-125	9.231833617597e-95	3.263846578401e-71	5.990838397868e-53	1.043101108890e-38
2.010000000000e+00	0.000000000000e+00	0.000000000000e+00	3.541443191160e-279	5.594484221683e-214	7.598335383913e-164	4.720388508056e-125	5.767105498665e-95	2.216573500510e-71	4.363028647520e-53	8.057256074455e-39
2.011250000000e+00	0.000000000000e+00	0.000000000000e+00	1.263141957041e-279	2.404619375325e-214	3.795452332487e-164	2.664933459726e-125	3.600870654461e-95	1.504652640253e-71	3.176209287536e-53	6.221352576452e-39
2.012500000000e+00	0.000000000000e+00	0.000000000000e+00	4.501584737955e-280	1.032806108917e-214	1.894661711009e-164	1.503657054922e-125	2.247174742877e-95	1.020920865420e-71	2.311270334110e-53	4.801968983648e-39
2.013750000000e+00	0.000000000000e+00	0.000000000000e+00	1.602950404916e-280	4.432792691546e-215	9.451981664633e-165	8.479398074799e-126	1.401670284765e-95	6.923881430683e-72	1.681175164320e-53	3.705021863967e-39
2.015000000000e+00	0.000000000000e+00	0.000000000000e+00	5.703167522124e-281	1.901175510058e-215	4.712345419270e-165	4.778978243797e-126	8.738453628854e-96	4.693630291208e-72	1.222350552495e-53	2.857584543432e-39
2.016250000000e+00	0.000000000000e+00	0.000000000000e+00	2.027465900714e-281	8.148040305186e-216	2.347872010342e-165	2.691899761228e-126	5.445064185583e-96	3.180312876944e-72	8.883808076737e-54	2.203151129567e-39
2.017500000000e+00	0.000000000000e+00	0.000000000000e+00	7.201656055330e-282	3.489556970899e-216	1.169054544857e-165	1.515432217009e-126	3.391182161824e-96	2.153934691319e-72	6.453913627617e-54	1.697955793693e-39
2.018750000000e+00	0.000000000000e+00	0.000000000000e+00	2.555951334162e-282	1.493391188878e-216	5.817256123870e-166	8.526444096760e-127	2.110954792623e-96	1.458132292705e-72	4.686706069483e-54	1.308113287935e-39
2.020000000000e+00	0.000000000000e+00	0.000000000000e+00	9.063880523084e-283	6.386501864860e-217	2.892841579460e-166	4.794608858525e-127	1.313368041790e-96	9.866498157529e-73	3.401988744782e-54	1.007398323465e-39
2.021250000000e+00	0.000000000000e+00	0.000000000000e+00	3.211568214794e-283	2.729220779102e-217	1.437653319235e-166	2.694587056134e-127	8.167208712077e-97	6.673149641581e-73	2.468417487817e-54	7.755217432593e-40
2.022500000000e+00	0.000000000000e+00	0.000000000000e+00	1.137002755037e-283	1.165468290930e-217	7.140140315164e-167	1.513509169204e-127	5.076221472013e-97	4.511286430184e-73	1.790296421580e-54	5.967928644245e-40
2.023750000000e+00	0.000000000000e+00	0.000000000000e+00	4.022048193857e-284	4.973343110256e-218	3.543907487406e-167	8.496336311070e-128	3.153458845476e-97	3.048397903670e-73	1.297931759827e-54	4.590818820910e-40
2.025000000000e+00	0.000000000000e+00	0.000000000000e+00	1.421590166014e-284	2.120716177790e-218	1.757846954053e-167	4.766857117632e-128	1.958003534154e-97	2.058944405465e-73	9.405878455959e-55	3.530153365108e-40
2.026250000000e+00	0.000000000000e+00	0.000000000000e+00	5.020453373996e-285	9.036553907659e-219	8.713703939134e-168	2.672922554052e-128	1.215120850827e-97	1.390014401353e-73	6.813455945922e-55	2.713525341456e-40
2.027500000000e+00	0.000000000000e+00	0.000000000000e+00	1.771547709229e-285	3.847771780370e-219	4.316657526089e-168	1.497939999666e-128	7.537115543983e-98	9.379845677941e-74	4.933511318902e-55	2.085024096828e-40
2.028750000000e+00	0.000000000000e+00	0.000000000000e+00	6.246031276384e-286	1.637200745690e-219	2.137053737161e-168	8.389889899619e-129	4.672728748063e-98	6.326649869539e-74	3.570798902056e-55	1.601493438455e-40
2.030000000000e+00	0.000000000000e+00	0.000000000000e+00	2.200375717563e-286	6.961145790692e-220	1.057319754181e-168	4.696473829431e-129	2.895447314276e-98	4.265339663300e-74	2.583421342534e-55	1.229634775816e-40
2.031250000000e+00	0.000000000000e+00	0.000000000000e+00	7.745169379435e-287	2.957642596145e-220	5.227816131804e-169	2.627491700758e-129	1.793248436544e-98	2.874320258386e-74	1.868295985353e-55	9.437652862470e-41
2.032500000000e+00	0.000000000000e+00	0.000000000000e+00	2.723995483525e-287	1.255731597331e-220	2.583195750183e-169	1.469144794148e-129	1.110056164311e-98	1.936058180706e-74	1.350568775941e-55	7.240836635693e-41
2.033750000000e+00	0.000000000000e+00	0.000000000000e+00	9.572452802221e-288	5.327630780761e-221	1.275608443395e-169	8.209971499555e-130	6.867981915316e-99	1.303476981764e-74	9.759067373996e-56	5.553290439675e-41
2.035000000000e+00	0.000000000000e+00	0.000000000000e+00	3.361100290530e-288	2.258694964497e-221	6.295069187185e-170	4.585350092430e-130	4.247105321951e-99	8.771826683959e-75	7.048886448050e-56	4.257443712400e-41
2.036250000000e+00	0.000000000000e+00	0.000000000000e+00	1.179182692738e-288	9.569014551489e-222	3.104607375235e-170	2.559511889657e-130	2.625044180207e-99	5.900358935422e-75	5.089244308525e-56	3.262753996105e-41
2.037500000000e+00	0.000000000000e+00	0.000000000000e+00	4.133539654443e-289	4.051007185291e-222	1.530156730048e-170	1.427892801560e-130	1.621660361248e-99	3.967057863700e-75	3.672879427750e-56	2.499520102915e-41
2.038750000000e+00	0.000000000000e+00	0.000000000000e+00	1.447786449434e-289	1.713740179521e-222	7.536821044395e-171	7.961370924226e-131	1.001296927263e-99	2.666001271884e-75	2.649601925172e-56	1.914105301559e-41
2.040000000000e+00	0.000000000000e+00	0.000000000000e+00	5.066736207083e-290	7.244578319580e-223	3.709911458908e-171	4.436432865180e-131	6.179389401264e-100	1.790828029146e-75	1.910623770298e-56	1.465250595819e-41
2.041250000000e+00	0.000000000000e+00	0.000000000000e+00	1.771713390124e-290	3.060324025005e-223	1.824996101054e-171	2.470778256161e-131	3.811605473161e-100	1.202400443393e-75	1.377178738858e-56	1.121230429007e-41
2.042500000000e+00	0.000000000000e+00	0.000000000000e+00	6.190133682697e-291	1.291837474543e-223	8.971878670132e-172	1.375268288145e-131	2.349903446231e-100	8.069489969217e-76	9.922612444514e-57	8.576591648664e-42
2.043750000000e+00	0.000000000000e+00	0.000000000000e+00	2.160966209980e-291	5.449222144551e-224	4.407861067743e-172	7.650589292451e-132	1.448010771431e-100	5.413083896176e-76	7.146317967463e-57	6.558000998384e-42
2.045000000000e+00	0.000000000000e+00	0.000000000000e+00	7.537673316176e-292	2.296927641258e-224	2.164190357881e-172	4.253595120133e-132	8.918119035633e-101	3.629486154450e-76	5.144690218049e-57	5.012623807610e-42
2.046250000000e+00	0.000000000000e+00	0.000000000000e+00	2.627048153136e-292	9.674895491844e-225	1.061905995634e-172	2.363584923759e-132	5.489773610878e-101	2.432468604556e-76	3.702173005337e-57	3.829972316690e-42
2.047500000000e+00	0.000000000000e+00	0.000000000000e+00	9.148294624100e-293	4.072221738763e-225	5.207145855412e-173	1.312623195772e-132	3.377655122986e-101	1.629487588799e-76	2.663022140527e-57	2.925250388147e-42
2.048750000000e+00	0.000000000000e+00	0.000000000000e+00	3.183124602886e-293	1.712784486183e-225	2.551740268969e-173	7.285556646325e-133	2.077092655652e-101	1.091079972396e-76	1.914755966678e-57	2.233404283760e-42
2.050000000000e+00	0.000000000000e+00	0.000000000000e+00	1.106645501811e-293	7.198801365708e-226	1.249672596757e-173	4.041468566058e-133	1.276662596362e-101	7.302369843010e-77	1.376171858837e-57	1.704545240334e-42
2.051250000000e+00	0.000000000000e+00	0.000000000000e+00	3.844189551714e-294	3.023457214939e-226	6.116163414964e-174	2.240626523300e-133	7.842889517206e-102	4.885092363797e-77	9.886726059437e-58	1.300428887387e-42
2.052500000000e+00	0.000000000000e+00	0.000000000000e+00	1.334266100376e-294	1.268918214039e-226	2.991472187090e-174	1.241519488675e-133	4.815659344315e-102	3.266505906274e-77	7.099911184644e-58	9.917485462091e-43
2.053750000000e+00	0.000000000000e+00	0.000000000000e+00	4.627234372049e-295	5.321690368554e-227	1.462224016995e-174	6.875296170452e-134	2.955392155980e-102	2.183211598351e-77	5.096522173037e-58	7.560550615099e-43
2.055000000000e+00	0.000000000000e+00	0.000000000000e+00	1.603400186360e-295	2.230240718740e-227	7.142757586936e-175	3.805249017498e-134	1.812817867121e-102	1.458511728081e-77	3.656920397832e-58	5.761587558557e-43
2.056250000000e+00	0.000000000000e+00	0.000000000000e+00	5.551415700329e-296	9.339853111577e-228	3.486911815534e-175	2.104885881447e-134	1.111406487738e-102	9.739254961350e-78	2.622875538182e-58	4.389022382874e-43
2.057500000000e+00	0.000000000000e+00	0.000000000000e+00	1.920467473788e-296	3.908539619785e-228	1.701136143056e-175	1.163664616626e-134	6.810380553877e-103	6.500447551824e-78	1.880444177215e-58	3.342183674073e-43
2.058750000000e+00	0.000000000000e+00	0.000000000000e+00	6.638218602501e-297	1.634463243002e-228	8.293927492677e-176	6.429554829449e-135	4.171089714714e-103	4.336731111904e-78	1.347608666181e-58	2.544073883040e-43
2.060000000000e+00	0.000000000000e+00	0.000000000000e+00	2.292648793674e-297	6.830019837631e-229	4.041145166988e-176	3.550485805724e-135	2.553332539141e-103	2.891901166609e-78	9.653565146984e-59	1.935824643178e-43
2.061250000000e+00	0.000000000000e+00	0.000000000000e+00	7.911610522056e-298	2.852035578863e-229	1.967758166667e-176	1.959514396593e-135	1.562229831628e-103	1.927552035874e-78	6.912454016315e-59	1.472445391431e-43
2.062500000000e+00	0.000000000000e+00	0.000000000000e+00	2.727932719165e-298	1.190074309470e-229	9.575512999059e-177	1.080843805188e-135	9.553492598647e-104	1.284193564892e-78	4.947631725789e-59	1.119564884912e-43
2.063750000000e+00	0.000000000000e+00	0.000000000000e+00	9.398180839068e-299	4.962258544363e-230	4.656669671144e-177	5.958421447673e-136	5.839277495167e-104	8.551781211917e-79	3.539835358807e-59	8.509346884228e-44
2.065000000000e+00	0.000000000000e+00	0.000000000000e+00	3.235156744266e-299	2.067620662107e-230	2.263142329886e-177	3.282867088235e-136	3.567268141623e-104	5.692255523545e-79	2.531566542193e-59	6.465171892051e-44
2.066250000000e+00	0.000000000000e+00	0.000000000000e+00	1.112726021123e-299	8.608916706463e-231	1.099186431234e-177	1.807711759221e-136	2.178171615090e-104	3.787162207562e-79	1.809740137232e-59	4.910218435822e-44
2.067500000000e+00	0.000000000000e+00	0.000000000000e+00	3.824041073008e-300	3.581890585264e-231	5.335239309882e-178	9.948528938096e-137	1.329315691277e-104	2.518518469188e-79	1.293193986950e-59	3.727850071603e-44
2.068750000000e+00	0.000000000000e+00	0.000000000000e+00	1.313101324984e-300	1.489231768777e-231	2.587971591190e-178	5.471952934744e-137	8.108562456417e-105	1.674087243448e-79	9.237016546651e-60	2.829130303531e-44
2.070000000000e+00	0.000000000000e+00	0.000000000000e+00	4.505212889985e-301	6.187260993148e-232	1.254550534423e-178	3.008012525394e-137	4.943554191488e-105	1.112276464824e-79	6.595084335705e-60	2.146269985071e-44
2.071250000000e+00	0.000000000000e+00	0.000000000000e+00	1.544449753264e-301	2.568743539186e-232	6.077708543103e-179	1.652611340720e-137	3.012412425967e-105	7.386677230329e-80	4.706841482981e-60	1.627618592014e-44
2.072500000000e+00	0.000000000000e+00	0.000000000000e+00	5.290218823072e-302	1.065685912908e-232	2.942487551634e-179	9.074351927810e-138	1.834717736980e-105	4.903285831710e-80	3.357835205199e-60	1.233837087465e-44
2.073750000000e+00	0.000000000000e+00	0.000000000000e+00	1.810568150196e-302	4.417981267988e-233	1.423680227728e-179	4.979827616841e-138	1.116872985833e-105	3.253321720661e-80	2.394472043572e-60	9.349747600444e-45
2.075000000000e+00	0.000000000000e+00	0.000000000000e+00	6.191523185025e-303	1.830225839315e-233	6.883880578750e-180	2.731283629315e-138	6.795446721885e-106	2.157588052259e-80	1.706792596844e-60	7.082373760308e-45
2.076250000000e+00	0.000000000000e+00	0.000000000000e+00	2.115541347327e-303	7.576552936049e-234	3.326421326783e-180	1.497176822535e-138	4.132491177502e-106	1.430249346677e-80	1.216108480372e-60	5.362838093809e-45
2.077500000000e+00	0.000000000000e+00	0.000000000000e+00	7.222489502960e-304	3.134186304177e-234	1.606365025601e-180	8.202253550687e-139	2.511802893118e-106	9.476690590254e-81	8.661327701003e-61	4.059265124217e-45
2.078750000000e+00	0.000000000000e+00	0.000000000000e+00	2.463733382033e-304	1.295579663057e-234	7.752366179296e-181	4.491041688457e-139	1.525944982795e-106	6.276295146621e-81	6.166194375797e-61	3.071404651709e-45
2.080000000000e+00	0.000000000000e+00	0.000000000000e+00	8.397342824638e-305	5.351673417534e-235	3.738930317134e-181	2.457620290755e-139	9.265564698760e-107	4.154815366024e-81	4.388039598466e-61	2.323076685685e-45
2.081250000000e+00	0.000000000000e+00	0.000000000000e+00	2.859772244264e-305	2.209028154021e-235	1.802119221867e-181	1.344114551689e-139	5.623213958050e-107	2.749171377303e-81	3.121364252317e-61	1.756414214836e-45
2.082500000000e+00	0.000000000000e+00	0.000000000000e+00	9.731110338169e-306	9.111692736069e-236	8.680459626382e-182	7.347026107062e-140	3.410963104057e-107	1.818250065625e-81	2.219417230625e-61	1.327477682817e-45
2.083750000000e+00	0.000000000000e+00	0.000000000000e+00	3.308527389215e-306	3.755632150939e-236	4.178543991045e-182	4.013660963598e-140	2.067993327572e-107	1.202007351789e-81	1.577444330157e-61	1.002915636105e-45
2.085000000000e+00	0.000000000000e+00	0.000000000000e+00	1.123953796810e-306	1.546867794497e-236	2.010158444474e-182	2.191409738999e-140	1.253143894884e-107	7.942593749862e-82	1.120700888861e-61	7.574229573930e-46
2.086250000000e+00	0.000000000000e+00	0.000000000000e+00	3.815079307034e-307	6.366628574205e-237	9.664038632261e-183	1.195804797706e-140	7.589837019088e-108	5.245891322503e-82	7.958770440290e-62	5.718069305186e-46
2.087500000000e+00	0.000000000000e+00	0.000000000000e+00	1.293898082430e-307	2.618496499668e-237	4.643121826176e-183	6.521549529326e-141	4.594557126291e-108	3.463202947750e-82	5.649666693753e-62	4.315163481077e-46
2.088750000000e+00	0.000000000000e+00	0.000000000000e+00	4.384680522909e-308	1.076169423127e-237	2.229382332091e-183	3.554635744526e-141	2.779934474015e-108	2.285274162365e-82	4.008854211966e-62	3.255232261041e-46
2.090000000000e+00	0.000000000000e+00	0.000000000000e+00	1.484626568857e-308	4.419727221973e-238	1.069749484642e-183	1.936391697132e-141	1.681144951986e-108	1.507302398483e-82	2.843402136406e-62	2.454729244142e-46
2.091250000000e+00	0.000000000000e+00	0.000000000000e+00	5.022707514200e-309	1.813829459430e-238	5.129826439224e-184	1.054253669181e-141	1.016144475868e-108	9.937203524293e-83	2.015936717225e-62	1.850385005701e-46
2.092500000000e+00	0.000000000000e+00	0.000000000000e+00	1.697852413278e-309	7.438469786685e-239	2.458364704467e-184	5.736550642297e-142	6.138827899293e-109	6.548316966584e-83	1.428683705127e-62	1.394304062996e-46
2.093750000000e+00	0.000000000000e+00	0.000000000000e+00	5.734603176739e-310	3.048294500640e-239	1.177370112654e-184	3.119682120495e-142	3.706765855569e-109	4.313173367921e-83	1.012082405126e-62	1.050242946915e-46
2.095000000000e+00	0.000000000000e+00	0.000000000000e+00	1.935299537411e-310	1.248292637269e-239	5.635114656816e-185	1.695600973489e-142	2.237095620819e-109	2.839656774943e-83	7.166650823212e-63	7.907859467507e-47
2.096250000000e+00	0.000000000000e+00	0.000000000000e+00	6.525809650572e-311	5.108131424050e-240	2.695352444436e-185	9.210660439390e-143	1.349440186799e-109	1.868686724024e-83	5.072676913408e-63	5.952028475100e-47
2.097500000000e+00	0.000000000000e+00	0.000000000000e+00	2.198679858705e-311	2.088785687720e-240	1.288402090921e-185	5.000479922074e-143	8.135840564646e-110	1.229161258486e-83	3.589043701184e-63	4.478245994465e-47
2.098750000000e+00	0.000000000000e+00	0.000000000000e+00	7.401691525427e-312	8.535164009126e-241	6.154748838473e-186	2.713228717556e-143	4.902650305292e-110	8.081331840709e-84	2.538287888405e-63	3.368121738318e-47
2.100000000000e+00	0.000000000000e+00	0.000000000000e+00	2.489667510504e-312	3.485106272137e-241	2.938274079062e-186	1.471346375299e-143	2.952834477167e-110	5.310785136820e-84	1.794417910908e-63	2.532237890734e-47
2.101250000000e+00	0.000000000000e+00	0.000000000000e+00	8.367449686188e-313	1.422022105740e-241	1.401836383129e-186	7.974385811677e-144	1.777571125020e-110	3.488479985288e-84	1.268022326500e-63	1.903084683666e-47
2.102500000000e+00	0.000000000000e+00	0.000000000000e+00	2.809870174007e-313	5.798061756403e-242	6.683830160714e-187	4.319498870811e-144	1.069533935368e-110	2.290421722129e-84	8.956757007959e-64	1.429712167976e-47
2.103750000000e+00	0.000000000000e+00	0.000000000000e+00	9.428026321934e-314	2.362356804904e-242	3.184758744717e-187	2.338424148935e-144	6.431937992278e-111	1.503129457028e-84	6.324049650238e-64	1.073682812878e-47
2.105000000000e+00	0.000000000000e+00	0.000000000000e+00	3.160797737902e-314	9.618211359891e-243	1.516529024369e-187	1.265222804788e-144	3.866062110456e-111	9.860048054097e-85	4.463343757366e-64	8.060097164779e-48
2.106250000000e+00	0.000000000000e+00	0.000000000000e+00	1.058800192677e-314	3.913175330381e-243	7.216854824896e-188	6.841708023940e-145	2.322605782760e-111	6.464923511854e-85	3.148806615216e-64	6.048413050442e-48
2.107500000000e+00	0.000000000000e+00	0.000000000000e+00	3.543828550717e-315	1.590927777298e-243	3.432165854325e-188	3.697565387797e-145	1.394639229127e-111	4.236912198511e-85	2.220507419445e-64	4.537111943432e-48
2.108750000000e+00	0.000000000000e+00	0.000000000000e+00	1.185148505416e-315	6.463351713288e-244	1.631216547199e-188	1.997197393482e-145	8.370048012912e-112	2.775474561493e-85	1.565233214185e-64	3.402157663775e-48
2.110000000000e+00	0.000000000000e+00	0.000000000000e+00	3.960173895806e-316	2.623924177618e-244	7.747793285627e-189	1.078151818348e-145	5.020809219727e-112	1.817300524313e-85	1.102875447266e-64	2.550153165983e-48
2.111250000000e+00	0.000000000000e+00	0.000000000000e+00	1.322200299785e-316	1.064463906956e-244	3.677625368218e-189	5.816914094712e-146	3.010226589729e-112	1.189372701498e-85	7.767736209340e-65	1.910798904452e-48
2.112500000000e+00	0.000000000000e+00	0.000000000000e+00	4.410838246176e-317	4.315158639485e-245	1.744536268335e-189	3.136600315677e-146	1.803866336295e-112	7.780560688172e-86	5.468686855161e-65	1.431200864897e-48
2.113750000000e+00	0.000000000000e+00	0.000000000000e+00	1.470238572632e-317	1.748029508641e-245	8.270191646801e-190	1.690361197533e-146	1.080411549538e-112	5.087513052987e-86	3.848506548172e-65	1.071576263025e-48
2.115000000000e+00	0.000000000000e+00	0.000000000000e+00	4.896625328055e-318	7.075985269323e-246	3.918088120444e-190	9.104448617243e-147	6.467758277241e-113	3.325078418946e-86	2.707210282144e-65	8.020149575603e-49
2.116250000000e+00	0.000000000000e+00	0.000000000000e+00	1.629458143923e-318	2.862274277299e-246	1.855051110230e-190	4.900964817910e-147	3.869884833746e-113	2.172200761690e-86	1.903585284014e-65	6.000379787831e-49
2.117500000000e+00	0.000000000000e+00	0.000000000000e+00	5.417923872295e-319	1.156969052675e-246	8.777293381666e-191	2.636715801548e-147	2.314312489883e-113	1.418403338652e-86	1.337960442835e-65	4.487576854297e-49
2.118750000000e+00	0.000000000000e+00	0.000000000000e+00	1.800226993752e-319	4.673243430399e-247	4.150385191202e-191	1.417747402181e-147	1.383329554301e-113	9.257660321686e-87	9.400150250284e-66	3.354918293110e-49
2.120000000000e+00	0.000000000000e+00	0.000000000000e+00	5.976218052096e-320	1.886258600762e-247	1.961278418418e-191	7.618828536550e-148	8.264355870519e-114	6.039548212067e-87	6.601565003660e-66	2.507199452766e-49
2.121250000000e+00	0.000000000000e+00	0.000000000000e+00	1.986143896282e-320	7.607995185250e-248	9.262178551181e-192	4.091959632513e-148	4.934828480289e-114	3.938305272874e-87	4.634251504487e-66	1.872978143149e-49
2.122500000000e+00	0.000000000000e+00	0.000000000000e+00	6.541429150938e-321	3.066375895131e-248	4.371294866980e-192	2.196485208269e-148	2.945200143904e-114	2.566941758752e-87	3.251867803298e-66	1.398664083761e-49
2.123750000000e+00	0.000000000000e+00	0.000000000000e+00	2.213414093369e-321	1.234999331631e-248	2.061722031404e-192	1.178362807588e-148	1.756860431231e-114	1.672339189144e-87	2.280902659198e-66	1.044073383810e-49
2.125000000000e+00	0.000000000000e+00	0.000000000000e+00	7.312171558450e-322	4.970432954001e-249	9.717916774224e-193	6.318057460993e-149	1.047464729398e-114	1.089016431734e-87	1.599194206894e-66	7.790862054353e-50
2.126250000000e+00	0.000000000000e+00	0.000000000000e+00	2.470328229206e-322	1.998977402021e-249	4.577615317636e-193	3.385648890963e-149	6.241963902433e-115	7.088367278801e-88	1.120769364121e-66	5.811348137975e-50
2.127500000000e+00	0.000000000000e+00	0.000000000000e+00	7.905050333460e-323	8.033553980721e-250	2.154906676724e-193	1.813234881469e-149	3.717772369799e-115	4.611685743761e-88	7.851486373929e-67	4.333164338025e-50
2.128750000000e+00	0.000000000000e+00	0.000000000000e+00	0.000000000000e+00	3.226218038058e-250	1.013772939703e-193	9.705546928952e-150	2.213217197312e-115	2.998989272136e-88	5.498042573286e-67	3.229760475768e-50
2.130000000000e+00	0.000000000000e+00	0.000000000000e+00	0.000000000000e+00	1.294690260549e-250	4.766240768368e-194	5.192060734223e-150	1.316876279355e-115	1.949359024182e-88	3.848441616794e-67	2.406425157773e-50
2.131250000000e+00	0.000000000000e+00	0.000000000000e+00	0.000000000000e+00	5.191874835555e-251	2.239413615601e-194	2.775960712925e-150	7.831511890221e-116	1.266515377864e-88	2.692664802019e-67	1.792302420447e-50
2.132500000000e+00	0.000000000000e+00	0.000000000000e+00	0.000000000000e+00	2.080504762370e-251	1.051515566721e-194	1.483339863512e-150	4.655067110478e-116	8.224903580415e-89	1.883216589285e-67	1.334403313573e-50
2.133750000000e+00	0.000000000000e+00	0.000000000000e+00	0.000000000000e+00	8.331043105938e-252	4.934238676720e-195	7.921762580949e-151	2.765578429871e-116	5.338913411677e-89	1.316554482286e-67	9.931156380541e-51
2.135000000000e+00	0.000000000000e+00	0.000000000000e+00	0.000000000000e+00	3.333620944337e-252	2.313916349220e-195	4.228212225716e-151	1.642198723213e-116	3.463990186879e-89	9.200215236974e-68	7.388383295491e-51
2.136250000000e+00	0.000000000000e+00	0.000000000000e+00	0.000000000000e+00	1.332966446919e-252	1.084421728365e-195	2.255514037452e-151	9.746420373634e-117	2.246477858186e-89	6.426547565734e-68	5.494597741548e-51
2.137500000000e+00	0.000000000000e+00	0.000000000000e+00	0.000000000000e+00	5.326088595320e-253	5.078925259086e-196	1.202508326782e-151	5.781549735301e-117	1.456227893670e-89	4.487227120161e-68	4.084691646996e-51
2.138750000000e+00	0.000000000000e+00	0.000000000000e+00	0.000000000000e+00	2.126589778731e-253	2.377215140127e-196	6.407438577223e-152	3.427860116095e-117	9.435355382300e-90	3.131835656119e-68	3.035425229870e-51
2.140000000000e+00	0.000000000000e+00	0.000000000000e+00	0.000000000000e+00	8.484870633010e-254	1.111957550061e-196	3.412201050138e-152	2.031335292153e-117	6.110670877754e-90	2.184944770397e-68	2.254844983493e-51
2.141250000000e+00	0.000000000000e+00	0.000000000000e+00	0.000000000000e+00	3.382929094815e-254	5.197936661462e-197	1.816095048112e-152	1.203150165127e-117	3.955680783499e-90	1.523710814370e-68	1.674367283101e-51
2.142500000000e+00	0.000000000000e+00	0.000000000000e+00	0.000000000000e+00	1.347803973578e-254	2.428269098068e-197	9.660427321322e-153	7.122586858528e-118	2.559500953516e-90	1.062148458421e-68	1.242858414102e-51
2.143750000000e+00	0.000000000000e+00	0.000000000000e+00	0.000000000000e+00	5.365951423020e-255	1.133667503406e-197	5.135797624692e-153	4.214396292189e-118	1.655354705072e-90	7.400967263950e-69	9.222092471543e-52
2.145000000000e+00	0.000000000000e+00	0.000000000000e+00	0.000000000000e+00	2.134778932547e-255	5.289293143208e-198	2.728809811922e-153	2.492370982571e-118	1.070110322092e-90	5.154806058467e-69	6.840284683695e-52
2.146250000000e+00	0.000000000000e+00	0.000000000000e+00	0.000000000000e+00	8.486824996268e-256	2.466224633321e-198	1.449080242816e-153	1.473227101429e-118	6.914610997743e-91	3.588862042960e-69	5.071725844744e-52
2.147500000000e+00	0.000000000000e+00	0.000000000000e+00	0.000000000000e+00	3.371504569071e-256	1.149186935712e-198	7.690691731124e-154	8.703750051200e-119	4.465896622579e-91	2.497593670454e-69	3.759016659170e-52
2.148750000000e+00	0.000000000000e+00	0.000000000000e+00	0.000000000000e+00	1.338407696683e-256	5.351453841067e-199	4.079361319071e-154	5.139523071826e-119	2.883044146790e-91	1.737430307025e-69	2.785028345904e-52
2.150000000000e+00	0.000000000000e+00	0.000000000000e+00	0.000000000000e+00	5.309324447001e-257	2.490439191486e-199	2.162582800871e-154	3.033324879830e-119	1.860354174886e-91	1.208129774257e-69	2.062632599874e-52
2.151250000000e+00	0.000000000000e+00	0.000000000000e+00	0.000000000000e+00	2.104632499906e-257	1.158252257154e-199	1.145795512925e-154	1.789347671965e-119	1.199890700949e-91	8.397313540126e-70	1.527042145780e-52
2.152500000000e+00	0.000000000000e+00	0.000000000000e+00	0.000000000000e+00	8.336801226190e-258	5.383359997404e-200	6.067297507828e-155	1.054994598197e-119	7.735518974047e-92	5.834286310581e-70	1.130100476549e-52
2.153750000000e+00	0.000000000000e+00	0.000000000000e+00	0.000000000000e+00	3.299960854544e-258	2.500499347757e-200	3.210977527019e-155	6.217065420398e-120	4.984698987741e-92	4.051871774762e-70	8.360263790711e-53
2.155000000000e+00	0.000000000000e+00	0.000000000000e+00	0.000000000000e+00	1.305281842362e-258	1.160708387914e-200	1.698372864919e-155	3.661848199046e-120	3.210629067029e-92	2.812834859466e-70	6.182438318452e-53
2.156250000000e+00	0.000000000000e+00	0.000000000000e+00	0.000000000000e+00	5.159242865255e-259	5.384464958195e-201	8.978062412897e-156	2.155732822669e-120	2.067012212495e-92	1.951881127474e-70	4.570213530584e-53
2.157500000000e+00	0.000000000000e+00	0.000000000000e+00	0.000000000000e+00	2.037763669029e-259	2.496232548740e-201	4.743359041836e-156	1.268437957777e-120	1.330140955309e-92	1.353889066841e-70	3.377147892541e-53
2.158750000000e+00	0.000000000000e+00	0.000000000000e+00	0.000000000000e+00	8.042810289883e-260	1.156513171318e-201	2.504627701074e-156	7.459731966899e-121	8.555669555786e-93	9.387141930472e-71	2.494597921196e-53
2.160000000000e+00	0.000000000000e+00	0.000000000000e+00	0.000000000000e+00	3.172108267870e-260	5.354749753170e-202	1.321764736843e-156	4.384871945010e-121	5.500625187564e-93	6.505853422537e-71	1.841992768408e-53
2.161250000000e+00	0.000000000000e+00	0.000000000000e+00	0.000000000000e+00	1.250185179027e-260	2.477712035821e-202	6.971383018380e-157	2.576145003020e-121	3.534856740101e-93	4.507085028498e-71	1.359603187099e-53
2.162500000000e+00	0.000000000000e+00	0.000000000000e+00	0.000000000000e+00	4.923646417043e-261	1.145738577487e-202	3.674832329818e-157	1.512736869877e-121	2.270561635848e-93	3.121100945446e-71	1.003167180644e-53
2.163750000000e+00	0.000000000000e+00	0.000000000000e+00	0.000000000000e+00	1.937695522299e-261	5.294723637584e-203	1.936020332671e-157	8.878430057182e-122	1.457795104430e-93	2.160431326865e-71	7.398971344194e-54
2.165000000000e+00	0.000000000000e+00	0.000000000000e+00	0.000000000000e+00	7.620270381522e-262	2.445254753798e-203	1.019379982229e-157	5.208212091044e-122	9.355379149683e-94	1.494836534889e-71	5.455144557509e-54
2.166250000000e+00	0.000000000000e+00	0.000000000000e+00	0.000000000000e+00	2.994617745810e-262	1.128568649482e-203	5.364337442517e-158	3.053661145430e-122	6.001060599959e-94	1.033873796844e-71	4.020481519686e-54
2.167500000000e+00	0.000000000000e+00	0.000000000000e+00	0.000000000000e+00	1.175976311722e-262	5.205409574013e-204	2.821303962262e-158	1.789504203867e-122	3.847656961322e-94	7.147627975909e-72	2.962011669641e-54
2.168750000000e+00	0.000000000000e+00	0.000000000000e+00	0.000000000000e+00	4.614683504301e-263	2.399412328220e-204	1.482987429133e-158	1.048152080652e-122	2.465848511244e-94	4.939431175500e-72	2.181385131337e-54
2.170000000000e+00	0.000000000000e+00	0.000000000000e+00	0.000000000000e+00	1.809553528608e-263	1.105294273840e-204	7.790742707451e-159	6.136144476858e-123	1.579567367097e-94	3.412027508544e-72	1.605886400751e-54
2.171250000000e+00	0.000000000000e+00	0.000000000000e+00	0.000000000000e+00	7.090667419363e-264	5.088315232540e-205	4.090477944432e-159	3.590430714934e-123	1.011373633121e-94	2.355964250782e-72	1.181773318557e-54
2.172500000000e+00	0.000000000000e+00	0.000000000000e+00	0.000000000000e+00	2.776444292009e-264	2.340955470348e-205	2.146461237851e-159	2.099796572158e-123	6.472719922523e-95	1.626093281519e-72	8.693415337152e-55
2.173750000000e+00	0.000000000000e+00	0.000000000000e+00	0.000000000000e+00	1.086368037107e-264	1.076304983132e-205	1.125708243049e-159	1.227404164171e-123	4.140604188764e-95	1.121870689553e-72	6.392688839231e-55
2.175000000000e+00	0.000000000000e+00	0.000000000000e+00	0.000000000000e+00	4.247673841304e-265	4.945390658056e-206	5.900413441310e-160	7.170965950185e-124	2.647538795403e-95	7.736788677278e-73	4.699088140804e-55
2.176250000000e+00	0.000000000000e+00	0.000000000000e+00	0.000000000000e+00	1.659630897804e-265	2.270852425780e-206	3.090956138995e-160	4.187428710252e-124	1.692086895420e-95	5.333339802151e-73	3.452872204429e-55
2.177500000000e+00	0.000000000000e+00	0.000000000000e+00	0.000000000000e+00	6.479746688446e-266	1.042078113334e-206	1.618292578596e-160	2.443975739080e-124	1.080947758026e-95	3.675008615922e-73	2.536204722192e-55
2.178750000000e+00	0.000000000000e+00	0.000000000000e+00	0.000000000000e+00	2.528079414642e-266	4.778974265462e-207	8.467886803617e-161	1.425693115710e-124	6.902214661958e-96	2.531267572067e-73	1.862194318236e-55
2.180000000000e+00	0.000000000000e+00	0.000000000000e+00	0.000000000000e+00	9.856201267685e-267	2.190242308726e-207	4.428400045383e-161	8.312562288892e-125	4.405284210171e-96	1.742763020826e-73	1.366792465326e-55
2.181250000000e+00	0.000000000000e+00	0.000000000000e+00	0.000000000000e+00	3.839852848354e-267	1.003165737628e-207	2.314581355995e-161	4.844215676858e-125	2.810354572707e-96	1.199386631591e-73	1.002806275696e-55
2.182500000000e+00	0.000000000000e+00	0.000000000000e+00	0.000000000000e+00	1.494878056480e-267	4.591729251936e-208	1.209071142767e-161	2.821575833547e-125	1.792049554781e-96	8.250887364350e-74	7.354758192574e-56
2.183750000000e+00	0.000000000000e+00	0.000000000000e+00	0.000000000000e+00	5.815447230785e-268	2.100404347599e-208	6.312262666729e-162	1.642629738910e-125	1.142195978269e-96	5.673652073676e-74	5.392083918328e-56
2.185000000000e+00	0.000000000000e+00	0.000000000000e+00	0.000000000000e+00	2.260719283984e-268	9.601798760804e-209	3.293609225352e-162	9.558006763216e-126	7.276674562070e-97	3.899826880094e-74	3.951680054168e-56
2.186250000000e+00	0.000000000000e+00	0.000000000000e+00	0.000000000000e+00	8.782058496147e-269	4.386572840174e-209	1.717563806040e-162	5.558718530390e-126	4.633690170320e-97	2.679467808476e-74	2.894968186779e-56
2.187500000000e+00	0.000000000000e+00	0.000000000000e+00	0.000000000000e+00	3.409040646167e-269	2.002724200703e-209	8.951740628618e-163	3.231184315999e-126	2.949325763452e-97	1.840231015119e-74	2.120033407550e-56
2.188750000000e+00	0.000000000000e+00	0.000000000000e+00	0.000000000000e+00	1.322373691255e-269	9.137765339419e-210	4.662897857366e-163	1.877277515225e-126	1.876377477354e-97	1.263329784231e-74	1.551952775815e-56
2.190000000000e+00	0.000000000000e+00	0.000000000000e+00	0.000000000000e+00	5.125808635352e-270	4.166600973752e-210	2.427493721782e-163	1.090121544593e-126	1.193216889239e-97	8.669253675970e-75	1.135667474635e-56
2.191250000000e+00	0.000000000000e+00	0.000000000000e+00	0.000000000000e+00	1.985439892008e-270	1.898658577968e-210	1.263031348453e-163	6.327047069073e-127	7.584383525398e-98	5.946580115331e-75	8.307316596768e-57
2.192500000000e+00	0.000000000000e+00	0.000000000000e+00	0.000000000000e+00	7.684883106886e-271	8.646391482165e-211	6.567860890619e-164	3.670345147302e-127	4.818622389559e-98	4.077307107324e-75	6.074453677241e-57
2.193750000000e+00	0.000000000000e+00	0.000000000000e+00	0.000000000000e+00	2.972377433027e-271	3.935011168712e-211	3.413402976500e-164	2.128102021800e-127	3.060040792800e-98	2.794474565094e-75	4.440077754001e-57
2.195000000000e+00	0.000000000000e+00	0.000000000000e+00	0.000000000000e+00	1.148832761572e-271	1.789699423800e-211	1.772984673263e-164	1.233268619043e-127	1.942375768602e-98	1.914465237232e-75	3.244223865628e-57
2.196250000000e+00	0.000000000000e+00	0.000000000000e+00	0.000000000000e+00	4.437065457671e-272	8.134620220703e-212	9.203991334030e-165	7.143361280742e-128	1.232369668652e-98	1.311038349558e-75	2.369561268340e-57
2.197500000000e+00	0.000000000000e+00	0.000000000000e+00	0.000000000000e+00	1.712462328703e-272	3.695026184452e-212	4.775306175052e-165	4.135492600143e-128	7.815386562754e-99	8.974368393819e-76	1.730063160732e-57
2.198750000000e+00	0.000000000000e+00	0.000000000000e+00	0.000000000000e+00	6.604385032470e-273	1.677338878485e-212	2.476167645084e-165	2.392938729128e-128	4.954064317454e-99	6.140630674026e-76	1.262678724763e-57
2.200000000000e+00	0.000000000000e+00	0.000000000000e+00	0.000000000000e+00	2.545246855561e-273	7.609343008153e-213	1.283254123002e-165	1.383934727622e-128	3.138878686743e-99	4.199935773757e-76	9.212142679707e-58
2.201250000000e+00	0.000000000000e+00	0.000000000000e+00	0.000000000000e+00	9.801975255052e-274	3.449821019220e-213	6.646593114563e-166	7.999803769002e-129	1.987875290508e-99	2.871394786396e-76	6.718391951030e-58
2.202500000000e+00	0.000000000000e+00	0.000000000000e+00	0.000000000000e+00	3.772102289580e-274	1.563036145579e-213	3.440640678426e-166	4.621923562833e-129	1.258361589847e-99	1.962292539874e-76	4.897866083536e-58
2.203750000000e+00	0.000000000000e+00	0.000000000000e+00	0.000000000000e+00	1.450572659666e-274	7.077249939592e-214	1.780054696727e-166	2.668983455239e-129	7.962024052356e-100	1.340464092844e-76	3.569319005819e-58
2.205000000000e+00	0.000000000000e+00	0.000000000000e+00	0.000000000000e+00	5.574188888450e-275	3.202455474406e-214	9.204096773989e-167	1.540453887324e-129	5.035507309421e-100	9.153078859596e-77	2.600163818998e-58
2.206250000000e+00	0.000000000000e+00	0.000000000000e+00	0.000000000000e+00	2.140474419347e-275	1.448187257301e-214	4.756448584908e-167	8.886509742026e-130	3.183205598612e-100	6.247407147838e-77	1.893446094763e-58
2.207500000000e+00	0.000000000000e+00	0.000000000000e+00	0.000000000000e+00	8.213430183056e-276	6.544694788770e-215	2.456621442111e-167	5.123814970072e-130	2.011350987160e-100	4.262388222001e-77	1.378294644366e-58
2.208750000000e+00	0.000000000000e+00	0.000000000000e+00	0.000000000000e+00	3.149381447734e-276	2.955814185859e-215	1.268082388821e-167	2.952808981331e-130	1.270318871039e-100	2.906877852133e-77	1.002924129233e-58
2.210000000000e+00	0.000000000000e+00	0.000000000000e+00	0.000000000000e+00	1.206735605207e-276	1.334098558447e-215	6.541999480767e-168	1.700814564285e-130	8.019353357168e-101	1.981623526803e-77	7.295095471503e-59
2.211250000000e+00	0.000000000000e+00	0.000000000000e+00	0.000000000000e+00	4.620459376034e-277	6.017578375370e-216	3.373085431350e-168	9.791704015553e-131	5.060199792554e-101	1.350318144735e-77	5.304332845620e-59
2.212500000000e+00	0.000000000000e+00	0.000000000000e+00	0.000000000000e+00	1.767845683952e-277	2.712555611638e-216	1.738192924374e-168	5.634291161669e-131	3.191520897690e-101	9.197539128677e-78	3.855382260244e-59
2.213750000000e+00	0.000000000000e+00	0.000000000000e+00	0.000000000000e+00	6.759113139422e-278	1.221964532381e-216	8.952048282744e-169	3.240410219830e-131	2.012006753905e-101	6.262212080518e-78	2.801179953529e-59
2.215000000000e+00	0.000000000000e+00	0.000000000000e+00	0.000000000000e+00	2.582386523926e-278	5.501252835107e-217	4.607874640410e-169	1.862689207758e-131	1.267835446454e-101	4.261912078192e-78	2.034470809667e-59
2.216250000000e+00	0.000000000000e+00	0.000000000000e+00	0.000000000000e+00	9.859137975224e-279	2.475071018331e-217	2.370460354214e-169	1.070189046104e-131	7.985425438736e-102	2.899357626576e-78	1.477062270226e-59
2.217500000000e+00	0.000000000000e+00	0.000000000000e+00	0.000000000000e+00	3.761341877892e-279	1.112850381613e-217	1.218760971398e-169	6.145543578331e-132	5.027301617991e-102	1.971603932940e-78	1.071970995789e-59
2.218750000000e+00	0.000000000000e+00	0.000000000000e+00	0.000000000000e+00	1.433946146983e-279	5.000448375690e-218	6.262650586846e-170	3.527278911194e-132	3.163541519497e-102	1.340164627850e-78	7.776857717397e-60
2.220000000000e+00	0.000000000000e+00	0.000000000000e+00	0.000000000000e+00	5.462721255729e-280	2.245454046975e-218	3.216263531941e-170	2.023480386122e-132	1.989820263178e-102	9.105781254586e-79	5.639779962320e-60
2.221250000000e+00	0.000000000000e+00	0.000000000000e+00	0.000000000000e+00	2.079559767789e-280	1.007679561828e-218	1.650816771711e-170	1.160213446110e-132	1.250995862668e-102	6.184389900030e-79	4.088434603751e-60
2.222500000000e+00	0.000000000000e+00	0.000000000000e+00	0.000000000000e+00	7.910791535239e-281	4.519223117075e-219	8.468371850839e-171	6.649002368567e-133	7.861394876487e-103	4.198528428907e-79	2.962707923894e-60
2.223750000000e+00	0.000000000000e+00	0.000000000000e+00	0.000000000000e+00	3.007146876817e-281	2.025480988447e-219	4.341649584784e-171	3.808507182817e-133	4.937931523500e-103	2.849167101990e-79	2.146137341175e-60
2.225000000000e+00	0.000000000000e+00	0.000000000000e+00	0.000000000000e+00	1.142287720879e-281	9.072262626263e-220	2.224658834174e-171	2.180382905235e-133	3.100217964902e-103	1.932677234058e-79	1.554043142861e-60
2.226250000000e+00	0.000000000000e+00	0.000000000000e+00	0.000000000000e+00	4.335932803970e-282	4.060935682784e-220	1.139267923585e-171	1.247643349068e-133	1.945544226721e-103	1.310452632659e-79	1.124878251378e-60
2.227500000000e+00	0.000000000000e+00	0.000000000000e+00	0.000000000000e+00	1.644658542034e-282	1.816601478375e-220	5.830987662120e-172	7.135556368274e-134	1.220370499530e-103	8.881859753788e-80	8.139258790500e-61
2.228750000000e+00	0.000000000000e+00	0.000000000000e+00	0.000000000000e+00	6.233832288059e-283	8.121126401600e-221	2.982717871868e-172	4.078917531528e-134	7.651454630741e-104	6.017375062434e-80	5.887095524100e-61
2.230000000000e+00	0.000000000000e+00	0.000000000000e+00	0.000000000000e+00	2.361134082574e-283	3.628239371529e-221	1.524881275742e-172	2.330460285254e-134	4.795103966626e-104	4.075030272426e-80	4.256515278575e-61
2.231250000000e+00	0.000000000000e+00	0.000000000000e+00	0.000000000000e+00	8.936600700662e-284	1.619938951059e-221	7.791367478433e-173	1.330816527675e-134	3.003680686834e-104	2.758513944959e-80	3.076409890103e-61
2.232500000000e+00	0.000000000000e+00	0.000000000000e+00	0.000000000000e+00	3.379949596620e-284	7.228104439860e-222	3.978736207570e-173	7.595814732118e-135	1.880663994684e-104	1.866552093309e-80	2.222650049263e-61
2.233750000000e+00	0.000000000000e+00	0.000000000000e+00	0.000000000000e+00	1.277421617867e-284	3.223096027743e-222	2.030628163765e-173	4.333215011891e-135	1.176983492442e-104	1.262483274723e-80	1.605221132413e-61
2.235000000000e+00	0.000000000000e+00	0.000000000000e+00	0.000000000000e+00	4.824412856586e-285	1.436299884184e-222	1.035784638594e-173	2.470732981995e-135	7.362600690486e-105	8.535554476586e-81	1.158872176288e-61
2.236250000000e+00	0.000000000000e+00	0.000000000000e+00	0.000000000000e+00	1.820710253324e-285	6.396465484055e-223	5.280345350915e-174	1.408059750724e-135	4.603560302775e-105	5.768440675573e-81	8.363211725385e-62
2.237500000000e+00	0.000000000000e+00	0.000000000000e+00	0.000000000000e+00	6.866309522922e-286	2.846807168525e-223	2.690351287021e-174	8.020400476605e-136	2.877121082342e-105	3.896778402777e-81	6.033197407850e-62
2.238750000000e+00	0.000000000000e+00	0.000000000000e+00	0.000000000000e+00	2.587569854595e-286	1.266190630441e-223	1.369964947496e-174	4.566155758914e-136	1.797314822879e-105	2.631319447317e-81	4.350697300158e-62
2.240000000000e+00	0.000000000000e+00	0.000000000000e+00	0.000000000000e+00	9.744217205214e-287	5.628118008460e-224	6.972101822202e-175	2.598274838652e-136	1.122255872119e-105	1.776077973625e-81	3.136224110139e-62
2.241250000000e+00	0.000000000000e+00	0.000000000000e+00	0.000000000000e+00	3.666806532868e-287	2.500059525731e-224	3.546269918256e-175	1.477743819125e-136	7.004245030766e-106	1.198315199783e-81	2.259915487611e-62
2.242500000000e+00	0.000000000000e+00	0.000000000000e+00	0.000000000000e+00	1.378844222978e-287	1.109840472584e-224	1.802742330095e-175	8.400263580150e-137	4.369507494853e-106	8.081662219379e-82	1.627849296254e-62
2.243750000000e+00	0.000000000000e+00	0.000000000000e+00	0.000000000000e+00	5.181178783245e-288	4.923725376302e-225	9.159026724253e-176	4.772724580865e-137	2.724616361720e-106	5.448173234888e-82	1.172122714339e-62
2.245000000000e+00	0.000000000000e+00	0.000000000000e+00	0.000000000000e+00	1.945486045812e-288	2.182981927834e-225	4.650705050154e-176	2.710313518307e-137	1.698165235020e-106	3.671315508326e-82	8.436627155901e-63
2.246250000000e+00	0.000000000000e+00	0.000000000000e+00	0.000000000000e+00	7.299848197883e-289	9.672294548306e-226	2.360163390574e-176	1.538340192973e-137	1.057928324514e-106	2.472937249146e-82	6.070179299031e-63
2.247500000000e+00	0.000000000000e+00	0.000000000000e+00	0.000000000000e+00	2.737068741817e-289	4.282840900304e-226	1.197068887029e-176	8.726999301912e-138	6.587706740850e-107	1.665041531231e-82	4.365872720750e-63
2.248750000000e+00	0.000000000000e+00	0.000000000000e+00	0.000000000000e+00	1.025519087237e-289	1.895210370285e-226	6.068062121176e-177	4.948313349045e-138	4.100284434090e-107	1.120618097543e-82	3.138900216616e-63
2.250000000000e+00	0.000000000000e+00	0.000000000000e+00	0.000000000000e+00	3.839617462701e-290	8.381195314136e-227	3.074218236203e-177	2.804330163846e-138	2.550911695169e-107	7.538948560437e-83	2.255905161575e-63
2.251250000000e+00	0.000000000000e+00	0.000000000000e+00	0.000000000000e+00	1.436542025136e-290	3.704056082521e-227	1.556586186338e-177	1.588476489867e-138	1.586275362899e-107	5.069726317554e-83	1.620694111571e-63
2.252500000000e+00	0.000000000000e+00	0.000000000000e+00	0.000000000000e+00	5.370749293505e-291	1.635958190960e-227	7.877083532440e-178	8.993156220269e-139	9.859694235258e-108	3.407837182745e-83	1.163906675016e-63
2.253750000000e+00	0.000000000000e+00	0.000000000000e+00	0.000000000000e+00	2.006492734890e-291	7.220876248761e-228	3.983928460511e-178	5.088891387500e-139	6.125619669966e-108	2.289779938777e-83	8.355494389388e-64
2.255000000000e+00	0.000000000000e+00	0.000000000000e+00	0.000000000000e+00	7.490770134464e-292	3.185155638875e-228	2.013777168743e-178	2.878153312175e-139	3.803980868504e-108	1.537904054723e-83	5.996019455438e-64
2.256250000000e+00	0.000000000000e+00	0.000000000000e+00	0.000000000000e+00	2.794483284252e-292	1.404088458728e-228	1.017337599050e-178	1.626988054337e-139	2.361175853185e-108	1.032488741578e-83	4.301211548065e-64
2.257500000000e+00	0.000000000000e+00	0.000000000000e+00	0.000000000000e+00	1.041748128969e-292	6.185592921905e-229	5.136562534325e-179	9.192518288360e-140	1.464940737353e-108	6.928863319720e-84	3.084291814770e-64
2.258750000000e+00	0.000000000000e+00	0.000000000000e+00	0.000000000000e+00	3.880700344849e-293	2.723273474716e-229	2.591993243990e-179	5.191159093233e-140	9.084760713424e-109	4.647926492724e-84	2.210838444028e-64
2.260000000000e+00	0.000000000000e+00	0.000000000000e+00	0.000000000000e+00	1.444586847552e-293	1.198185973549e-229	1.307220807330e-179	2.930042185907e-140	5.631299724414e-109	3.116571497812e-84	1.584146867148e-64
2.261250000000e+00	0.000000000000e+00	0.000000000000e+00	0.000000000000e+00	5.373575693110e-294	5.268418441686e-230	6.588974702190e-180	1.652962898103e-140	3.489036456084e-109	2.088889779626e-84	1.134673118461e-64
2.262500000000e+00	0.000000000000e+00	0.000000000000e+00	0.000000000000e+00	1.997419347694e-294	2.315044513818e-230	3.319254322854e-180	9.320346022855e-141	2.160747828418e-109	1.399505283496e-84	8.124244364059e-65
2.263750000000e+00	0.000000000000e+00	0.000000000000e+00	0.000000000000e+00	7.419272132150e-295	1.016626639270e-230	1.671156106668e-180	5.252676621949e-141	1.337532602633e-109	9.372471892325e-85	5.814763797381e-65
2.265000000000e+00	0.000000000000e+00	0.000000000000e+00	0.000000000000e+00	2.753845153891e-295	4.461559404167e-231	8.409057309877e-181	2.958754905846e-141	8.275731316463e-110	6.274141916053e-85	4.160236943729e-65
2.266250000000e+00	0.000000000000e+00	0.000000000000e+00	0.000000000000e+00	1.021418923215e-295	1.956748136251e-231	4.228938853313e-181	1.665777591602e-141	5.118115724140e-110	4.198315921821e-85	2.975369748721e-65
2.267500000000e+00	0.000000000000e+00	0.000000000000e+00	0.000000000000e+00	3.785771953699e-296	8.576423784790e-232	2.125540088586e-181	9.373563766097e-142	3.163847443591e-110	2.808125291531e-85	2.127162696690e-65
2.268750000000e+00	0.000000000000e+00	0.000000000000e+00	0.000000000000e+00	1.402139314470e-296	3.756648758618e-232	1.067728896329e-181	5.271960634466e-142	1.954891601717e-110	1.877493460475e-85	1.520188216670e-65
2.270000000000e+00	0.000000000000e+00	0.000000000000e+00	0.000000000000e+00	5.189362998580e-297	1.644439894203e-232	5.360514729011e-182	2.963597893214e-142	1.207345426313e-110	1.254760884998e-85	1.086002697134e-65
2.271250000000e+00	0.000000000000e+00	0.000000000000e+00	0.000000000000e+00	1.919212670972e-297	7.193801866331e-233	2.689712072564e-182	1.665122134937e-142	7.453188674695e-111	8.382317324664e-86	7.755348782305e-66
2.272500000000e+00	0.000000000000e+00	0.000000000000e+00	0.000000000000e+00	7.092809910254e-298	3.145009740667e-233	1.348835203646e-182	9.350882692115e-143	4.598904627655e-111	5.597418906200e-86	5.536160251701e-66
2.273750000000e+00	0.000000000000e+00	0.000000000000e+00	0.000000000000e+00	2.619387232897e-298	1.374069096718e-233	6.760297268412e-183	5.248543747844e-143	2.836406061868e-111	3.736217153297e-86	3.950507220938e-66
2.275000000000e+00	0.000000000000e+00	0.000000000000e+00	0.000000000000e+00	9.666455570602e-299	5.999543470959e-234	3.386308307244e-183	2.944453717784e-143	1.748574417785e-111	2.492854877051e-86	2.817954363149e-66
2.276250000000e+00	0.000000000000e+00	0.000000000000e+00	0.000000000000e+00	3.564683525872e-299	2.617886969080e-234	1.695278287983e-183	1.651012422918e-143	1.077460975283e-111	1.662579686682e-86	2.009333103542e-66
2.277500000000e+00	0.000000000000e+00	0.000000000000e+00	0.000000000000e+00	1.313593122788e-299	1.141580739863e-234	8.482215560370e-184	9.252852687862e-144	6.636218733876e-112	1.108379616611e-86	1.432210361873e-66
2.278750000000e+00	0.000000000000e+00	0.000000000000e+00	0.000000000000e+00	4.837120653213e-300	4.974912301701e-235	4.241616615031e-184	5.182993364318e-144	4.085465513088e-112	7.386099905701e-87	1.020466076699e-66
2.280000000000e+00	0.000000000000e+00	0.000000000000e+00	0.000000000000e+00	1.779914501854e-300	2.166642612887e-235	2.119860679691e-184	2.901785830748e-144	2.513993318792e-112	4.919969516259e-87	7.268205885843e-67
2.281250000000e+00	0.000000000000e+00	0.000000000000e+00	0.000000000000e+00	6.544817334003e-301	9.430010717348e-236	1.058856308793e-184	1.623789604374e-144	1.546280942198e-112	3.275896960373e-87	5.174790335448e-67
2.282500000000e+00	0.000000000000e+00	0.000000000000e+00	0.000000000000e+00	2.404817288336e-301	4.101664622781e-236	5.285919427811e-185	9.081840193690e-145	9.506363160493e-113	2.180311980204e-87	3.682944582978e-67
2.283750000000e+00	0.000000000000e+00	0.000000000000e+00	0.000000000000e+00	8.829839471426e-302	1.782917148882e-236	2.637289773571e-185	5.076888818960e-145	5.841738505854e-113	1.450533075271e-87	2.620200337262e-67
2.285000000000e+00	0.000000000000e+00	0.000000000000e+00	0.000000000000e+00	3.239736567316e-302	7.745067949619e-237	1.315070282432e-185	2.836619915955e-145	3.588157831971e-113	9.646221230552e-88	1.863419777933e-67
2.286250000000e+00	0.000000000000e+00	0.000000000000e+00	0.000000000000e+00	1.187825801900e-302	3.362345650901e-237	6.553810475524e-186	1.584106371807e-145	2.202940042773e-113	6.412204828558e-88	1.324719080050e-67
2.287500000000e+00	0.000000000000e+00	0.000000000000e+00	0.000000000000e+00	4.351930777709e-303	1.458755601259e-237	3.264319008034e-186	8.841933249894e-146	1.351871866071e-113	4.260672396512e-88	9.413990826595e-68
2.288750000000e+00	0.000000000000e+00	0.000000000000e+00	0.000000000000e+00	1.593299317027e-303	6.324785056799e-238	1.624969114849e-186	4.932758131126e-146	8.292206267730e-114	2.829889548444e-88	6.687451392494e-68
2.290000000000e+00	0.000000000000e+00	0.000000000000e+00	0.000000000000e+00	5.829065404013e-304	2.740514220314e-238	8.084467681870e-187	2.750502907289e-146	5.084009775239e-114	1.878803734512e-88	4.748805632507e-68
2.291250000000e+00	0.000000000000e+00	0.000000000000e+00	0.000000000000e+00	2.131015721382e-304	1.186701260557e-238	4.019865745867e-187	1.532900950706e-146	3.115619196315e-114	1.246849200804e-88	3.370893555125e-68
2.292500000000e+00	0.000000000000e+00	0.000000000000e+00	0.000000000000e+00	7.785034584749e-305	5.135394388248e-239	1.997677921884e-187	8.538779068977e-147	1.908464468935e-114	8.271171667320e-89	2.391897536317e-68
2.293750000000e+00	0.000000000000e+00	0.000000000000e+00	0.000000000000e+00	2.841977307869e-305	2.220901285152e-239	9.921862225219e-188	4.753977896290e-147	1.168491346295e-114	5.484546525741e-89	1.696590350575e-68
2.295000000000e+00	0.000000000000e+00	0.000000000000e+00	0.000000000000e+00	1.036732785281e-305	9.598597117326e-240	4.925096176214e-188	2.645441958524e-147	7.151030588419e-115	3.635256019290e-89	1.202952009882e-68
2.296250000000e+00	0.000000000000e+00	0.000000000000e+00	0.000000000000e+00	3.779194350128e-306	4.145809344477e-240	2.443374519844e-188	1.471360235770e-147	4.374349556731e-115	2.408517833811e-89	8.526219323229e-69
2.297500000000e+00	0.000000000000e+00	0.000000000000e+00	0.000000000000e+00	1.376631769106e-306	1.789509233213e-240	1.211488139786e-188	8.179363144078e-148	2.674607435488e-115	1.595090459538e-89	6.040899160942e-69
2.298750000000e+00	0.000000000000e+00	0.000000000000e+00	0.000000000000e+00	5.010978229392e-307	7.719365697787e-241	6.003466538800e-189	4.544641852824e-148	1.634588067302e-115	1.055945139461e-89	4.278421429572e-69
2.300000000000e+00	0.000000000000e+00	0.000000000000e+00	0.000000000000e+00	1.822692519667e-307	3.327762647077e-241	2.973300632320e-189	2.523826727026e-148	9.985235555613e-116	6.987438209021e-90	3.029021973599e-69
2.301250000000e+00	0.000000000000e+00	0.000000000000e+00	0.000000000000e+00	6.625070035467e-308	1.433659854654e-241	1.471734102716e-189	1.400874095976e-148	6.096913290206e-116	4.621843036476e-90	2.143671209706e-69
2.302500000000e+00	0.000000000000e+00	0.000000000000e+00	0.000000000000e+00	2.406321787252e-308	6.172526465384e-242	7.280709194572e-190	7.771741953735e-149	3.721032269948e-116	3.055856743629e-90	1.516529333291e-69
2.303750000000e+00	0.000000000000e+00	0.000000000000e+00	0.000000000000e+00	8.733797132276e-309	2.655845774308e-242	3.599745667090e-190	4.309405263853e-149	2.269961900307e-116	2.019627969965e-90	1.072458123399e-69
2.305000000000e+00	0.000000000000e+00	0.000000000000e+00	0.000000000000e+00	3.167660753129e-309	1.141999194811e-242	1.778786200999e-190	2.388339170384e-149	1.384125319698e-116	1.334228917806e-90	7.581353717730e-70
2.306250000000e+00	0.000000000000e+00	0.000000000000e+00	0.000000000000e+00	1.148048921000e-309	4.907403838956e-243	8.784751627741e-191	1.322983302874e-149	8.435949519832e-117	8.810689749932e-91	5.357350548464e-70
2.307500000000e+00	0.000000000000e+00	0.000000000000e+00	0.000000000000e+00	4.157844976643e-310	2.107467343374e-243	4.335997507464e-191	7.324743528943e-150	5.139184922099e-117	5.815807928272e-91	3.784340955325e-70
2.308750000000e+00	0.000000000000e+00	0.000000000000e+00	0.000000000000e+00	1.504743091316e-310	9.044674951434e-244	2.138958516912e-191	4.053313362892e-150	3.129365077017e-117	3.837344486762e-91	2.672190031181e-70
2.310000000000e+00	0.000000000000e+00	0.000000000000e+00	0.000000000000e+00	5.441800176274e-311	3.879253213606e-244	1.054555646175e-191	2.241855601986e-150	1.904670835659e-117	2.530883233784e-91	1.886172069503e-70
2.311250000000e+00	0.000000000000e+00	0.000000000000e+00	0.000000000000e+00	1.966568098720e-311	1.662747670801e-244	5.196254838978e-192	1.239323800135e-150	1.158738257157e-117	1.668529985871e-91	1.330859373979e-70
2.312500000000e+00	0.000000000000e+00	0.000000000000e+00	0.000000000000e+00	7.101687476896e-312	7.122420697980e-245	2.558969937857e-192	6.847651378965e-151	7.046159563471e-118	1.099553866510e-91	9.386850793727e-71
2.313750000000e+00	0.000000000000e+00	0.000000000000e+00	0.000000000000e+00	2.562714877647e-312	3.048961577427e-245	1.259487110251e-192	3.781622660478e-151	4.282736110542e-118	7.243018443342e-92	6.618271053499e-71
2.315000000000e+00	0.000000000000e+00	0.000000000000e+00	0.000000000000e+00	9.241132368028e-313	1.304365595838e-245	6.195495870553e-193	2.087345978856e-151	2.601907605467e-118	4.769175003202e-92	4.664510482522e-71
2.316250000000e+00	0.000000000000e+00	0.000000000000e+00	0.000000000000e+00	3.329938855259e-313	5.576603587299e-246	3.045875992164e-193	1.151570114432e-151	1.580025658329e-118	3.138972521162e-92	3.286279406497e-71
2.317500000000e+00	0.000000000000e+00	0.000000000000e+00	0.000000000000e+00	1.199039510452e-313	2.382666545524e-246	1.496587677423e-193	6.349887477615e-152	9.590430940405e-119	2.065153585304e-92	2.314407274050e-71
2.318750000000e+00	0.000000000000e+00	0.000000000000e+00	0.000000000000e+00	4.314365123565e-314	1.017372080047e-246	7.349298948037e-194	3.499623881470e-152	5.818537248730e-119	1.358118872788e-92	1.629340955857e-71
2.320000000000e+00	0.000000000000e+00	0.000000000000e+00	0.000000000000e+00	1.551266684385e-314	4.341296196586e-247	3.606977750857e-194	1.927775300206e-152	3.528508997312e-119	8.927786581946e-93	1.146624062211e-71
2.321250000000e+00	0.000000000000e+00	0.000000000000e+00	0.000000000000e+00	5.573682197535e-315	1.851322482404e-247	1.769272855856e-194	1.061380610525e-152	2.138800875459e-119	5.866382851528e-93	8.066163423737e-72
2.322500000000e+00	0.000000000000e+00	0.000000000000e+00	0.000000000000e+00	2.001170566935e-315	7.889832575094e-248	8.673611527407e-195	5.840709224065e-153	1.295839431112e-119	3.853164868458e-93	5.672178254078e-72
2.323750000000e+00	0.000000000000e+00	0.000000000000e+00	0.000000000000e+00	7.179796945213e-316	3.360288412720e-248	4.249706341348e-195	3.212474728120e-153	7.847543694148e-120	2.529795223693e-93	3.987214616689e-72
2.325000000000e+00	0.000000000000e+00	0.000000000000e+00	0.000000000000e+00	2.574106322863e-316	1.430238208890e-248	2.080998063444e-195	1.766011600483e-153	4.750266856476e-120	1.660250927641e-93	2.801729760327e-72
2.326250000000e+00	0.000000000000e+00	0.000000000000e+00	0.000000000000e+00	9.222039624065e-317	6.083636438569e-249	1.018446529277e-195	9.703470329132e-154	2.874113977361e-120	1.089137425550e-93	1.967975838777e-72
2.327500000000e+00	0.000000000000e+00	0.000000000000e+00	0.000000000000e+00	3.301518580356e-317	2.586075403317e-249	4.981482285288e-196	5.328933620007e-154	1.738167716986e-120	7.141874575150e-94	1.381815848748e-72
2.328750000000e+00	0.000000000000e+00	0.000000000000e+00	0.000000000000e+00	1.181099499110e-317	1.098606513419e-249	2.435189426058e-196	2.925049613143e-154	1.050705694507e-120	4.681255474487e-94	9.698787972222e-73
2.330000000000e+00	0.000000000000e+00	0.000000000000e+00	0.000000000000e+00	4.222285009359e-318	4.664082353887e-250	1.189763687274e-196	1.604744371346e-154	6.348515821547e-121	3.067136144127e-94	6.804898460873e-73
2.331250000000e+00	0.000000000000e+00	0.000000000000e+00	0.000000000000e+00	1.508333010189e-318	1.978851960698e-250	5.809549700138e-197	8.799503804929e-155	3.834114164338e-121	2.008742886230e-94	4.772684451547e-73
2.332500000000e+00	0.000000000000e+00	0.000000000000e+00	0.000000000000e+00	5.384129782120e-319	8.390415262216e-251	2.835163012320e-197	4.822699518965e-155	2.314512805820e-121	1.315031744064e-94	3.346113611043e-73
2.333750000000e+00	0.000000000000e+00	0.000000000000e+00	0.000000000000e+00	1.920729604772e-319	3.555303337309e-251	1.382825561095e-197	2.641812083090e-155	1.396547943095e-121	8.605353357756e-95	2.345068492725e-73
2.335000000000e+00	0.000000000000e+00	0.000000000000e+00	0.000000000000e+00	6.849726113943e-320	1.505542154598e-251	6.740786381621e-198	1.446416404406e-155	8.422748339416e-122	5.628877105860e-95	1.642885396849e-73
2.336250000000e+00	0.000000000000e+00	0.000000000000e+00	0.000000000000e+00	2.437719896581e-320	6.371361316996e-252	3.284033142194e-198	7.915246659782e-156	5.077541874614e-122	3.680403308581e-95	1.150524563616e-73
2.337500000000e+00	0.000000000000e+00	0.000000000000e+00	0.000000000000e+00	8.695555366806e-321	2.694601849206e-252	1.599036214392e-198	4.329275918727e-156	3.059531412265e-122	2.405412950936e-95	8.054181452406e-74
2.338750000000e+00	0.000000000000e+00	0.000000000000e+00	0.000000000000e+00	3.082969630049e-321	1.138885404622e-252	7.781491890422e-199	2.366713980602e-156	1.842714413883e-122	1.571464100964e-95	5.636166474314e-74
2.340000000000e+00	0.000000000000e+00	0.000000000000e+00	0.000000000000e+00	1.136350985435e-321	4.810481024132e-253	3.784610936947e-199	1.293171083540e-156	1.109335377518e-122	1.026218573343e-95	3.942603502410e-74
2.341250000000e+00	0.000000000000e+00	0.000000000000e+00	0.000000000000e+00	4.150151425066e-322	2.030579695057e-253	1.839642407075e-199	7.062295599875e-157	6.675278768929e-123	6.698782295442e-96	2.756889014500e-74
2.342500000000e+00	0.000000000000e+00	0.000000000000e+00	0.000000000000e+00	1.581010066692e-322	8.565932091983e-254	8.937156969393e-200	3.854921122225e-157	4.014927107266e-123	4.370915835413e-96	1.927047193486e-74
2.343750000000e+00	0.000000000000e+00	0.000000000000e+00	0.000000000000e+00	7.905050333460e-323	3.611206054600e-254	4.339294847178e-200	2.103123609783e-157	2.413724153667e-123	2.850818779648e-96	1.346487440675e-74
2.345000000000e+00	0.000000000000e+00	0.000000000000e+00	0.000000000000e+00	0.000000000000e+00	1.521433474579e-254	2.105681767921e-200	1.146816148158e-157	1.450438508531e-123	1.858606129209e-96	9.404791058457e-75
2.346250000000e+00	0.000000000000e+00	0.000000000000e+00	0.000000000000e+00	0.000000000000e+00	6.405849330892e-255	1.021221887386e-200	6.250323535701e-158	8.711896767132e-124	1.211227453455e-96	6.566483910330e-75
2.347500000000e+00	0.000000000000e+00	0.000000000000e+00	0.000000000000e+00	0.000000000000e+00	2.695401877676e-255	4.949955481726e-201	3.404794424693e-158	5.230314853834e-124	7.890138627726e-97	4.583038502546e-75
2.348750000000e+00	0.000000000000e+00	0.000000000000e+00	0.000000000000e+00	0.000000000000e+00	1.133426567494e-255	2.397928741405e-201	1.853783404631e-158	3.138662797347e-124	5.137645665808e-97	3.197503404318e-75
2.350000000000e+00	0.000000000000e+00	0.000000000000e+00	0.000000000000e+00	0.000000000000e+00	4.763062768093e-256	1.160980845456e-201	1.008803970389e-158	1.882622305428e-124	3.343984456648e-97	2.230002827156e-75
2.351250000000e+00	0.000000000000e+00	0.000000000000e+00	0.000000000000e+00	0.000000000000e+00	2.000332890519e-256	5.617817637615e-202	5.486991327193e-159	1.128712809782e-124	2.175629498821e-97	1.554664565669e-75
2.352500000000e+00	0.000000000000e+00	0.000000000000e+00	0.000000000000e+00	0.000000000000e+00	8.395398237768e-257	2.716839740943e-202	2.982919015539e-159	6.764028387529e-125	1.414901523330e-97	1.083440023751e-75
2.353750000000e+00	0.000000000000e+00	0.000000000000e+00	0.000000000000e+00	0.000000000000e+00	3.521302884627e-257	1.313149602854e-202	1.620795975565e-159	4.051623701566e-125	9.197887143864e-98	7.547618463563e-76
2.355000000000e+00	0.000000000000e+00	0.000000000000e+00	0.000000000000e+00	0.000000000000e+00	1.476007342379e-257	6.343342969847e-203	8.802275041411e-160	2.425797243655e-125	5.976824806122e-98	5.255958044508e-76
2.356250000000e+00	0.000000000000e+00	0.000000000000e+00	0.000000000000e+00	0.000000000000e+00	6.182963860078e-258	3.062499181545e-203	4.777945787087e-160	1.451715812095e-125	3.882161176638e-98	3.658733103477e-76
2.357500000000e+00	0.000000000000e+00	0.000000000000e+00	0.000000000000e+00	0.000000000000e+00	2.588379508035e-258	1.477704414036e-203	2.592192195996e-160	8.683812344928e-126	2.520560843608e-98	2.545929997477e-76
2.358750000000e+00	0.000000000000e+00	0.000000000000e+00	0.000000000000e+00	0.000000000000e+00	1.082884786931e-258	7.126117208053e-204	1.405636021031e-160	5.192075108386e-126	1.635842154188e-98	1.770920539182e-76
2.360000000000e+00	0.000000000000e+00	0.000000000000e+00	0.000000000000e+00	0.000000000000e+00	4.527511966501e-259	3.434568267804e-204	7.618303234519e-161	3.102938846735e-126	1.061221872188e-98	1.231370032408e-76
2.361250000000e+00	0.000000000000e+00	0.000000000000e+00	0.000000000000e+00	0.000000000000e+00	1.891733766897e-259	1.654417618368e-204	4.126894153662e-161	1.853562269225e-126	6.881634085026e-99	8.558841297778e-77
2.362500000000e+00	0.000000000000e+00	0.000000000000e+00	0.000000000000e+00	0.000000000000e+00	7.899206727849e-260	7.964746191455e-205	2.234436944722e-161	1.106732995988e-126	4.460643827018e-99	5.946730476489e-77
2.363750000000e+00	0.000000000000e+00	0.000000000000e+00	0.000000000000e+00	0.000000000000e+00	3.296324803314e-260	3.832238563019e-205	1.209184508982e-161	6.605112964439e-127	2.890174765842e-99	4.130269836620e-77
2.365000000000e+00	0.000000000000e+00	0.000000000000e+00	0.000000000000e+00	0.000000000000e+00	1.374673534547e-260	1.842837045137e-205	6.540286060817e-162	3.940209871734e-127	1.871850886951e-99	2.867579614302e-77
2.366250000000e+00	0.000000000000e+00	0.000000000000e+00	0.000000000000e+00	0.000000000000e+00	5.729176471175e-261	8.856765222756e-206	3.535742357794e-162	2.349417361156e-127	1.211822414425e-99	1.990166590435e-77
2.367500000000e+00	0.000000000000e+00	0.000000000000e+00	0.000000000000e+00	0.000000000000e+00	2.386205720175e-261	4.254192447533e-206	1.910487395303e-162	1.400240730488e-127	7.842008336681e-100	1.380702994343e-77
2.368750000000e+00	0.000000000000e+00	0.000000000000e+00	0.000000000000e+00	0.000000000000e+00	9.932226616265e-262	2.042268944601e-206	1.031780795522e-162	8.341553753581e-128	5.072665265462e-100	9.575203009584e-78
2.370000000000e+00	0.000000000000e+00	0.000000000000e+00	0.000000000000e+00	0.000000000000e+00	4.131506232375e-262	9.798566306207e-207	5.569425533464e-163	4.966985737469e-128	3.279938475930e-100	6.637928996618e-78
2.371250000000e+00	0.000000000000e+00	0.000000000000e+00	0.000000000000e+00	0.000000000000e+00	1.717486211978e-262	4.698572576342e-207	3.004782636782e-163	2.956246111623e-128	2.119901961452e-100	4.599960507806e-78
2.372500000000e+00	0.000000000000e+00	0.000000000000e+00	0.000000000000e+00	0.000000000000e+00	7.135118018283e-263	2.251765415663e-207	1.620299949673e-163	1.758692755062e-128	1.369576964698e-100	3.186489502080e-78
2.373750000000e+00	0.000000000000e+00	0.000000000000e+00	0.000000000000e+00	0.000000000000e+00	2.962321000741e-263	1.078534771164e-207	8.732879629257e-164	1.045781791570e-128	8.844589805003e-101	2.206519497204e-78
2.375000000000e+00	0.000000000000e+00	0.000000000000e+00	0.000000000000e+00	0.000000000000e+00	1.229096915053e-263	5.162962357683e-208	4.704345690689e-164	6.215755044213e-129	5.709387711977e-101	1.527354803013e-78
2.376250000000e+00	0.000000000000e+00	0.000000000000e+00	0.000000000000e+00	0.000000000000e+00	5.096396333228e-264	2.470117245008e-208	2.532915369285e-164	3.692737357736e-129	3.684019861543e-101	1.056839383344e-78
2.377500000000e+00	0.000000000000e+00	0.000000000000e+00	0.000000000000e+00	0.000000000000e+00	2.111851202385e-264	1.181108997783e-208	1.363081516802e-164	2.192828477705e-129	2.376156148426e-101	7.309958836565e-79
2.378750000000e+00	0.000000000000e+00	0.000000000000e+00	0.000000000000e+00	0.000000000000e+00	8.745537184610e-265	5.644379289210e-209	7.331666074892e-165	1.301555282196e-129	1.531964062564e-101	5.054262131410e-79
2.380000000000e+00	0.000000000000e+00	0.000000000000e+00	0.000000000000e+00	0.000000000000e+00	3.619367820815e-265	2.695852971314e-209	3.941515350117e-165	7.721866502901e-130	9.872855149102e-102	3.493312849358e-79
2.381250000000e+00	0.000000000000e+00	0.000000000000e+00	0.000000000000e+00	0.000000000000e+00	1.496931770128e-265	1.286856192775e-209	2.117890323004e-165	4.579137379650e-130	6.360006212385e-102	2.413537710484e-79
2.382500000000e+00	0.000000000000e+00	0.000000000000e+00	0.000000000000e+00	0.000000000000e+00	6.187202715951e-266	6.139282704477e-210	1.137426671434e-165	2.714230777111e-130	4.095367706502e-102	1.666892470272e-79
2.383750000000e+00	0.000000000000e+00	0.000000000000e+00	0.000000000000e+00	0.000000000000e+00	2.555699216026e-266	2.927244841339e-210	6.105525474098e-166	1.608094557571e-130	2.636020903334e-102	1.150795007392e-79
2.385000000000e+00	0.000000000000e+00	0.000000000000e+00	0.000000000000e+00	0.000000000000e+00	1.054989625356e-266	1.394935951796e-210	3.275686911611e-166	9.523094791390e-131	1.695998193013e-102	7.941915130276e-80
2.386250000000e+00	0.000000000000e+00	0.000000000000e+00	0.000000000000e+00	0.000000000000e+00	4.352208498942e-267	6.643597102916e-211	1.756553659872e-166	5.636978081464e-131	1.090743183265e-102	5.478849903081e-80
2.387500000000e+00	0.000000000000e+00	0.000000000000e+00	0.000000000000e+00	0.000000000000e+00	1.794296670652e-267	3.162322134434e-211	9.414562767301e-167	3.335157122472e-131	7.011972702002e-103	3.778247922515e-80
2.388750000000e+00	0.000000000000e+00	0.000000000000e+00	0.000000000000e+00	0.000000000000e+00	7.392679266528e-268	1.504397939849e-211	5.043343946139e-167	1.972368078523e-131	4.505868497529e-103	2.604524157894e-80
2.390000000000e+00	0.000000000000e+00	0.000000000000e+00	0.000000000000e+00	0.000000000000e+00	3.043915083394e-268	7.152751769745e-212	2.700329227981e-167	1.165900115362e-131	2.894259022685e-103	1.794746917931e-80
2.391250000000e+00	0.000000000000e+00	0.000000000000e+00	0.000000000000e+00	0.000000000000e+00	1.252524574543e-268	3.398892103194e-212	1.445088833662e-167	6.888686792281e-132	1.858304445416e-103	1.236274555207e-80
2.392500000000e+00	0.000000000000e+00	0.000000000000e+00	0.000000000000e+00	0.000000000000e+00	5.150661783634e-269	1.614192794452e-212	7.729511920200e-168	4.068302586223e-132	1.192660738082e-103	8.512625617751e-81
2.393750000000e+00	0.000000000000e+00	0.000000000000e+00	0.000000000000e+00	0.000000000000e+00	2.116717329166e-269	7.661736852111e-213	4.132275757045e-168	2.401550747103e-132	7.651341153838e-104	5.859344390944e-81
2.395000000000e+00	0.000000000000e+00	0.000000000000e+00	0.000000000000e+00	0.000000000000e+00	8.693321722997e-270	3.634568517816e-213	2.208036343730e-168	1.417007024764e-132	4.906579016447e-104	4.031544006261e-81
2.396250000000e+00	0.000000000000e+00	0.000000000000e+00	0.000000000000e+00	0.000000000000e+00	3.568056264079e-270	1.723186527493e-213	1.179241725737e-168	8.357068310899e-133	3.145144582793e-104	2.772877429732e-81
2.397500000000e+00	0.000000000000e+00	0.000000000000e+00	0.000000000000e+00	0.000000000000e+00	1.463526836917e-270	8.165175463539e-214	6.294759701751e-169	4.926490103797e-133	2.015222574021e-104	1.906456187749e-81
2.398750000000e+00	0.000000000000e+00	0.000000000000e+00	0.000000000000e+00	0.000000000000e+00	5.999191728470e-271	3.866807519805e-214	3.358421272426e-169	2.902839279640e-133	1.290702082709e-104	1.310267213854e-81
2.400000000000e+00	0.000000000000e+00	0.000000000000e+00	0.000000000000e+00	0.000000000000e+00	2.457581039678e-271	1.830178244179e-214	1.790898143940e-169	1.709661300408e-133	8.263225206909e-105	9.001809277101e-82
2.401250000000e+00	0.000000000000e+00	0.000000000000e+00	0.000000000000e+00	0.000000000000e+00	1.006111257672e-271	8.657410763802e-215	9.545227827052e-170	1.006465482556e-133	5.288028103147e-105	6.182108583420e-82
2.402500000000e+00	0.000000000000e+00	0.000000000000e+00	0.000000000000e+00	0.000000000000e+00	4.116301941751e-272	4.092950198647e-215	5.084888204095e-170	5.922286355444e-134	3.382661237267e-105	4.244048504718e-82
2.403750000000e+00	0.000000000000e+00	0.000000000000e+00	0.000000000000e+00	0.000000000000e+00	1.683028592336e-272	1.933920861705e-215	2.707423644489e-170	3.483225844084e-134	2.162936880467e-105	2.912466489276e-82
2.405000000000e+00	0.000000000000e+00	0.000000000000e+00	0.000000000000e+00	0.000000000000e+00	6.876996748825e-273	9.132606333035e-216	1.440823302675e-170	2.047743608589e-134	1.382451079491e-105	1.997921515470e-82
2.406250000000e+00	0.000000000000e+00	0.000000000000e+00	0.000000000000e+00	0.000000000000e+00	2.808207524456e-273	4.310271015861e-216	7.663813511436e-171	1.203292577952e-134	8.832350292897e-106	1.370038586030e-82
2.407500000000e+00	0.000000000000e+00	0.000000000000e+00	0.000000000000e+00	0.000000000000e+00	1.145994763257e-273	2.033144377895e-216	4.074354663779e-171	7.067545457939e-135	5.640575086139e-106	9.391264282700e-83
2.408750000000e+00	0.000000000000e+00	0.000000000000e+00	0.000000000000e+00	0.000000000000e+00	4.673681599686e-274	9.584857556468e-217	2.164972734338e-171	4.149231791968e-135	3.600734266053e-106	6.435054274580e-83
2.410000000000e+00	0.000000000000e+00	0.000000000000e+00	0.000000000000e+00	0.000000000000e+00	1.904840718386e-274	4.516030928398e-217	1.149809068978e-171	2.434829174767e-135	2.297626043939e-106	4.407753047783e-83
2.411250000000e+00	0.000000000000e+00	0.000000000000e+00	0.000000000000e+00	0.000000000000e+00	7.758562530580e-275	2.126581117627e-217	6.103496872211e-172	1.428140748221e-135	1.465508042190e-106	3.017999635577e-83
2.412500000000e+00	0.000000000000e+00	0.000000000000e+00	0.000000000000e+00	0.000000000000e+00	3.158107565573e-275	1.000831118990e-217	3.238257805097e-172	8.372887160421e-136	9.343673485180e-107	2.065656005479e-83
2.413750000000e+00	0.000000000000e+00	0.000000000000e+00	0.000000000000e+00	0.000000000000e+00	1.284681961501e-275	4.707533821470e-218	1.717211600339e-172	4.906605933429e-136	5.954806970862e-107	1.413297872909e-83
2.415000000000e+00	0.000000000000e+00	0.000000000000e+00	0.000000000000e+00	0.000000000000e+00	5.222607510639e-276	2.212992278730e-218	9.101561422704e-173	2.874013704871e-136	3.793484461608e-107	9.665989055135e-84
2.416250000000e+00	0.000000000000e+00	0.000000000000e+00	0.000000000000e+00	0.000000000000e+00	2.121789063350e-276	1.039728981502e-218	4.821561304432e-173	1.682667100851e-136	2.415625012395e-107	6.608391762216e-84
2.417500000000e+00	0.000000000000e+00	0.000000000000e+00	0.000000000000e+00	0.000000000000e+00	8.614698427854e-277	4.882184662966e-219	2.552931604485e-173	9.847121264107e-137	1.537592716403e-107	4.516293437659e-84
2.418750000000e+00	0.000000000000e+00	0.000000000000e+00	0.000000000000e+00	0.000000000000e+00	3.495433191793e-277	2.291195015189e-219	1.351046711098e-173	5.759994682136e-137	9.783036981474e-108	3.085356914330e-84
2.420000000000e+00	0.000000000000e+00	0.000000000000e+00	0.000000000000e+00	0.000000000000e+00	1.417375715879e-277	1.074641754432e-219	7.146300058901e-174	3.367724780197e-137	6.221952113822e-108	2.107004958888e-84
2.421250000000e+00	0.000000000000e+00	0.000000000000e+00	0.000000000000e+00	0.000000000000e+00	5.743703650723e-278	5.037547649156e-220	3.778085902511e-174	1.968125627016e-137	3.955489357124e-108	1.438343428043e-84
2.422500000000e+00	0.000000000000e+00	0.000000000000e+00	0.000000000000e+00	0.000000000000e+00	2.326066439983e-278	2.360089239026e-220	1.996374928652e-174	1.149663527752e-137	2.513589556170e-108	9.815140423103e-85
2.423750000000e+00	0.000000000000e+00	0.000000000000e+00	0.000000000000e+00	0.000000000000e+00	9.414023138590e-279	1.105074312010e-220	1.054367678223e-174	6.712594383321e-138	1.596647675543e-108	6.695258194456e-85
2.425000000000e+00	0.000000000000e+00	0.000000000000e+00	0.000000000000e+00	0.000000000000e+00	3.807601262502e-279	5.171402533959e-221	5.565725190142e-175	3.917524942491e-138	1.013781612247e-108	4.565360011363e-85
2.426250000000e+00	0.000000000000e+00	0.000000000000e+00	0.000000000000e+00	0.000000000000e+00	1.539042871263e-279	2.418683297061e-221	2.936507619526e-175	2.285255953656e-138	6.434285294448e-109	3.111856914392e-85
2.427500000000e+00	0.000000000000e+00	0.000000000000e+00	0.000000000000e+00	0.000000000000e+00	6.216887776612e-280	1.130585648673e-221	1.548532066824e-175	1.332476755284e-138	4.082035751730e-109	2.120318472907e-85
2.428750000000e+00	0.000000000000e+00	0.000000000000e+00	0.000000000000e+00	0.000000000000e+00	2.509680248718e-280	5.281797328156e-222	8.161856825979e-176	7.765799040618e-139	2.588653255895e-109	1.444173803783e-85
2.430000000000e+00	0.000000000000e+00	0.000000000000e+00	0.000000000000e+00	0.000000000000e+00	1.012480837664e-280	2.466117687526e-222	4.299692915033e-176	4.523914287416e-139	1.640935633666e-109	9.832743659494e-86
2.431250000000e+00	0.000000000000e+00	0.000000000000e+00	0.000000000000e+00	0.000000000000e+00	4.082049688879e-281	1.150799500955e-222	2.263943605429e-176	2.634173047143e-139	1.039752078876e-109	6.692168383743e-86
2.432500000000e+00	0.000000000000e+00	0.000000000000e+00	0.000000000000e+00	0.000000000000e+00	1.644723190664e-281	5.367095623634e-223	1.191443542011e-176	1.533119294320e-139	6.585498203712e-110	4.552981554543e-86
2.433750000000e+00	0.000000000000e+00	0.000000000000e+00	0.000000000000e+00	0.000000000000e+00	6.622628594411e-282	2.501686024928e-223	6.267019251693e-177	8.918859255270e-140	4.169347186126e-110	3.096433876798e-86
2.435000000000e+00	0.000000000000e+00	0.000000000000e+00	0.000000000000e+00	0.000000000000e+00	2.664962109330e-282	1.165413576893e-223	3.294794164033e-177	5.186141781807e-140	2.638566674386e-110	2.105060674115e-86
2.436250000000e+00	0.000000000000e+00	0.000000000000e+00	0.000000000000e+00	0.000000000000e+00	1.071703704562e-282	5.426016940477e-224	1.731311625819e-177	3.014263220360e-140	1.669124269471e-110	1.430554191458e-86
2.437500000000e+00	0.000000000000e+00	0.000000000000e+00	0.000000000000e+00	0.000000000000e+00	4.307065536475e-283	2.524852538905e-224	9.092889232788e-178	1.751135195664e-140	1.055431028659e-110	9.718089594849e-87
2.438750000000e+00	0.000000000000e+00	0.000000000000e+00	0.000000000000e+00	0.000000000000e+00	1.729861300164e-283	1.174207076665e-224	4.773184855456e-178	1.016857024672e-140	6.671010599905e-111	6.599246816291e-87
2.440000000000e+00	0.000000000000e+00	0.000000000000e+00	0.000000000000e+00	0.000000000000e+00	6.943271385829e-284	5.457668706999e-225	2.504345853886e-178	5.902035578843e-141	4.214771070861e-111	4.479656698749e-87
2.441250000000e+00	0.000000000000e+00	0.000000000000e+00	0.000000000000e+00	0.000000000000e+00	2.785095251437e-284	2.535265501370e-225	1.313288238418e-178	3.424092331091e-141	2.661809294476e-111	3.039708812070e-87
2.442500000000e+00	0.000000000000e+00	0.000000000000e+00	0.000000000000e+00	0.000000000000e+00	1.116449336332e-284	1.177046243021e-225	6.883439541351e-179	1.985595703832e-141	1.680352787665e-111	2.061845506152e-87
2.443750000000e+00	0.000000000000e+00	0.000000000000e+00	0.000000000000e+00	0.000000000000e+00	4.472610115503e-285	5.461568756509e-226	3.606040896216e-179	1.150900810088e-141	1.060338648377e-111	1.398032111734e-87
2.445000000000e+00	0.000000000000e+00	0.000000000000e+00	0.000000000000e+00	0.000000000000e+00	1.790631079798e-285	2.532766111629e-226	1.888145645277e-179	6.667863194470e-142	6.688200727962e-112	9.475782020580e-88
2.446250000000e+00	0.000000000000e+00	0.000000000000e+00	0.000000000000e+00	0.000000000000e+00	7.164308020111e-286	1.173887746476e-226	9.881435333170e-180	3.861332314326e-142	4.216912534509e-112	6.420219330407e-88
2.447500000000e+00	0.000000000000e+00	0.000000000000e+00	0.000000000000e+00	0.000000000000e+00	2.864609550569e-286	5.437657548377e-227	5.168735070147e-180	2.235061059163e-142	2.657666452846e-112	4.348320594643e-88
2.448750000000e+00	0.000000000000e+00	0.000000000000e+00	0.000000000000e+00	0.000000000000e+00	1.144668353963e-286	2.517392525802e-227	2.702266703803e-180	1.293133367703e-142	1.674275578912e-112	2.943948011563e-88
2.450000000000e+00	0.000000000000e+00	0.000000000000e+00	0.000000000000e+00	0.000000000000e+00	4.571060524877e-287	1.164779785559e-227	1.412055756860e-180	7.478232412874e-143	1.054323769632e-112	1.992395740697e-88
2.451250000000e+00	0.000000000000e+00	0.000000000000e+00	0.000000000000e+00	0.000000000000e+00	1.824220458507e-287	5.386299680433e-228	7.374883758491e-181	4.322712102896e-143	6.636538830437e-113	1.347900893835e-88
2.452500000000e+00	0.000000000000e+00	0.000000000000e+00	0.000000000000e+00	0.000000000000e+00	7.275464517036e-288	2.489378887641e-228	3.849800381193e-181	2.497556832765e-143	4.175705568941e-113	9.115430965751e-89
2.453750000000e+00	0.000000000000e+00	0.000000000000e+00	0.000000000000e+00	0.000000000000e+00	2.899794265465e-288	1.149860863042e-228	2.008634607051e-181	1.442368272660e-143	2.626265838891e-113	6.162165239014e-89
2.455000000000e+00	0.000000000000e+00	0.000000000000e+00	0.000000000000e+00	0.000000000000e+00	1.155039140035e-288	5.308274639028e-229	1.047474281871e-181	8.326043120539e-144	1.651079888708e-113	4.164149965633e-89
2.456250000000e+00	0.000000000000e+00	0.000000000000e+00	0.000000000000e+00	0.000000000000e+00	4.597791470898e-289	2.449149395147e-229	5.459658701415e-182	4.803998515236e-144	1.037571602960e-113	2.812912816042e-89
2.457500000000e+00	0.000000000000e+00	0.000000000000e+00	0.000000000000e+00	0.000000000000e+00	1.829047121229e-289	1.129356281593e-229	2.844247064046e-182	2.770567828829e-144	6.517614264028e-114	1.899429025847e-89
2.458750000000e+00	0.000000000000e+00	0.000000000000e+00	0.000000000000e+00	0.000000000000e+00	7.271492707176e-290	5.204757114756e-230	1.480978795459e-182	1.597115862951e-144	4.092416408745e-114	1.282114338869e-89
2.460000000000e+00	0.000000000000e+00	0.000000000000e+00	0.000000000000e+00	0.000000000000e+00	2.888985128723e-290	2.397307613143e-230	7.707438362828e-183	9.202498878769e-145	2.568570957837e-114	8.651020329197e-90
2.461250000000e+00	0.000000000000e+00	0.000000000000e+00	0.000000000000e+00	0.000000000000e+00	1.147070456589e-290	1.103572482764e-230	4.009137748703e-183	5.300011805039e-145	1.611476234903e-114	5.835052881151e-90
2.462500000000e+00	0.000000000000e+00	0.000000000000e+00	0.000000000000e+00	0.000000000000e+00	4.551535530458e-291	5.077287578535e-231	2.084354548258e-183	3.051052034358e-145	1.010594265332e-114	3.934224588317e-90
2.463750000000e+00	0.000000000000e+00	0.000000000000e+00	0.000000000000e+00	0.000000000000e+00	1.804882087872e-291	2.334621408103e-231	1.083108360991e-183	1.755594071634e-145	6.335054285109e-115	2.651614521653e-90
2.465000000000e+00	0.000000000000e+00	0.000000000000e+00	0.000000000000e+00	0.000000000000e+00	7.152581041966e-292	1.072889428116e-231	5.625380720756e-184	1.009718493379e-145	3.969578903422e-115	1.786481476963e-90
2.466250000000e+00	0.000000000000e+00	0.000000000000e+00	0.000000000000e+00	0.000000000000e+00	2.832694858894e-292	4.927734148102e-232	2.920193504167e-184	5.804679282804e-146	2.486332025040e-115	1.203160414939e-90
2.467500000000e+00	0.000000000000e+00	0.000000000000e+00	0.000000000000e+00	0.000000000000e+00	1.121140022150e-292	2.262004030771e-232	1.515133981613e-184	3.335476320233e-146	1.556662258062e-115	8.100007861414e-91
2.468750000000e+00	0.000000000000e+00	0.000000000000e+00	0.000000000000e+00	0.000000000000e+00	4.434482779523e-293	1.037751287178e-232	7.857242279540e-185	1.915751648757e-146	9.742047769708e-116	5.451101068608e-91
2.470000000000e+00	0.000000000000e+00	0.000000000000e+00	0.000000000000e+00	0.000000000000e+00	1.752867722830e-293	4.758247063927e-233	4.072573669932e-185	1.099821658700e-146	6.094340294392e-116	3.667076049641e-91
2.471250000000e+00	0.000000000000e+00	0.000000000000e+00	0.000000000000e+00	0.000000000000e+00	6.924339769749e-294	2.180491997689e-233	2.109829941937e-185	6.311128773057e-147	3.810866484564e-116	2.465996678943e-91
2.472500000000e+00	0.000000000000e+00	0.000000000000e+00	0.000000000000e+00	0.000000000000e+00	2.733572840454e-294	9.986557510540e-234	1.092460269835e-185	3.619874626595e-147	2.381997783281e-116	1.657684766413e-91
2.473750000000e+00	0.000000000000e+00	0.000000000000e+00	0.000000000000e+00	0.000000000000e+00	1.078464828899e-294	4.571207324013e-234	5.653840467774e-186	2.075304034287e-147	1.488262570780e-116	1.113905360508e-91
2.475000000000e+00	0.000000000000e+00	0.000000000000e+00	0.000000000000e+00	0.000000000000e+00	4.252108880400e-295	2.091220519697e-234	2.924564112047e-186	1.189245851896e-147	9.294763696370e-117	7.482238195760e-92
2.476250000000e+00	0.000000000000e+00	0.000000000000e+00	0.000000000000e+00	0.000000000000e+00	1.675428202392e-295	9.561423305929e-235	1.512023150830e-186	6.811821734851e-148	5.802534528634e-117	5.024023405532e-92
2.477500000000e+00	0.000000000000e+00	0.000000000000e+00	0.000000000000e+00	0.000000000000e+00	6.597362101794e-296	4.369171189859e-235	7.813316792108e-187	3.899928244282e-148	3.620909753974e-117	3.372163836002e-92
2.478750000000e+00	0.000000000000e+00	0.000000000000e+00	0.000000000000e+00	0.000000000000e+00	2.596198387390e-296	1.995397289892e-235	4.035451421518e-187	2.231781496700e-148	2.258594441685e-117	2.262572829723e-92
2.480000000000e+00	0.000000000000e+00	0.000000000000e+00	0.000000000000e+00	0.000000000000e+00	1.021006448515e-296	9.107800226926e-236	2.083188225389e-187	1.276581194662e-148	1.408248820593e-117	1.517516273033e-92
2.481250000000e+00	0.000000000000e+00	0.000000000000e+00	0.000000000000e+00	0.000000000000e+00	4.012750420961e-297	4.154812365570e-236	1.074841926592e-187	7.298723748568e-149	8.776899475274e-118	1.017421790036e-92
2.482500000000e+00	0.000000000000e+00	0.000000000000e+00	0.000000000000e+00	0.000000000000e+00	1.576082212496e-297	1.894275473569e-236	5.542942625636e-188	4.171066593478e-149	5.467936208796e-118	6.818763075863e-93
2.483750000000e+00	0.000000000000e+00	0.000000000000e+00	0.000000000000e+00	0.000000000000e+00	6.186409172339e-298	8.631547368690e-237	2.857037007564e-188	2.382588464850e-149	3.405072327048e-118	4.568220466924e-93
2.485000000000e+00	0.000000000000e+00	0.000000000000e+00	0.000000000000e+00	0.000000000000e+00	2.426730056923e-298	3.930863666855e-237	1.471875398982e-188	1.360356260959e-149	2.119580083399e-118	3.059323467386e-93
2.486250000000e+00	0.000000000000e+00	0.000000000000e+00	0.000000000000e+00	0.000000000000e+00	9.513215879812e-299	1.789126738133e-237	7.578895609620e-189	7.763507885300e-150	1.318845451233e-118	2.048050350222e-93
2.487500000000e+00	0.000000000000e+00	0.000000000000e+00	0.000000000000e+00	0.000000000000e+00	3.726973371153e-299	8.138568668615e-238	3.900501973051e-189	4.428585674559e-150	8.202732867912e-119	1.370543262306e-93
2.488750000000e+00	0.000000000000e+00	0.000000000000e+00	0.000000000000e+00	0.000000000000e+00	1.459178030122e-299	3.700059938798e-238	2.006387330038e-189	2.525072296070e-150	5.099690481850e-119	9.168150987401e-94
2.490000000000e+00	0.000000000000e+00	0.000000000000e+00	0.000000000000e+00	0.000000000000e+00	5.709306116693e-300	1.681215123301e-238	1.031546356532e-189	1.439077877497e-150	3.169200053221e-119	6.130665957612e-94
2.491250000000e+00	0.000000000000e+00	0.000000000000e+00	0.000000000000e+00	0.000000000000e+00	2.232448408016e-300	7.634693697585e-239	5.300812226698e-190	8.197784368840e-151	1.968684300504e-119	4.097985695014e-94
2.492500000000e+00	0.000000000000e+00	0.000000000000e+00	0.000000000000e+00	0.000000000000e+00	8.723737472957e-301	3.465083856214e-239	2.722549528226e-190	4.667780206182e-151	1.222427435248e-119	2.738231178499e-94
2.493750000000e+00	0.000000000000e+00	0.000000000000e+00	0.000000000000e+00	0.000000000000e+00	3.406801258663e-301	1.571772484323e-239	1.397619192947e-190	2.656599087892e-151	7.587359911226e-120	1.828970382160e-94
2.495000000000e+00	0.000000000000e+00	0.000000000000e+00	0.000000000000e+00	0.000000000000e+00	1.329578749110e-301	7.125566795308e-240	7.171031346618e-191	1.511274498694e-151	4.707375793610e-120	1.221181236060e-94
2.496250000000e+00	0.000000000000e+00	0.000000000000e+00	0.000000000000e+00	0.000000000000e+00	5.185664146059e-302	3.228516056851e-240	3.677511875945e-191	8.593348063996e-152	2.919359917234e-120	8.150616527826e-95
2.497500000000e+00	0.000000000000e+00	0.000000000000e+00	0.000000000000e+00	0.000000000000e+00	2.021239428331e-302	1.461976147847e-240	1.884977822288e-191	4.884084455677e-152	1.809743389279e-120	5.437981020133e-95
2.498750000000e+00	0.000000000000e+00	0.000000000000e+00	0.000000000000e+00	0.000000000000e+00	7.873252716803e-303	6.616547352476e-241	9.656908221085e-192	2.774633601054e-152	1.121416505197e-120	3.626784929922e-95
2.500000000000e+00	0.000000000000e+00	0.000000000000e+00	0.000000000000e+00	0.000000000000e+00	3.064881422588e-303	2.992790826905e-241	4.944810593190e-192	1.575541442574e-152	6.946043130669e-121	2.417924889877e-95
2.501250000000e+00	0.000000000000e+00	0.000000000000e+00	0.000000000000e+00	0.000000000000e+00	1.192329300428e-303	1.352929306841e-241	2.530701462492e-192	8.942433821959e-153	4.300595483258e-121	1.611390124181e-95
2.502500000000e+00	0.000000000000e+00	0.000000000000e+00	0.000000000000e+00	0.000000000000e+00	4.635555776104e-304	6.112623492306e-242	1.294529254148e-192	5.073215985766e-153	2.661584753981e-121	1.073483757768e-95
2.503750000000e+00	0.000000000000e+00	0.000000000000e+00	0.000000000000e+00	0.000000000000e+00	1.801069452023e-304	2.760158293014e-242	6.618544913949e-193	2.876819960643e-153	1.646541164362e-121	7.148701223155e-96
2.505000000000e+00	0.000000000000e+00	0.000000000000e+00	0.000000000000e+00	0.000000000000e+00	6.993300081898e-305	1.245644553983e-242	3.382150036611e-193	1.630586071596e-153	1.018182134175e-121	4.758780827441e-96
2.506250000000e+00	0.000000000000e+00	0.000000000000e+00	0.000000000000e+00	0.000000000000e+00	2.713669308904e-305	5.618340799588e-243	1.727439781423e-193	9.237968710014e-154	6.293597124627e-122	3.166657901573e-96
2.507500000000e+00	0.000000000000e+00	0.000000000000e+00	0.000000000000e+00	0.000000000000e+00	1.052336747854e-305	2.532653788966e-243	8.818458228427e-194	5.231316056848e-154	3.888597495379e-122	2.106412785217e-96
2.508750000000e+00	0.000000000000e+00	0.000000000000e+00	0.000000000000e+00	0.000000000000e+00	4.078266524118e-306	1.141030818434e-243	4.499477716966e-194	2.961059576110e-154	2.401638474487e-122	1.400627677703e-96
2.510000000000e+00	0.000000000000e+00	0.000000000000e+00	0.000000000000e+00	0.000000000000e+00	1.579499626107e-306	5.137747116491e-244	2.294622494484e-194	1.675270902219e-154	1.482664398924e-122	9.309767058873e-97
2.511250000000e+00	0.000000000000e+00	0.000000000000e+00	0.000000000000e+00	0.000000000000e+00	6.113451977763e-307	2.312074772755e-244	1.169607342708e-194	9.473809745755e-155	9.149527645705e-123	6.185742159800e-97
2.512500000000e+00	0.000000000000e+00	0.000000000000e+00	0.000000000000e+00	0.000000000000e+00	2.364702646910e-307	1.039883835484e-244	5.958660248745e-195	5.355080285023e-155	5.643844958182e-123	4.108484950862e-97
2.513750000000e+00	0.000000000000e+00	0.000000000000e+00	0.000000000000e+00	0.000000000000e+00	9.140914034092e-308	4.674353800319e-245	3.034148684080e-195	3.025582694150e-155	3.479942457336e-123	2.727774568464e-97
2.515000000000e+00	0.000000000000e+00	0.000000000000e+00	0.000000000000e+00	0.000000000000e+00	3.531228057262e-308	2.099965383674e-245	1.544204424335e-195	1.708652641357e-155	2.144814008945e-123	1.810389991345e-97
2.516250000000e+00	0.000000000000e+00	0.000000000000e+00	0.000000000000e+00	0.000000000000e+00	1.363279685078e-308	9.428801480983e-246	7.855112764204e-196	9.644956003258e-156	1.321380213644e-123	1.201082093484e-97
2.517500000000e+00	0.000000000000e+00	0.000000000000e+00	0.000000000000e+00	0.000000000000e+00	5.259775580678e-309	4.231113246592e-246	3.993739682068e-196	5.441873389220e-156	8.137416554487e-124	7.965446645234e-98
2.518750000000e+00	0.000000000000e+00	0.000000000000e+00	0.000000000000e+00	0.000000000000e+00	2.028021339884e-309	1.897608461750e-246	2.029489370716e-196	3.069010182542e-156	5.009171301244e-124	5.280614476816e-98
2.520000000000e+00	0.000000000000e+00	0.000000000000e+00	0.000000000000e+00	0.000000000000e+00	7.814494347707e-310	8.505745193284e-247	1.030797856297e-196	1.730015281021e-156	3.082235415657e-124	3.499416856187e-98
2.521250000000e+00	0.000000000000e+00	0.000000000000e+00	0.000000000000e+00	0.000000000000e+00	3.009208618222e-310	3.810411944158e-247	5.232869814936e-197	9.747724872642e-157	1.895772921847e-124	2.318162014743e-98
2.522500000000e+00	0.000000000000e+00	0.000000000000e+00	0.000000000000e+00	0.000000000000e+00	1.158048550333e-310	1.706024613457e-247	2.655131603343e-197	5.489822466446e-157	1.165540616037e-124	1.535072103427e-98
2.523750000000e+00	0.000000000000e+00	0.000000000000e+00	0.000000000000e+00	0.000000000000e+00	4.453734175645e-311	7.634005292075e-248	1.346517095945e-197	3.090402534208e-157	7.162903420021e-125	1.016133248489e-98
2.525000000000e+00	0.000000000000e+00	0.000000000000e+00	0.000000000000e+00	0.000000000000e+00	1.711767876653e-311	3.414077866566e-248	6.825231547924e-198	1.738895630222e-157	4.400189351243e-125	6.723717110421e-99
2.526250000000e+00	0.000000000000e+00	0.000000000000e+00	0.000000000000e+00	0.000000000000e+00	6.574890230829e-312	1.525977705947e-248	3.457821778643e-198	9.779883799389e-158	2.701930805236e-125	4.447388740478e-99
2.527500000000e+00	0.000000000000e+00	0.000000000000e+00	0.000000000000e+00	0.000000000000e+00	2.523801509870e-312	6.816740424696e-249	1.750924901049e-198	5.497884185260e-158	1.658431991806e-125	2.940611422812e-99
2.528750000000e+00	0.000000000000e+00	0.000000000000e+00	0.000000000000e+00	0.000000000000e+00	9.681551051039e-313	3.043400629421e-249	8.861599761495e-199	3.089293659990e-158	1.017517056218e-125	1.943600830599e-99
2.530000000000e+00	0.000000000000e+00	0.000000000000e+00	0.000000000000e+00	0.000000000000e+00	3.711570708155e-313	1.357986012763e-249	4.482666617147e-199	1.735100012714e-158	6.240312170862e-126	1.284143034615e-99
2.531250000000e+00	0.000000000000e+00	0.000000000000e+00	0.000000000000e+00	0.000000000000e+00	1.421980339927e-313	6.055991664059e-250	2.266420286460e-199	9.740730921865e-159	3.825529193995e-126	8.481186497556e-100
2.532500000000e+00	0.000000000000e+00	0.000000000000e+00	0.000000000000e+00	0.000000000000e+00	5.444431023833e-314	2.699162564743e-250	1.145312906548e-199	5.465882530803e-159	2.344214307761e-126	5.599338390668e-100
2.533750000000e+00	0.000000000000e+00	0.000000000000e+00	0.000000000000e+00	0.000000000000e+00	2.083216769627e-314	1.202338119896e-250	5.784789481152e-200	3.065707772627e-159	1.435898331826e-126	3.695334052353e-100
2.535000000000e+00	0.000000000000e+00	0.000000000000e+00	0.000000000000e+00	0.000000000000e+00	7.965984961402e-315	5.352762723241e-251	2.920321466592e-200	1.718711289916e-159	8.791655389849e-127	2.437853378508e-100
2.536250000000e+00	0.000000000000e+00	0.000000000000e+00	0.000000000000e+00	0.000000000000e+00	3.044160511714e-315	2.381678683489e-251	1.473511266874e-200	9.631120539372e-160	5.380692941826e-127	1.607675333053e-100
2.537500000000e+00	0.000000000000e+00	0.000000000000e+00	0.000000000000e+00	0.000000000000e+00	1.162568855608e-315	1.059112632729e-251	7.431148824210e-201	5.394515194266e-160	3.291746241988e-127	1.059805094983e-100
2.538750000000e+00	0.000000000000e+00	0.000000000000e+00	0.000000000000e+00	0.000000000000e+00	4.437034792476e-316	4.707116292975e-252	3.745744540403e-201	3.020158507737e-160	2.012959674368e-127	6.983779938463e-101
2.540000000000e+00	0.000000000000e+00	0.000000000000e+00	0.000000000000e+00	0.000000000000e+00	1.692349835058e-316	2.090843414112e-252	1.887122311620e-201	1.690085853334e-160	1.230451182557e-127	4.600361684042e-101
2.541250000000e+00	0.000000000000e+00	0.000000000000e+00	0.000000000000e+00	0.000000000000e+00	6.450750318563e-317	9.282007000840e-253	9.502582342614e-202	9.453432120061e-161	7.518207157836e-128	3.029216386303e-101
2.542500000000e+00	0.000000000000e+00	0.000000000000e+00	0.000000000000e+00	0.000000000000e+00	2.457278967368e-317	4.118281940679e-253	4.782587581540e-202	5.285328282870e-161	4.591819153342e-128	1.993909789659e-101
2.543750000000e+00	0.000000000000e+00	0.000000000000e+00	0.000000000000e+00	0.000000000000e+00	9.354520362603e-318	1.826182011509e-253	2.405824371752e-202	2.953630326366e-161	2.803340486434e-128	1.311950961823e-101
2.545000000000e+00	0.000000000000e+00	0.000000000000e+00	0.000000000000e+00	0.000000000000e+00	3.558814134872e-318	8.093303875175e-254	1.209607877345e-202	1.649840738956e-161	1.710753787456e-128	8.629121564325e-102
2.546250000000e+00	0.000000000000e+00	0.000000000000e+00	0.000000000000e+00	0.000000000000e+00	1.353038296388e-318	3.584771141018e-254	6.078619945629e-203	9.211484418938e-162	1.043565608107e-128	5.673518307383e-102
2.547500000000e+00	0.000000000000e+00	0.000000000000e+00	0.000000000000e+00	0.000000000000e+00	5.141049484366e-319	1.586904617004e-254	3.053128429066e-203	5.140660630677e-162	6.363156324687e-129	3.728852652368e-102
2.548750000000e+00	0.000000000000e+00	0.000000000000e+00	0.000000000000e+00	0.000000000000e+00	1.952596838929e-319	7.020919831264e-255	1.532727161420e-203	2.867543139535e-162	3.878341205484e-129	2.449823929376e-102
2.550000000000e+00	0.000000000000e+00	0.000000000000e+00	0.000000000000e+00	0.000000000000e+00	7.409008425035e-320	3.104495293040e-255	7.690672753582e-204	1.598831514287e-162	2.362871059135e-129	1.608908740092e-102
2.551250000000e+00	0.000000000000e+00	0.000000000000e+00	0.000000000000e+00	0.000000000000e+00	2.808269130962e-320	1.371961103008e-255	3.856945556547e-204	8.910399035080e-163	1.438979538412e-129	1.056245417477e-102
2.552500000000e+00	0.000000000000e+00	0.000000000000e+00	0.000000000000e+00	0.000000000000e+00	1.063229269850e-320	6.059633990016e-256	1.933313942989e-204	4.963560511584e-163	8.759711459326e-130	6.931626494098e-103
2.553750000000e+00	0.000000000000e+00	0.000000000000e+00	0.000000000000e+00	0.000000000000e+00	4.031575670065e-321	2.674882987492e-256	9.685921737914e-205	2.763701930107e-163	5.330225348600e-130	4.547182204525e-103
2.555000000000e+00	0.000000000000e+00	0.000000000000e+00	0.000000000000e+00	0.000000000000e+00	1.551366127942e-321	1.180095041409e-256	4.850195297673e-205	1.538122044749e-163	3.242066558841e-130	2.981854503100e-103
2.556250000000e+00	0.000000000000e+00	0.000000000000e+00	0.000000000000e+00	0.000000000000e+00	6.225227137600e-322	5.203349333169e-257	2.427488576615e-205	8.556420216174e-164	1.971146348113e-130	1.954642912045e-103
2.557500000000e+00	0.000000000000e+00	0.000000000000e+00	0.000000000000e+00	0.000000000000e+00	2.371515100038e-322	2.292993287148e-257	1.214324791280e-205	4.757678896296e-164	1.197943677772e-130	1.280811734245e-103
2.558750000000e+00	0.000000000000e+00	0.000000000000e+00	0.000000000000e+00	0.000000000000e+00	7.905050333460e-323	1.009895377104e-257	6.071447251446e-206	2.644233867845e-164	7.277371017993e-131	8.389576816376e-104
2.560000000000e+00	0.000000000000e+00	0.000000000000e+00	0.000000000000e+00	0.000000000000e+00	0.000000000000e+00	4.445327747255e-258	3.034095797754e-206	1.468947631202e-164	4.419093807965e-131	5.493279547302e-104
2.561250000000e+00	0.000000000000e+00	0.000000000000e+00	0.000000000000e+00	0.000000000000e+00	0.000000000000e+00	1.955622340363e-258	1.515465485208e-206	8.156699761748e-165	2.682331882262e-131	3.595507791921e-104
2.562500000000e+00	0.000000000000e+00	0.000000000000e+00	0.000000000000e+00	0.000000000000e+00	0.000000000000e+00	8.598446524877e-259	7.565584888121e-207	4.527144471195e-165	1.627467742959e-131	2.352478465059e-104
2.563750000000e+00	0.000000000000e+00	0.000000000000e+00	0.000000000000e+00	0.000000000000e+00	0.000000000000e+00	3.778407553543e-259	3.775014858785e-207	2.511515975621e-165	9.870356846022e-132	1.538607932451e-104
2.565000000000e+00	0.000000000000e+00	0.000000000000e+00	0.000000000000e+00	0.000000000000e+00	0.000000000000e+00	1.659401232104e-259	1.882671378566e-207	1.392673300985e-165	5.983756410351e-132	1.005928623693e-104
2.566250000000e+00	0.000000000000e+00	0.000000000000e+00	0.000000000000e+00	0.000000000000e+00	0.000000000000e+00	7.283629009564e-260	9.384476976674e-208	7.719057362374e-166	3.626064660896e-132	6.574205169961e-105
2.567500000000e+00	0.000000000000e+00	0.000000000000e+00	0.000000000000e+00	0.000000000000e+00	0.000000000000e+00	3.195199849226e-260	4.675470532028e-208	4.276426386312e-166	2.196432037273e-132	4.294931378213e-105
2.568750000000e+00	0.000000000000e+00	0.000000000000e+00	0.000000000000e+00	0.000000000000e+00	0.000000000000e+00	1.400883559149e-260	2.328199936782e-208	2.368096776111e-166	1.329904887519e-132	2.804827090900e-105
2.570000000000e+00	0.000000000000e+00	0.000000000000e+00	0.000000000000e+00	0.000000000000e+00	0.000000000000e+00	6.138465949231e-261	1.158763802187e-208	1.310749215070e-166	8.049038067671e-133	1.831018979411e-105
2.571250000000e+00	0.000000000000e+00	0.000000000000e+00	0.000000000000e+00	0.000000000000e+00	0.000000000000e+00	2.688261207722e-261	5.764335701424e-209	7.251727561369e-167	4.869540335934e-133	1.194858526109e-105
2.572500000000e+00	0.000000000000e+00	0.000000000000e+00	0.000000000000e+00	0.000000000000e+00	0.000000000000e+00	1.176621772537e-261	2.866047001256e-209	4.010191083876e-167	2.944777869837e-133	7.794298179307e-106
2.573750000000e+00	0.000000000000e+00	0.000000000000e+00	0.000000000000e+00	0.000000000000e+00	0.000000000000e+00	5.147022859242e-262	1.424285488269e-209	2.216615511618e-167	1.780072540316e-133	5.082465435931e-106
2.575000000000e+00	0.000000000000e+00	0.000000000000e+00	0.000000000000e+00	0.000000000000e+00	0.000000000000e+00	2.250241422962e-262	7.074414278152e-210	1.224665215950e-167	1.075581806985e-133	3.312903150327e-106
2.576250000000e+00	0.000000000000e+00	0.000000000000e+00	0.000000000000e+00	0.000000000000e+00	0.000000000000e+00	9.832318409364e-263	3.512073739098e-210	6.763104707276e-168	6.496355482135e-134	2.158638578064e-106
2.577500000000e+00	0.000000000000e+00	0.000000000000e+00	0.000000000000e+00	0.000000000000e+00	0.000000000000e+00	4.293748027135e-263	1.742675240748e-210	3.733159567690e-168	3.922082298400e-134	1.406008729390e-106
2.578750000000e+00	0.000000000000e+00	0.000000000000e+00	0.000000000000e+00	0.000000000000e+00	0.000000000000e+00	1.874005998769e-263	8.642691162373e-211	2.059722482614e-168	2.366923437450e-134	9.154465414026e-107
2.580000000000e+00	0.000000000000e+00	0.000000000000e+00	0.000000000000e+00	0.000000000000e+00	0.000000000000e+00	8.174462388764e-264	4.284116038476e-211	1.135906485657e-168	1.427816198585e-134	5.958196852903e-107
2.581250000000e+00	0.000000000000e+00	0.000000000000e+00	0.000000000000e+00	0.000000000000e+00	0.000000000000e+00	3.563700717358e-264	2.122526664557e-211	6.261496796290e-169	8.609560580842e-135	3.876444725323e-107
2.582500000000e+00	0.000000000000e+00	0.000000000000e+00	0.000000000000e+00	0.000000000000e+00	0.000000000000e+00	1.552733955354e-264	1.051053401878e-211	3.449971122882e-169	5.189317638980e-135	2.521095121355e-107
2.583750000000e+00	0.000000000000e+00	0.000000000000e+00	0.000000000000e+00	0.000000000000e+00	0.000000000000e+00	6.761556438921e-265	5.202068990960e-212	1.900003805983e-169	3.126512073633e-135	1.639010578740e-107
2.585000000000e+00	0.000000000000e+00	0.000000000000e+00	0.000000000000e+00	0.000000000000e+00	0.000000000000e+00	2.942727893890e-265	2.573399018846e-212	1.045912120024e-169	1.882914294323e-135	1.065150976169e-107
2.586250000000e+00	0.000000000000e+00	0.000000000000e+00	0.000000000000e+00	0.000000000000e+00	0.000000000000e+00	1.279992236945e-265	1.272382984001e-212	5.754898046538e-170	1.133500149292e-135	6.919543934405e-108
2.587500000000e+00	0.000000000000e+00	0.000000000000e+00	0.000000000000e+00	0.000000000000e+00	0.000000000000e+00	5.564400318262e-266	6.287938306523e-213	3.165058826410e-170	6.820766743785e-136	4.493457733323e-108
2.588750000000e+00	0.000000000000e+00	0.000000000000e+00	0.000000000000e+00	0.000000000000e+00	0.000000000000e+00	2.417593053804e-266	3.105835070056e-213	1.739913477785e-170	4.102658807093e-136	2.916894617926e-108
2.590000000000e+00	0.000000000000e+00	0.000000000000e+00	0.000000000000e+00	0.000000000000e+00	0.000000000000e+00	1.049788553094e-266	1.533303775774e-213	9.560381701645e-171	2.466710547560e-136	1.892769397849e-108
2.591250000000e+00	0.000000000000e+00	0.000000000000e+00	0.000000000000e+00	0.000000000000e+00	0.000000000000e+00	4.555900891677e-267	7.565849860443e-214	5.250788500461e-171	1.482489300875e-136	1.227754573629e-108
2.592500000000e+00	0.000000000000e+00	0.000000000000e+00	0.000000000000e+00	0.000000000000e+00	0.000000000000e+00	1.976061716071e-267	3.731358099315e-214	2.882541261649e-171	8.906058255265e-137	7.960902480993e-109
2.593750000000e+00	0.000000000000e+00	0.000000000000e+00	0.000000000000e+00	0.000000000000e+00	0.000000000000e+00	8.566048755473e-268	1.839313845661e-214	1.581715074214e-171	5.348106934173e-137	5.160002780504e-109
2.595000000000e+00	0.000000000000e+00	0.000000000000e+00	0.000000000000e+00	0.000000000000e+00	0.000000000000e+00	3.711200182960e-268	9.062008136407e-215	8.675263769605e-172	3.210223132890e-137	3.343293128540e-109
2.596250000000e+00	0.000000000000e+00	0.000000000000e+00	0.000000000000e+00	0.000000000000e+00	0.000000000000e+00	1.606948731749e-268	4.462443737079e-215	4.755967046059e-172	1.926153723249e-137	2.165388690378e-109
2.597500000000e+00	0.000000000000e+00	0.000000000000e+00	0.000000000000e+00	0.000000000000e+00	0.000000000000e+00	6.954140531745e-269	2.196345999160e-215	2.606133740769e-172	1.155226801356e-137	1.401955281300e-109
2.598750000000e+00	0.000000000000e+00	0.000000000000e+00	0.000000000000e+00	0.000000000000e+00	0.000000000000e+00	3.007729017337e-269	1.080459417215e-215	1.427434781900e-172	6.925707640169e-138	9.073385147018e-110
2.600000000000e+00	0.000000000000e+00	0.000000000000e+00	0.000000000000e+00	0.000000000000e+00	0.000000000000e+00	1.300132904986e-269	5.312462274266e-216	7.814794543050e-173	4.150320540477e-138	5.870044854032e-110
2.601250000000e+00	0.000000000000e+00	0.000000000000e+00	0.000000000000e+00	0.000000000000e+00	0.000000000000e+00	5.616821151976e-270	2.610735994498e-216	4.276422127060e-173	2.486106402391e-138	3.796211336273e-110
2.602500000000e+00	0.000000000000e+00	0.000000000000e+00	0.000000000000e+00	0.000000000000e+00	0.000000000000e+00	2.425198228706e-270	1.282359379827e-216	2.339081128959e-173	1.488601221940e-138	2.454122471149e-110
2.603750000000e+00	0.000000000000e+00	0.000000000000e+00	0.000000000000e+00	0.000000000000e+00	0.000000000000e+00	1.046544478040e-270	6.295587244184e-217	1.278826761849e-173	8.909587908026e-139	1.585911581950e-110
2.605000000000e+00	0.000000000000e+00	0.000000000000e+00	0.000000000000e+00	0.000000000000e+00	0.000000000000e+00	4.513588268635e-271	3.089174482298e-217	6.988433884631e-174	5.330371156572e-139	1.024468472800e-110
2.606250000000e+00	0.000000000000e+00	0.000000000000e+00	0.000000000000e+00	0.000000000000e+00	0.000000000000e+00	1.945539223082e-271	1.515054754969e-217	3.817242225271e-174	3.187703139416e-139	6.615384834849e-111
2.607500000000e+00	0.000000000000e+00	0.000000000000e+00	0.000000000000e+00	0.000000000000e+00	0.000000000000e+00	8.381308817354e-272	7.426666411209e-218	2.084113138272e-174	1.905543542282e-139	4.270202959376e-111
2.608750000000e+00	0.000000000000e+00	0.000000000000e+00	0.000000000000e+00	0.000000000000e+00	0.000000000000e+00	3.608589626848e-272	3.638640950815e-218	1.137351166355e-174	1.138624359399e-139	2.755362918560e-111
2.610000000000e+00	0.000000000000e+00	0.000000000000e+00	0.000000000000e+00	0.000000000000e+00	0.000000000000e+00	1.552805108405e-272	1.781821467650e-218	6.203968398954e-175	6.800841470176e-140	1.777239634768e-111
2.611250000000e+00	0.000000000000e+00	0.000000000000e+00	0.000000000000e+00	0.000000000000e+00	0.000000000000e+00	6.678058315650e-273	8.721051864025e-219	3.382566087069e-175	4.060368211242e-140	1.145908811578e-111
2.612500000000e+00	0.000000000000e+00	0.000000000000e+00	0.000000000000e+00	0.000000000000e+00	0.000000000000e+00	2.870365917076e-273	4.266318255126e-219	1.843421793586e-175	2.423197283819e-140	7.385689001974e-112
2.613750000000e+00	0.000000000000e+00	0.000000000000e+00	0.000000000000e+00	0.000000000000e+00	0.000000000000e+00	1.233042719474e-273	2.086014522956e-219	1.004164487706e-175	1.445548658315e-140	4.758486725007e-112
2.615000000000e+00	0.000000000000e+00	0.000000000000e+00	0.000000000000e+00	0.000000000000e+00	0.000000000000e+00	5.293864039101e-274	1.019438671071e-219	5.467473832100e-176	8.619801072318e-141	3.064669147015e-112
2.616250000000e+00	0.000000000000e+00	0.000000000000e+00	0.000000000000e+00	0.000000000000e+00	0.000000000000e+00	2.271544475974e-274	4.979486717652e-220	2.975570754241e-176	5.137861093483e-141	1.973036950475e-112
2.617500000000e+00	0.000000000000e+00	0.000000000000e+00	0.000000000000e+00	0.000000000000e+00	0.000000000000e+00	9.741447788811e-275	2.431015627192e-220	1.618659735533e-176	3.061174315366e-141	1.269766103986e-112
2.618750000000e+00	0.000000000000e+00	0.000000000000e+00	0.000000000000e+00	0.000000000000e+00	0.000000000000e+00	4.175221989392e-275	1.186234691874e-220	8.801213567902e-177	1.823116198630e-141	8.168628189493e-113
2.620000000000e+00	0.000000000000e+00	0.000000000000e+00	0.000000000000e+00	0.000000000000e+00	0.000000000000e+00	1.788502025724e-275	5.785397311008e-221	4.783340193879e-177	1.085328546049e-141	5.253048570753e-113
2.621250000000e+00	0.000000000000e+00	0.000000000000e+00	0.000000000000e+00	0.000000000000e+00	0.000000000000e+00	7.656902252493e-276	2.820171087324e-221	2.598493846081e-177	6.458455756622e-142	3.376840846180e-113
2.622500000000e+00	0.000000000000e+00	0.000000000000e+00	0.000000000000e+00	0.000000000000e+00	0.000000000000e+00	3.276201243632e-276	1.374033813348e-221	1.410957166604e-177	3.841640654220e-142	2.169934659910e-113
2.623750000000e+00	0.000000000000e+00	0.000000000000e+00	0.000000000000e+00	0.000000000000e+00	0.000000000000e+00	1.401011951297e-276	6.691124069964e-222	7.657864554554e-178	2.284153970029e-142	1.393861458138e-113
2.625000000000e+00	0.000000000000e+00	0.000000000000e+00	0.000000000000e+00	0.000000000000e+00	0.000000000000e+00	5.987794824456e-277	3.256720166199e-222	4.154351556073e-178	1.357546139723e-142	8.950132208981e-114
2.626250000000e+00	0.000000000000e+00	0.000000000000e+00	0.000000000000e+00	0.000000000000e+00	0.000000000000e+00	2.557677496422e-277	1.584314883040e-222	2.252685292951e-178	8.065000706089e-143	5.744816752263e-114
2.627500000000e+00	0.000000000000e+00	0.000000000000e+00	0.000000000000e+00	0.000000000000e+00	0.000000000000e+00	1.091888911291e-277	7.703396618593e-223	1.220954601099e-178	4.789330495590e-143	3.686037914386e-114
2.628750000000e+00	0.000000000000e+00	0.000000000000e+00	0.000000000000e+00	0.000000000000e+00	0.000000000000e+00	4.658701987769e-278	3.743714428760e-223	6.614548751462e-179	2.842927547277e-143	2.364178722021e-114
2.630000000000e+00	0.000000000000e+00	0.000000000000e+00	0.000000000000e+00	0.000000000000e+00	0.000000000000e+00	1.986576097576e-278	1.818456287995e-223	3.581810797560e-179	1.686853486457e-143	1.515785327738e-114
2.631250000000e+00	0.000000000000e+00	0.000000000000e+00	0.000000000000e+00	0.000000000000e+00	0.000000000000e+00	8.466409741747e-279	8.828414526369e-224	1.938682877862e-179	1.000482557202e-143	9.714757896992e-115
2.632500000000e+00	0.000000000000e+00	0.000000000000e+00	0.000000000000e+00	0.000000000000e+00	0.000000000000e+00	3.606178013738e-279	4.283929010221e-224	1.048848162818e-179	5.931469022146e-144	6.223907841330e-115
2.633750000000e+00	0.000000000000e+00	0.000000000000e+00	0.000000000000e+00	0.000000000000e+00	0.000000000000e+00	1.535143015239e-279	2.077693648959e-224	5.671790523998e-180	3.515083116874e-144	3.985944186028e-115
2.635000000000e+00	0.000000000000e+00	0.000000000000e+00	0.000000000000e+00	0.000000000000e+00	0.000000000000e+00	6.531370524422e-280	1.007164610123e-224	3.065698612447e-180	2.082233923872e-144	2.551738470983e-115
2.636250000000e+00	0.000000000000e+00	0.000000000000e+00	0.000000000000e+00	0.000000000000e+00	0.000000000000e+00	2.777241231838e-280	4.879767159709e-225	1.656305506376e-180	1.232945908374e-144	1.632969216359e-115
2.637500000000e+00	0.000000000000e+00	0.000000000000e+00	0.000000000000e+00	0.000000000000e+00	0.000000000000e+00	1.180257280169e-280	2.363074647512e-225	8.944439848667e-181	7.297584233263e-145	1.044616118357e-115
2.638750000000e+00	0.000000000000e+00	0.000000000000e+00	0.000000000000e+00	0.000000000000e+00	0.000000000000e+00	5.012952308848e-281	1.143761515929e-225	4.828003359691e-181	4.317524357949e-145	6.679936529373e-116
2.640000000000e+00	0.000000000000e+00	0.000000000000e+00	0.000000000000e+00	0.000000000000e+00	0.000000000000e+00	2.127963915449e-281	5.533159847710e-226	2.604855840094e-181	2.553354194142e-145	4.269970136267e-116
2.641250000000e+00	0.000000000000e+00	0.000000000000e+00	0.000000000000e+00	0.000000000000e+00	0.000000000000e+00	9.027941719879e-282	2.675411883448e-226	1.404758072934e-181	1.509412411400e-145	2.728438868064e-116
2.642500000000e+00	0.000000000000e+00	0.000000000000e+00	0.000000000000e+00	0.000000000000e+00	0.000000000000e+00	3.827956868557e-282	1.292968024559e-226	7.572182869433e-182	8.919188803731e-146	1.742771728257e-116
2.643750000000e+00	0.000000000000e+00	0.000000000000e+00	0.000000000000e+00	0.000000000000e+00	0.000000000000e+00	1.622180311175e-282	6.245462655744e-227	4.079832794184e-182	5.268213716595e-146	1.112765552431e-116
2.645000000000e+00	0.000000000000e+00	0.000000000000e+00	0.000000000000e+00	0.000000000000e+00	0.000000000000e+00	6.870447375914e-283	3.015234856585e-227	2.197178542826e-182	3.110441223754e-146	7.102377110259e-117
2.646250000000e+00	0.000000000000e+00	0.000000000000e+00	0.000000000000e+00	0.000000000000e+00	0.000000000000e+00	2.908202948003e-283	1.454981167654e-227	1.182742077068e-182	1.835697854997e-146	4.531486302490e-117
2.647500000000e+00	0.000000000000e+00	0.000000000000e+00	0.000000000000e+00	0.000000000000e+00	0.000000000000e+00	1.230320341609e-283	7.017352572429e-228	6.363799081118e-183	1.082931505337e-146	2.890110870511e-117
2.648750000000e+00	0.000000000000e+00	0.000000000000e+00	0.000000000000e+00	0.000000000000e+00	0.000000000000e+00	5.201941932358e-284	3.382742349658e-228	3.422508894114e-183	6.385888977709e-147	1.842575209668e-117
2.650000000000e+00	0.000000000000e+00	0.000000000000e+00	0.000000000000e+00	0.000000000000e+00	0.000000000000e+00	2.198196928957e-284	1.629837258911e-228	1.839816142379e-183	3.764110168006e-147	1.174283158953e-117
2.651250000000e+00	0.000000000000e+00	0.000000000000e+00	0.000000000000e+00	0.000000000000e+00	0.000000000000e+00	9.283708486186e-285	7.848727680487e-229	9.885667027928e-184	2.217807638152e-147	7.480959946674e-118
2.652500000000e+00	0.000000000000e+00	0.000000000000e+00	0.000000000000e+00	0.000000000000e+00	0.000000000000e+00	3.918593324676e-285	3.777756646870e-229	5.309324202482e-184	1.306188966018e-147	4.764076371933e-118
2.653750000000e+00	0.000000000000e+00	0.000000000000e+00	0.000000000000e+00	0.000000000000e+00	0.000000000000e+00	1.653075521876e-285	1.817391086652e-229	2.850192718505e-184	7.689688254913e-148	3.032752635173e-118
2.655000000000e+00	0.000000000000e+00	0.000000000000e+00	0.000000000000e+00	0.000000000000e+00	0.000000000000e+00	6.969618349020e-286	8.738613012206e-230	1.529364203480e-184	4.525140242118e-148	1.929888201085e-118
2.656250000000e+00	0.000000000000e+00	0.000000000000e+00	0.000000000000e+00	0.000000000000e+00	0.000000000000e+00	2.936831978671e-286	4.199681146072e-230	8.202558362338e-185	2.661803182395e-148	1.227620696225e-118
2.657500000000e+00	0.000000000000e+00	0.000000000000e+00	0.000000000000e+00	0.000000000000e+00	0.000000000000e+00	1.236810048885e-286	2.017296931917e-230	4.397333974127e-185	1.565093989234e-148	7.806082564004e-119
2.658750000000e+00	0.000000000000e+00	0.000000000000e+00	0.000000000000e+00	0.000000000000e+00	0.000000000000e+00	5.205718875027e-287	9.685076055171e-231	2.356303818366e-185	9.198679639150e-149	4.961796721046e-119
2.660000000000e+00	0.000000000000e+00	0.000000000000e+00	0.000000000000e+00	0.000000000000e+00	0.000000000000e+00	2.189839163291e-287	4.647463001501e-231	1.262044988423e-185	5.404196743533e-149	3.152693007115e-119
2.661250000000e+00	0.000000000000e+00	0.000000000000e+00	0.000000000000e+00	0.000000000000e+00	0.000000000000e+00	9.206562951882e-288	2.228992178755e-231	6.756473844843e-186	3.173638059730e-149	2.002448186674e-119
2.662500000000e+00	0.000000000000e+00	0.000000000000e+00	0.000000000000e+00	0.000000000000e+00	0.000000000000e+00	3.868446874237e-288	1.068515548546e-231	3.615489269804e-186	1.862962989152e-149	1.271387039678e-119
2.663750000000e+00	0.000000000000e+00	0.000000000000e+00	0.000000000000e+00	0.000000000000e+00	0.000000000000e+00	1.624536779728e-288	5.119562459539e-232	1.933818754428e-186	1.093129576804e-149	8.069212652315e-120
2.665000000000e+00	0.000000000000e+00	0.000000000000e+00	0.000000000000e+00	0.000000000000e+00	0.000000000000e+00	6.818302431930e-289	2.451684286207e-232	1.033870568506e-186	6.411500053803e-150	5.119427889079e-120
2.666250000000e+00	0.000000000000e+00	0.000000000000e+00	0.000000000000e+00	0.000000000000e+00	0.000000000000e+00	2.860070738486e-289	1.173480667488e-232	5.524822002977e-187	3.758964656069e-150	3.246748044274e-120
2.667500000000e+00	0.000000000000e+00	0.000000000000e+00	0.000000000000e+00	0.000000000000e+00	0.000000000000e+00	1.199032872783e-289	5.613930514799e-233	2.951019794812e-187	2.202913382155e-150	2.058318765854e-120
2.668750000000e+00	0.000000000000e+00	0.000000000000e+00	0.000000000000e+00	0.000000000000e+00	0.000000000000e+00	5.023879411114e-290	2.684341865146e-233	1.575533596519e-187	1.290467843349e-150	1.304408343019e-120
2.670000000000e+00	0.000000000000e+00	0.000000000000e+00	0.000000000000e+00	0.000000000000e+00	0.000000000000e+00	2.103783885758e-290	1.282886734881e-233	8.407849475975e-188	7.556445245339e-151	8.263259481479e-121
2.671250000000e+00	0.000000000000e+00	0.000000000000e+00	0.000000000000e+00	0.000000000000e+00	0.000000000000e+00	8.804746232281e-291	6.127996412454e-234	4.484808476916e-188	4.422913842032e-151	5.232703194438e-121
2.672500000000e+00	0.000000000000e+00	0.000000000000e+00	0.000000000000e+00	0.000000000000e+00	0.000000000000e+00	3.682869785230e-291	2.925690545407e-234	2.391137708248e-188	2.587736228533e-151	3.312361294333e-121
2.673750000000e+00	0.000000000000e+00	0.000000000000e+00	0.000000000000e+00	0.000000000000e+00	0.000000000000e+00	1.539606321464e-291	1.396104645396e-234	1.274286227046e-188	1.513394389263e-151	2.095975438112e-121
2.675000000000e+00	0.000000000000e+00	0.000000000000e+00	0.000000000000e+00	0.000000000000e+00	0.000000000000e+00	6.432603884739e-292	6.658666352215e-235	6.787832292814e-189	8.847179117540e-152	1.325780311515e-121
2.676250000000e+00	0.000000000000e+00	0.000000000000e+00	0.000000000000e+00	0.000000000000e+00	0.000000000000e+00	2.686072515440e-292	3.174214228854e-235	3.614073094723e-189	5.169851962056e-152	8.382891205373e-122
2.677500000000e+00	0.000000000000e+00	0.000000000000e+00	0.000000000000e+00	0.000000000000e+00	0.000000000000e+00	1.120991859386e-292	1.512393882866e-235	1.923377246101e-189	3.019756895115e-152	5.298500538677e-122
2.678750000000e+00	0.000000000000e+00	0.000000000000e+00	0.000000000000e+00	0.000000000000e+00	0.000000000000e+00	4.675639143394e-293	7.202334510085e-236	1.023136856921e-189	1.763138556616e-152	3.347719208367e-122
2.680000000000e+00	0.000000000000e+00	0.000000000000e+00	0.000000000000e+00	0.000000000000e+00	0.000000000000e+00	1.949096376603e-293	3.428162202525e-236	5.440072646113e-190	1.029014491355e-152	2.114374701959e-122
2.681250000000e+00	0.000000000000e+00	0.000000000000e+00	0.000000000000e+00	0.000000000000e+00	0.000000000000e+00	8.120437793132e-294	1.630906765742e-236	2.891194989166e-190	6.003121397055e-153	1.334909340962e-122
2.682500000000e+00	0.000000000000e+00	0.000000000000e+00	0.000000000000e+00	0.000000000000e+00	0.000000000000e+00	3.381266289786e-294	7.754907189176e-237	1.535860529705e-190	3.500687532318e-153	8.424778249174e-123
2.683750000000e+00	0.000000000000e+00	0.000000000000e+00	0.000000000000e+00	0.000000000000e+00	0.000000000000e+00	1.407126386466e-294	3.685562435003e-237	8.155073701057e-191	2.040563700244e-153	5.314985369448e-123
2.685000000000e+00	0.000000000000e+00	0.000000000000e+00	0.000000000000e+00	0.000000000000e+00	0.000000000000e+00	5.852489465072e-295	1.750695594842e-237	4.328183995791e-191	1.188960844573e-153	3.351834421552e-123
2.686250000000e+00	0.000000000000e+00	0.000000000000e+00	0.000000000000e+00	0.000000000000e+00	0.000000000000e+00	2.432775175366e-295	8.311840547545e-238	2.296070681322e-191	6.924772900044e-154	2.113002097898e-123
2.687500000000e+00	0.000000000000e+00	0.000000000000e+00	0.000000000000e+00	0.000000000000e+00	0.000000000000e+00	1.010688005635e-295	3.944241202443e-238	1.217493090205e-191	4.031476241793e-154	1.331539910743e-123
2.688750000000e+00	0.000000000000e+00	0.000000000000e+00	0.000000000000e+00	0.000000000000e+00	0.000000000000e+00	4.196488615452e-296	1.870722741771e-238	6.452818813036e-192	2.346082398897e-154	8.387747275594e-124
2.690000000000e+00	0.000000000000e+00	0.000000000000e+00	0.000000000000e+00	0.000000000000e+00	0.000000000000e+00	1.741441092065e-296	8.868191939199e-239	3.418488713284e-192	1.364718267159e-154	5.281695666564e-124
2.691250000000e+00	0.000000000000e+00	0.000000000000e+00	0.000000000000e+00	0.000000000000e+00	0.000000000000e+00	7.222463043260e-297	4.201848993444e-239	1.810174920613e-192	7.935299723831e-155	3.324591563664e-124
2.692500000000e+00	0.000000000000e+00	0.000000000000e+00	0.000000000000e+00	0.000000000000e+00	0.000000000000e+00	2.993750958113e-297	1.989873622289e-239	9.580951695685e-193	4.612158804745e-155	2.091896108440e-124
2.693750000000e+00	0.000000000000e+00	0.000000000000e+00	0.000000000000e+00	0.000000000000e+00	0.000000000000e+00	1.240223089783e-297	9.418684457947e-240	5.068721986516e-193	2.679574008904e-155	1.315766466733e-124
2.695000000000e+00	0.000000000000e+00	0.000000000000e+00	0.000000000000e+00	0.000000000000e+00	0.000000000000e+00	5.134968178892e-298	4.455892430820e-240	2.680340729665e-193	1.556137067186e-155	8.272835793459e-125
2.696250000000e+00	0.000000000000e+00	0.000000000000e+00	0.000000000000e+00	0.000000000000e+00	0.000000000000e+00	2.124855992709e-298	2.106972399603e-240	1.416717485327e-193	9.033385117582e-156	5.199563456528e-125
2.697500000000e+00	0.000000000000e+00	0.000000000000e+00	0.000000000000e+00	0.000000000000e+00	0.000000000000e+00	8.787696489502e-299	9.957783808488e-241	7.484765805636e-194	5.241719667640e-156	3.266752632970e-125
2.698750000000e+00	0.000000000000e+00	0.000000000000e+00	0.000000000000e+00	0.000000000000e+00	0.000000000000e+00	3.632238829654e-299	4.703771731398e-241	3.952527422914e-194	3.040308422433e-156	2.051646365526e-125
2.700000000000e+00	0.000000000000e+00	0.000000000000e+00	0.000000000000e+00	0.000000000000e+00	0.000000000000e+00	1.500470792988e-299	2.220800161806e-241	2.086283297940e-194	1.762714923729e-156	1.288029022814e-125
2.701250000000e+00	0.000000000000e+00	0.000000000000e+00	0.000000000000e+00	0.000000000000e+00	0.000000000000e+00	6.194902804684e-300	1.047978616334e-241	1.100711197316e-194	1.021567592276e-156	8.083243861494e-126
2.702500000000e+00	0.000000000000e+00	0.000000000000e+00	0.000000000000e+00	0.000000000000e+00	0.000000000000e+00	2.556202462371e-300	4.942823010730e-242	5.804638813351e-195	5.917969461710e-157	5.070871457251e-126
2.703750000000e+00	0.000000000000e+00	0.000000000000e+00	0.000000000000e+00	0.000000000000e+00	0.000000000000e+00	1.054167935427e-300	2.330115219627e-242	3.059699194619e-195	3.426880176916e-157	3.179921584165e-126
2.705000000000e+00	0.000000000000e+00	0.000000000000e+00	0.000000000000e+00	0.000000000000e+00	0.000000000000e+00	4.344883706536e-301	1.097891521781e-242	1.612070299394e-195	1.983561662274e-157	1.993366281937e-126
2.706250000000e+00	0.000000000000e+00	0.000000000000e+00	0.000000000000e+00	0.000000000000e+00	0.000000000000e+00	1.789782728144e-301	5.170364537371e-243	8.489672456512e-196	1.147659561216e-157	1.249092766876e-126
2.707500000000e+00	0.000000000000e+00	0.000000000000e+00	0.000000000000e+00	0.000000000000e+00	0.000000000000e+00	7.368452190046e-302	2.433675079608e-243	4.468889403593e-196	6.637446590565e-158	7.824186025027e-127
2.708750000000e+00	0.000000000000e+00	0.000000000000e+00	0.000000000000e+00	0.000000000000e+00	0.000000000000e+00	3.031838255278e-302	1.144942624809e-243	2.351310550407e-196	3.837157156119e-158	4.899147667705e-127
2.710000000000e+00	0.000000000000e+00	0.000000000000e+00	0.000000000000e+00	0.000000000000e+00	0.000000000000e+00	1.246779314993e-302	5.383745860518e-244	1.236579641000e-196	2.217372825563e-158	3.066470427157e-127
2.711250000000e+00	0.000000000000e+00	0.000000000000e+00	0.000000000000e+00	0.000000000000e+00	0.000000000000e+00	5.124210352996e-303	2.530259568125e-244	6.500337488893e-197	1.280821006953e-158	1.918641879614e-127
2.712500000000e+00	0.000000000000e+00	0.000000000000e+00	0.000000000000e+00	0.000000000000e+00	0.000000000000e+00	2.104835268157e-303	1.188571462859e-244	3.415477527364e-197	7.395350292791e-159	1.200012990524e-127
2.713750000000e+00	0.000000000000e+00	0.000000000000e+00	0.000000000000e+00	0.000000000000e+00	0.000000000000e+00	8.640981511305e-304	5.580398583912e-245	1.793777915832e-197	4.268247992955e-159	7.502653046830e-128
2.715000000000e+00	0.000000000000e+00	0.000000000000e+00	0.000000000000e+00	0.000000000000e+00	0.000000000000e+00	3.545372249336e-304	2.618694517060e-245	9.416459163396e-198	2.462414311473e-159	4.689004695909e-128
2.716250000000e+00	0.000000000000e+00	0.000000000000e+00	0.000000000000e+00	0.000000000000e+00	0.000000000000e+00	1.453832614873e-304	1.228242599305e-245	4.940925385567e-198	1.420015861107e-159	2.929431588767e-128
2.717500000000e+00	0.000000000000e+00	0.000000000000e+00	0.000000000000e+00	0.000000000000e+00	0.000000000000e+00	5.958278173723e-305	5.757887446154e-246	2.591377463270e-198	8.185512027754e-160	1.829460097127e-128
2.718750000000e+00	0.000000000000e+00	0.000000000000e+00	0.000000000000e+00	0.000000000000e+00	0.000000000000e+00	2.440511982450e-305	2.697875376258e-246	1.358484767696e-198	4.716491906890e-160	1.142087585665e-128
2.720000000000e+00	0.000000000000e+00	0.000000000000e+00	0.000000000000e+00	0.000000000000e+00	0.000000000000e+00	9.990676914678e-306	1.263456504309e-246	7.118370401626e-199	2.716520101572e-160	7.127098625494e-129
2.721250000000e+00	0.000000000000e+00	0.000000000000e+00	0.000000000000e+00	0.000000000000e+00	0.000000000000e+00	4.087546313171e-306	5.913960299209e-247	3.728276434311e-199	1.563966115327e-160	4.445934036212e-129
2.722500000000e+00	0.000000000000e+00	0.000000000000e+00	0.000000000000e+00	0.000000000000e+00	0.000000000000e+00	1.671414861480e-306	2.766790093574e-247	1.951809118969e-199	9.000411021162e-161	2.772363352935e-129
2.723750000000e+00	0.000000000000e+00	0.000000000000e+00	0.000000000000e+00	0.000000000000e+00	0.000000000000e+00	6.830612266945e-307	1.293759993103e-247	1.021335184506e-199	5.177474076105e-161	1.728121097878e-129
2.725000000000e+00	0.000000000000e+00	0.000000000000e+00	0.000000000000e+00	0.000000000000e+00	0.000000000000e+00	2.789901108070e-307	6.046595558036e-248	5.341964010904e-200	2.977104712632e-161	1.076800091199e-129
2.726250000000e+00	0.000000000000e+00	0.000000000000e+00	0.000000000000e+00	0.000000000000e+00	0.000000000000e+00	1.138863793899e-307	2.824540602530e-248	2.792771063469e-200	1.711161003336e-161	6.707070685273e-130
2.727500000000e+00	0.000000000000e+00	0.000000000000e+00	0.000000000000e+00	0.000000000000e+00	0.000000000000e+00	4.646314089100e-308	1.318755917721e-248	1.459390207893e-200	9.831238348931e-162	4.176068092808e-130
2.728750000000e+00	0.000000000000e+00	0.000000000000e+00	0.000000000000e+00	0.000000000000e+00	0.000000000000e+00	1.894519781044e-308	6.154045727340e-249	7.622707119866e-201	5.646068764588e-162	2.599196705613e-130
2.730000000000e+00	0.000000000000e+00	0.000000000000e+00	0.000000000000e+00	0.000000000000e+00	0.000000000000e+00	7.720466184104e-309	2.870362281062e-249	3.979685502702e-201	3.241191475644e-162	1.617139974610e-130
2.731250000000e+00	0.000000000000e+00	0.000000000000e+00	0.000000000000e+00	0.000000000000e+00	0.000000000000e+00	3.144428379698e-309	1.338111822904e-249	2.076777577590e-201	1.859875184213e-162	1.005756773063e-130
2.732500000000e+00	0.000000000000e+00	0.000000000000e+00	0.000000000000e+00	0.000000000000e+00	0.000000000000e+00	1.279952022184e-309	6.234875696926e-250	1.083260564284e-201	1.066801207202e-162	6.252809643546e-131
2.733750000000e+00	0.000000000000e+00	0.000000000000e+00	0.000000000000e+00	0.000000000000e+00	0.000000000000e+00	5.207142653655e-310	2.903640792568e-250	5.647777693181e-202	6.116511323245e-163	3.885924312716e-131
2.735000000000e+00	0.000000000000e+00	0.000000000000e+00	0.000000000000e+00	0.000000000000e+00	0.000000000000e+00	2.117186235411e-310	1.351567302640e-250	2.943228418291e-202	3.505457100127e-163	2.414072761319e-131
2.736250000000e+00	0.000000000000e+00	0.000000000000e+00	0.000000000000e+00	0.000000000000e+00	0.000000000000e+00	8.603446240036e-311	6.287994633162e-251	1.533105551714e-202	2.008196084642e-163	1.499143694824e-131
2.737500000000e+00	0.000000000000e+00	0.000000000000e+00	0.000000000000e+00	0.000000000000e+00	0.000000000000e+00	3.494134659115e-311	2.923925790905e-251	7.982186271594e-203	1.149974373197e-163	9.306214482809e-132
2.738750000000e+00	0.000000000000e+00	0.000000000000e+00	0.000000000000e+00	0.000000000000e+00	0.000000000000e+00	1.418275589599e-311	1.358939829847e-251	4.154065823320e-203	6.582498906274e-164	5.774837142302e-132
2.740000000000e+00	0.000000000000e+00	0.000000000000e+00	0.000000000000e+00	0.000000000000e+00	0.000000000000e+00	5.753543746886e-312	6.312680476076e-252	2.160859865612e-203	3.766292243133e-164	3.582146249246e-132
2.741250000000e+00	0.000000000000e+00	0.000000000000e+00	0.000000000000e+00	0.000000000000e+00	0.000000000000e+00	2.332727516739e-312	2.930941062015e-252	1.123521910841e-203	2.154060132787e-164	2.221180096275e-132
2.742500000000e+00	0.000000000000e+00	0.000000000000e+00	0.000000000000e+00	0.000000000000e+00	0.000000000000e+00	9.452493912778e-313	1.360128876770e-252	5.838996343788e-204	1.231465407886e-164	1.376769136686e-132
2.743750000000e+00	0.000000000000e+00	0.000000000000e+00	0.000000000000e+00	0.000000000000e+00	0.000000000000e+00	3.828094072963e-313	6.308596273052e-253	3.033168757272e-204	7.037318350650e-165	8.530517116887e-133
2.745000000000e+00	0.000000000000e+00	0.000000000000e+00	0.000000000000e+00	0.000000000000e+00	0.000000000000e+00	1.549432275756e-313	2.924590782939e-253	1.574913328086e-204	4.019877008864e-165	5.283558059209e-133
2.746250000000e+00	0.000000000000e+00	0.000000000000e+00	0.000000000000e+00	0.000000000000e+00	0.000000000000e+00	6.267818274107e-314	1.355118196096e-253	8.173695534781e-205	2.295297166209e-165	3.271255741043e-133
2.747500000000e+00	0.000000000000e+00	0.000000000000e+00	0.000000000000e+00	0.000000000000e+00	0.000000000000e+00	2.534043087066e-314	6.275797832660e-254	4.240157301388e-205	1.310043335753e-165	2.024600780546e-133
2.748750000000e+00	0.000000000000e+00	0.000000000000e+00	0.000000000000e+00	0.000000000000e+00	0.000000000000e+00	1.023918515795e-314	2.904961699942e-254	2.198604912354e-205	7.473998232499e-166	1.252567648348e-133
2.750000000000e+00	0.000000000000e+00	0.000000000000e+00	0.000000000000e+00	0.000000000000e+00	0.000000000000e+00	4.134953234583e-315	1.343976190390e-254	1.139499485319e-205	4.262269499905e-166	7.746399116338e-134
2.751250000000e+00	0.000000000000e+00	0.000000000000e+00	0.000000000000e+00	0.000000000000e+00	0.000000000000e+00	1.668897250304e-315	6.214732455599e-255	5.903135967478e-206	2.429681846206e-166	4.788896341117e-134
2.752500000000e+00	0.000000000000e+00	0.000000000000e+00	0.000000000000e+00	0.000000000000e+00	0.000000000000e+00	6.731973768747e-316	2.872321156561e-255	3.056702367637e-206	1.384453897184e-166	2.959428774759e-134
2.753750000000e+00	0.000000000000e+00	0.000000000000e+00	0.000000000000e+00	0.000000000000e+00	0.000000000000e+00	2.713994982882e-316	1.326854358152e-255	1.582068319427e-206	7.885480723999e-167	1.828172770762e-134
2.755000000000e+00	0.000000000000e+00	0.000000000000e+00	0.000000000000e+00	0.000000000000e+00	0.000000000000e+00	1.093526758637e-316	6.126228783077e-256	8.184629569574e-207	4.489504773374e-167	1.128920783619e-134
2.756250000000e+00	0.000000000000e+00	0.000000000000e+00	0.000000000000e+00	0.000000000000e+00	0.000000000000e+00	4.403553742293e-317	2.827111034212e-256	4.232281406576e-207	2.554990488823e-167	6.968616891679e-135
2.757500000000e+00	0.000000000000e+00	0.000000000000e+00	0.000000000000e+00	0.000000000000e+00	0.000000000000e+00	1.772281652692e-317	1.303983865811e-256	2.187518619594e-207	1.453452103657e-167	4.299981612208e-135
2.758750000000e+00	0.000000000000e+00	0.000000000000e+00	0.000000000000e+00	0.000000000000e+00	0.000000000000e+00	7.128734865463e-318	6.011478084683e-257	1.130135959697e-207	8.264807616724e-168	2.652305195061e-135
2.760000000000e+00	0.000000000000e+00	0.000000000000e+00	0.000000000000e+00	0.000000000000e+00	0.000000000000e+00	2.865837660015e-318	2.769937797367e-257	5.835947055711e-208	4.697700874268e-168	1.635374726717e-135
2.761250000000e+00	0.000000000000e+00	0.000000000000e+00	0.000000000000e+00	0.000000000000e+00	0.000000000000e+00	1.151400225007e-318	1.275670354100e-257	3.012268680882e-208	2.669061356311e-168	1.007970811412e-135
2.762500000000e+00	0.000000000000e+00	0.000000000000e+00	0.000000000000e+00	0.000000000000e+00	0.000000000000e+00	4.623663940041e-319	5.872007576453e-258	1.554095787411e-208	1.515836436774e-168	6.210342022125e-136
2.763750000000e+00	0.000000000000e+00	0.000000000000e+00	0.000000000000e+00	0.000000000000e+00	0.000000000000e+00	1.855908192038e-319	2.701558956767e-258	8.014262695084e-209	8.605313838357e-169	3.824898982895e-136
2.765000000000e+00	0.000000000000e+00	0.000000000000e+00	0.000000000000e+00	0.000000000000e+00	0.000000000000e+00	7.444581151536e-320	1.242287141915e-258	4.130960841245e-209	4.883168071855e-169	2.354839484299e-136
2.766250000000e+00	0.000000000000e+00	0.000000000000e+00	0.000000000000e+00	0.000000000000e+00	0.000000000000e+00	2.986132763464e-320	5.709646604436e-259	2.128336515766e-209	2.769856168299e-169	1.449237412400e-136
2.767500000000e+00	0.000000000000e+00	0.000000000000e+00	0.000000000000e+00	0.000000000000e+00	0.000000000000e+00	1.193662600352e-320	2.622866373000e-259	1.096052174731e-209	1.570483399798e-169	8.915683707622e-137
2.768750000000e+00	0.000000000000e+00	0.000000000000e+00	0.000000000000e+00	0.000000000000e+00	0.000000000000e+00	4.812199390494e-321	1.204267038858e-259	5.641880376812e-210	8.900821046667e-170	5.482853698999e-137
2.770000000000e+00	0.000000000000e+00	0.000000000000e+00	0.000000000000e+00	0.000000000000e+00	0.000000000000e+00	1.956499957531e-321	5.526486740212e-260	2.902807476803e-210	5.042517054660e-170	3.370509460734e-137
2.771250000000e+00	0.000000000000e+00	0.000000000000e+00	0.000000000000e+00	0.000000000000e+00	0.000000000000e+00	7.707424075123e-322	2.534866914695e-260	1.492843584589e-210	2.855520411530e-170	2.071196634726e-137
2.772500000000e+00	0.000000000000e+00	0.000000000000e+00	0.000000000000e+00	0.000000000000e+00	0.000000000000e+00	2.766767616711e-322	1.162093017356e-260	7.673828568607e-211	1.616381045158e-170	1.272283812034e-137
2.773750000000e+00	0.000000000000e+00	0.000000000000e+00	0.000000000000e+00	0.000000000000e+00	0.000000000000e+00	1.383383808355e-322	5.324837004339e-261	3.942862149506e-211	9.145823500160e-171	7.812383596786e-138
2.775000000000e+00	0.000000000000e+00	0.000000000000e+00	0.000000000000e+00	0.000000000000e+00	0.000000000000e+00	6.916919041777e-323	2.438661057168e-261	2.024943023546e-211	5.172761677876e-171	4.795346634745e-138
2.776250000000e+00	0.000000000000e+00	0.000000000000e+00	0.000000000000e+00	0.000000000000e+00	0.000000000000e+00	0.000000000000e+00	1.116288025045e-261	1.039479038205e-211	2.924439967474e-171	2.942343284597e-138
2.777500000000e+00	0.000000000000e+00	0.000000000000e+00	0.000000000000e+00	0.000000000000e+00	0.000000000000e+00	0.000000000000e+00	5.107175555726e-262	5.333599209309e-212	1.652660085892e-171	1.804693955988e-138
2.778750000000e+00	0.000000000000e+00	0.000000000000e+00	0.000000000000e+00	0.000000000000e+00	0.000000000000e+00	0.000000000000e+00	2.335420056210e-262	2.735437102873e-212	9.335658420019e-172	1.106498107350e-138
2.780000000000e+00	0.000000000000e+00	0.000000000000e+00	0.000000000000e+00	0.000000000000e+00	0.000000000000e+00	0.000000000000e+00	1.067404237103e-262	1.402280202306e-212	5.271411923917e-172	6.781639119098e-139
2.781250000000e+00	0.000000000000e+00	0.000000000000e+00	0.000000000000e+00	0.000000000000e+00	0.000000000000e+00	0.000000000000e+00	4.876099255640e-263	7.185294709052e-213	2.975291647730e-172	4.154852050184e-139
2.782500000000e+00	0.000000000000e+00	0.000000000000e+00	0.000000000000e+00	0.000000000000e+00	0.000000000000e+00	0.000000000000e+00	2.226362356406e-263	3.680070024189e-213	1.678621257271e-172	2.544563775847e-139
2.783750000000e+00	0.000000000000e+00	0.000000000000e+00	0.000000000000e+00	0.000000000000e+00	0.000000000000e+00	0.000000000000e+00	1.016012055894e-263	1.883949655568e-213	9.466653490199e-173	1.557786749328e-139
2.785000000000e+00	0.000000000000e+00	0.000000000000e+00	0.000000000000e+00	0.000000000000e+00	0.000000000000e+00	0.000000000000e+00	4.634272533341e-264	9.640159451632e-214	5.336553038163e-173	9.533218756881e-140
2.786250000000e+00	0.000000000000e+00	0.000000000000e+00	0.000000000000e+00	0.000000000000e+00	0.000000000000e+00	0.000000000000e+00	2.112729893789e-264	4.930612307074e-214	3.007085429010e-173	5.831872231674e-140
2.787500000000e+00	0.000000000000e+00	0.000000000000e+00	0.000000000000e+00	0.000000000000e+00	0.000000000000e+00	0.000000000000e+00	9.626891617859e-265	2.520688657660e-214	1.693757726377e-173	3.566262696306e-140
2.788750000000e+00	0.000000000000e+00	0.000000000000e+00	0.000000000000e+00	0.000000000000e+00	0.000000000000e+00	0.000000000000e+00	4.384376946950e-265	1.288069428764e-214	9.536244981109e-174	2.179995260304e-140
2.790000000000e+00	0.000000000000e+00	0.000000000000e+00	0.000000000000e+00	0.000000000000e+00	0.000000000000e+00	0.000000000000e+00	1.995764929451e-265	6.579017657927e-215	5.366907327962e-174	1.332093337944e-140
2.791250000000e+00	0.000000000000e+00	0.000000000000e+00	0.000000000000e+00	0.000000000000e+00	0.000000000000e+00	0.000000000000e+00	9.080099047553e-266	3.358803097914e-215	3.019196505059e-174	8.136743986764e-141
2.792500000000e+00	0.000000000000e+00	0.000000000000e+00	0.000000000000e+00	0.000000000000e+00	0.000000000000e+00	0.000000000000e+00	4.129062751750e-266	1.713995793988e-215	1.697771546594e-174	4.968251076756e-141
2.793750000000e+00	0.000000000000e+00	0.000000000000e+00	0.000000000000e+00	0.000000000000e+00	0.000000000000e+00	0.000000000000e+00	1.876688006017e-266	8.742520762825e-216	9.543061189945e-175	3.032447616179e-141
2.795000000000e+00	0.000000000000e+00	0.000000000000e+00	0.000000000000e+00	0.000000000000e+00	0.000000000000e+00	0.000000000000e+00	8.525353025880e-267	4.457232686349e-216	5.361875838893e-175	1.850205501024e-141
2.796250000000e+00	0.000000000000e+00	0.000000000000e+00	0.000000000000e+00	0.000000000000e+00	0.000000000000e+00	0.000000000000e+00	3.870903663764e-267	2.271410634183e-216	3.011385706025e-175	1.128453107167e-141
2.797500000000e+00	0.000000000000e+00	0.000000000000e+00	0.000000000000e+00	0.000000000000e+00	0.000000000000e+00	0.000000000000e+00	1.756677555199e-267	1.156984968066e-216	1.690583410814e-175	6.879928960537e-142
2.798750000000e+00	0.000000000000e+00	0.000000000000e+00	0.000000000000e+00	0.000000000000e+00	0.000000000000e+00	0.000000000000e+00	7.968038793108e-268	5.890626570579e-217	9.486967404098e-176	4.192965408033e-142
2.800000000000e+00	0.000000000000e+00	0.000000000000e+00	0.000000000000e+00	0.000000000000e+00	0.000000000000e+00	0.000000000000e+00	3.612355846217e-268	2.997760834546e-217	5.321558009290e-176	2.554438748616e-142
2.801250000000e+00	0.000000000000e+00	0.000000000000e+00	0.000000000000e+00	0.000000000000e+00	0.000000000000e+00	0.000000000000e+00	1.636851605586e-268	1.524874789302e-217	2.983807353067e-176	1.555631024289e-142
2.802500000000e+00	0.000000000000e+00	0.000000000000e+00	0.000000000000e+00	0.000000000000e+00	0.000000000000e+00	0.000000000000e+00	7.413235388229e-269	7.753059216994e-218	1.672335257350e-176	9.470100469410e-143
2.803750000000e+00	0.000000000000e+00	0.000000000000e+00	0.000000000000e+00	0.000000000000e+00	0.000000000000e+00	0.000000000000e+00	3.355721958655e-269	3.940158855022e-218	9.369070328733e-177	5.762878529849e-143
2.805000000000e+00	0.000000000000e+00	0.000000000000e+00	0.000000000000e+00	0.000000000000e+00	0.000000000000e+00	0.000000000000e+00	1.518251949224e-269	2.001502218640e-218	5.246748402075e-177	3.505590901799e-143
2.806250000000e+00	0.000000000000e+00	0.000000000000e+00	0.000000000000e+00	0.000000000000e+00	0.000000000000e+00	0.000000000000e+00	6.865646252944e-270	1.016249006105e-218	2.937004187872e-177	2.131669586303e-143
2.807500000000e+00	0.000000000000e+00	0.000000000000e+00	0.000000000000e+00	0.000000000000e+00	0.000000000000e+00	0.000000000000e+00	3.103120901911e-270	5.157579198541e-219	1.643385608959e-177	1.295732742049e-143
2.808750000000e+00	0.000000000000e+00	0.000000000000e+00	0.000000000000e+00	0.000000000000e+00	0.000000000000e+00	0.000000000000e+00	1.401831027764e-270	2.616335241590e-219	9.191681775302e-178	7.873138035443e-144
2.810000000000e+00	0.000000000000e+00	0.000000000000e+00	0.000000000000e+00	0.000000000000e+00	0.000000000000e+00	0.000000000000e+00	6.329542758447e-271	1.326607934100e-219	5.138910663920e-178	4.782083848764e-144
2.811250000000e+00	0.000000000000e+00	0.000000000000e+00	0.000000000000e+00	0.000000000000e+00	0.000000000000e+00	0.000000000000e+00	2.856463676185e-271	6.723470494942e-220	2.871889609788e-178	2.903510467788e-144
2.812500000000e+00	0.000000000000e+00	0.000000000000e+00	0.000000000000e+00	0.000000000000e+00	0.000000000000e+00	0.000000000000e+00	1.288441698220e-271	3.406011657992e-220	1.604297858757e-178	1.762245839189e-144
2.813750000000e+00	0.000000000000e+00	0.000000000000e+00	0.000000000000e+00	0.000000000000e+00	0.000000000000e+00	0.000000000000e+00	5.808721242348e-272	1.724648005947e-220	8.958243275227e-179	1.069169299915e-144
2.815000000000e+00	0.000000000000e+00	0.000000000000e+00	0.000000000000e+00	0.000000000000e+00	0.000000000000e+00	0.000000000000e+00	2.617435553345e-272	8.728839837685e-221	5.000129904003e-179	6.484303805922e-145
2.816250000000e+00	0.000000000000e+00	0.000000000000e+00	0.000000000000e+00	0.000000000000e+00	0.000000000000e+00	0.000000000000e+00	1.178829938896e-272	4.415849798906e-221	2.789718032694e-179	3.931127387717e-145
2.817500000000e+00	0.000000000000e+00	0.000000000000e+00	0.000000000000e+00	0.000000000000e+00	0.000000000000e+00	0.000000000000e+00	5.306473687328e-273	2.232923141069e-221	1.555822037715e-179	2.382362084099e-145
2.818750000000e+00	0.000000000000e+00	0.000000000000e+00	0.000000000000e+00	0.000000000000e+00	0.000000000000e+00	0.000000000000e+00	2.387484556617e-273	1.128586809421e-221	8.673215052847e-180	1.443229203555e-145
2.820000000000e+00	0.000000000000e+00	0.000000000000e+00	0.000000000000e+00	0.000000000000e+00	0.000000000000e+00	0.000000000000e+00	1.073630461631e-273	5.701614881135e-222	4.833045656692e-180	8.739764616778e-146
2.821250000000e+00	0.000000000000e+00	0.000000000000e+00	0.000000000000e+00	0.000000000000e+00	0.000000000000e+00	0.000000000000e+00	4.825571746345e-274	2.879138137361e-222	2.692044705417e-180	5.290552794291e-146
2.822500000000e+00	0.000000000000e+00	0.000000000000e+00	0.000000000000e+00	0.000000000000e+00	0.000000000000e+00	0.000000000000e+00	2.167816048817e-274	1.453211543499e-222	1.498870887897e-180	3.201394963131e-146
2.823750000000e+00	0.000000000000e+00	0.000000000000e+00	0.000000000000e+00	0.000000000000e+00	0.000000000000e+00	0.000000000000e+00	9.733651104958e-275	7.331568379479e-223	8.341934360634e-181	1.936485950438e-146
2.825000000000e+00	0.000000000000e+00	0.000000000000e+00	0.000000000000e+00	0.000000000000e+00	0.000000000000e+00	0.000000000000e+00	4.368263435831e-275	3.697146447135e-223	4.640768438496e-181	1.170917594744e-146
2.826250000000e+00	0.000000000000e+00	0.000000000000e+00	0.000000000000e+00	0.000000000000e+00	0.000000000000e+00	0.000000000000e+00	1.959393060322e-275	1.863537479249e-223	2.580676793130e-181	7.077423794640e-147
2.827500000000e+00	0.000000000000e+00	0.000000000000e+00	0.000000000000e+00	0.000000000000e+00	0.000000000000e+00	0.000000000000e+00	8.784438521866e-276	9.388826710700e-224	1.434491307395e-181	4.276229055886e-147
2.828750000000e+00	0.000000000000e+00	0.000000000000e+00	0.000000000000e+00	0.000000000000e+00	0.000000000000e+00	0.000000000000e+00	3.936281490153e-276	4.728095378252e-224	7.970449459648e-182	2.582757353695e-147
2.830000000000e+00	0.000000000000e+00	0.000000000000e+00	0.000000000000e+00	0.000000000000e+00	0.000000000000e+00	0.000000000000e+00	1.762941845094e-276	2.379922681724e-224	4.426783582161e-182	1.559348338167e-147
2.831250000000e+00	0.000000000000e+00	0.000000000000e+00	0.000000000000e+00	0.000000000000e+00	0.000000000000e+00	0.000000000000e+00	7.891681015359e-277	1.197405313506e-224	2.457617867614e-182	9.411082166248e-148
2.832500000000e+00	0.000000000000e+00	0.000000000000e+00	0.000000000000e+00	0.000000000000e+00	0.000000000000e+00	0.000000000000e+00	3.530862105566e-277	6.021729290395e-225	1.363832413732e-182	5.677705693864e-148
2.833750000000e+00	0.000000000000e+00	0.000000000000e+00	0.000000000000e+00	0.000000000000e+00	0.000000000000e+00	0.000000000000e+00	1.578962040397e-277	3.026934254828e-225	7.565336450652e-183	3.424073488764e-148
2.835000000000e+00	0.000000000000e+00	0.000000000000e+00	0.000000000000e+00	0.000000000000e+00	0.000000000000e+00	0.000000000000e+00	7.057360782083e-278	1.520850281023e-225	4.194846494932e-183	2.064192356781e-148
2.836250000000e+00	0.000000000000e+00	0.000000000000e+00	0.000000000000e+00	0.000000000000e+00	0.000000000000e+00	0.000000000000e+00	3.152772604841e-278	7.637859238521e-226	2.325008183793e-183	1.243924846242e-148
2.837500000000e+00	0.000000000000e+00	0.000000000000e+00	0.000000000000e+00	0.000000000000e+00	0.000000000000e+00	0.000000000000e+00	1.407740725113e-278	3.834056883993e-226	1.288111583575e-183	7.493332567973e-149
2.838750000000e+00	0.000000000000e+00	0.000000000000e+00	0.000000000000e+00	0.000000000000e+00	0.000000000000e+00	0.000000000000e+00	6.282498581377e-279	1.923743508891e-226	7.133506683161e-184	4.512245925831e-149
2.840000000000e+00	0.000000000000e+00	0.000000000000e+00	0.000000000000e+00	0.000000000000e+00	0.000000000000e+00	0.000000000000e+00	2.802346426084e-279	9.648004483849e-227	3.948873723104e-184	2.716110306583e-149
2.841250000000e+00	0.000000000000e+00	0.000000000000e+00	0.000000000000e+00	0.000000000000e+00	0.000000000000e+00	0.000000000000e+00	1.249369622954e-279	4.836481596589e-227	2.185063219191e-184	1.634326918647e-149
2.842500000000e+00	0.000000000000e+00	0.000000000000e+00	0.000000000000e+00	0.000000000000e+00	0.000000000000e+00	0.000000000000e+00	5.567237655617e-280	2.423389915125e-227	1.208579863802e-184	9.830313149765e-150
2.843750000000e+00	0.000000000000e+00	0.000000000000e+00	0.000000000000e+00	0.000000000000e+00	0.000000000000e+00	0.000000000000e+00	2.479523779220e-280	1.213720721770e-227	6.682012574616e-185	5.910614840645e-150
2.845000000000e+00	0.000000000000e+00	0.000000000000e+00	0.000000000000e+00	0.000000000000e+00	0.000000000000e+00	0.000000000000e+00	1.103764679027e-280	6.075974616677e-228	3.692834205743e-185	3.552506289154e-150
2.846250000000e+00	0.000000000000e+00	0.000000000000e+00	0.000000000000e+00	0.000000000000e+00	0.000000000000e+00	0.000000000000e+00	4.910937477696e-281	3.040288864149e-228	2.040012920989e-185	2.134390795592e-150
2.847500000000e+00	0.000000000000e+00	0.000000000000e+00	0.000000000000e+00	0.000000000000e+00	0.000000000000e+00	0.000000000000e+00	2.183896316684e-281	1.520601660712e-228	1.126488113078e-185	1.281887497151e-150
2.848750000000e+00	0.000000000000e+00	0.000000000000e+00	0.000000000000e+00	0.000000000000e+00	0.000000000000e+00	0.000000000000e+00	9.706872487367e-282	7.601823569966e-229	6.217859371071e-186	7.695959478744e-151
2.850000000000e+00	0.000000000000e+00	0.000000000000e+00	0.000000000000e+00	0.000000000000e+00	0.000000000000e+00	0.000000000000e+00	4.312273836436e-282	3.798584790970e-229	3.430644876952e-186	4.618623079478e-151
2.851250000000e+00	0.000000000000e+00	0.000000000000e+00	0.000000000000e+00	0.000000000000e+00	0.000000000000e+00	0.000000000000e+00	1.914754224318e-282	1.897263177728e-229	1.892043949940e-186	2.770761591947e-151
2.852500000000e+00	0.000000000000e+00	0.000000000000e+00	0.000000000000e+00	0.000000000000e+00	0.000000000000e+00	0.000000000000e+00	8.497661735593e-283	9.471855078564e-230	1.043055129478e-186	1.661585465721e-151
2.853750000000e+00	0.000000000000e+00	0.000000000000e+00	0.000000000000e+00	0.000000000000e+00	0.000000000000e+00	0.000000000000e+00	3.769341969876e-283	4.726549658099e-230	5.747829710564e-187	9.960544930710e-152
2.855000000000e+00	0.000000000000e+00	0.000000000000e+00	0.000000000000e+00	0.000000000000e+00	0.000000000000e+00	0.000000000000e+00	1.671134246006e-283	2.357518553008e-230	3.166074351960e-187	5.968708941245e-152
2.856250000000e+00	0.000000000000e+00	0.000000000000e+00	0.000000000000e+00	0.000000000000e+00	0.000000000000e+00	0.000000000000e+00	7.405200745204e-284	1.175351394973e-230	1.743246946633e-187	3.575317316723e-152
2.857500000000e+00	0.000000000000e+00	0.000000000000e+00	0.000000000000e+00	0.000000000000e+00	0.000000000000e+00	0.000000000000e+00	3.279759745556e-284	5.857092040654e-231	9.594388579207e-188	2.140847202265e-152
2.858750000000e+00	0.000000000000e+00	0.000000000000e+00	0.000000000000e+00	0.000000000000e+00	0.000000000000e+00	0.000000000000e+00	1.451867301432e-284	2.917414144113e-231	5.278326869301e-188	1.281426318247e-152
2.860000000000e+00	0.000000000000e+00	0.000000000000e+00	0.000000000000e+00	0.000000000000e+00	0.000000000000e+00	0.000000000000e+00	6.423792668605e-285	1.452498970701e-231	2.902657843177e-188	7.667230073128e-153
2.861250000000e+00	0.000000000000e+00	0.000000000000e+00	0.000000000000e+00	0.000000000000e+00	0.000000000000e+00	0.000000000000e+00	2.840768244450e-285	7.228285472988e-232	1.595570494758e-188	4.585854168535e-153
2.862500000000e+00	0.000000000000e+00	0.000000000000e+00	0.000000000000e+00	0.000000000000e+00	0.000000000000e+00	0.000000000000e+00	1.255624530614e-285	3.595476651395e-232	8.767115638266e-189	2.741819575272e-153
2.863750000000e+00	0.000000000000e+00	0.000000000000e+00	0.000000000000e+00	0.000000000000e+00	0.000000000000e+00	0.000000000000e+00	5.547067835892e-286	1.787637116267e-232	4.815241353149e-189	1.638680908453e-153
2.865000000000e+00	0.000000000000e+00	0.000000000000e+00	0.000000000000e+00	0.000000000000e+00	0.000000000000e+00	0.000000000000e+00	2.449327509129e-286	8.883906259936e-233	2.643625741706e-189	9.790092688798e-154
2.866250000000e+00	0.000000000000e+00	0.000000000000e+00	0.000000000000e+00	0.000000000000e+00	0.000000000000e+00	0.000000000000e+00	1.080960791380e-286	4.412962990691e-233	1.450783043580e-189	5.846771233234e-154
2.867500000000e+00	0.000000000000e+00	0.000000000000e+00	0.000000000000e+00	0.000000000000e+00	0.000000000000e+00	0.000000000000e+00	4.768180868030e-287	2.191080414787e-233	7.958396211744e-190	3.490456965364e-154
2.868750000000e+00	0.000000000000e+00	0.000000000000e+00	0.000000000000e+00	0.000000000000e+00	0.000000000000e+00	0.000000000000e+00	2.102205646143e-287	1.087396829147e-233	4.363844127964e-190	2.082981259233e-154
2.870000000000e+00	0.000000000000e+00	0.000000000000e+00	0.000000000000e+00	0.000000000000e+00	0.000000000000e+00	0.000000000000e+00	9.263548370875e-288	5.394106556860e-234	2.391847516471e-190	1.242582765438e-154
2.871250000000e+00	0.000000000000e+00	0.000000000000e+00	0.000000000000e+00	0.000000000000e+00	0.000000000000e+00	0.000000000000e+00	4.079991393880e-288	2.674562150124e-234	1.310443605446e-190	7.409726484538e-155
2.872500000000e+00	0.000000000000e+00	0.000000000000e+00	0.000000000000e+00	0.000000000000e+00	0.000000000000e+00	0.000000000000e+00	1.796059907626e-288	1.325523955405e-234	7.176683098673e-191	4.416883221031e-155
2.873750000000e+00	0.000000000000e+00	0.000000000000e+00	0.000000000000e+00	0.000000000000e+00	0.000000000000e+00	0.000000000000e+00	7.902456028404e-289	6.566352320133e-235	3.928708350303e-191	2.631882796139e-155
2.875000000000e+00	0.000000000000e+00	0.000000000000e+00	0.000000000000e+00	0.000000000000e+00	0.000000000000e+00	0.000000000000e+00	3.475226021915e-289	3.251340811089e-235	2.149791776678e-191	1.567667886051e-155
2.876250000000e+00	0.000000000000e+00	0.000000000000e+00	0.000000000000e+00	0.000000000000e+00	0.000000000000e+00	0.000000000000e+00	1.527508800633e-289	1.609172207876e-235	1.175881591708e-191	9.334229331764e-156
2.877500000000e+00	0.000000000000e+00	0.000000000000e+00	0.000000000000e+00	0.000000000000e+00	0.000000000000e+00	0.000000000000e+00	6.710642216844e-290	7.960571819137e-236	6.429117643563e-192	5.555712456979e-156
2.878750000000e+00	0.000000000000e+00	0.000000000000e+00	0.000000000000e+00	0.000000000000e+00	0.000000000000e+00	0.000000000000e+00	2.946620095320e-290	3.936295740009e-236	3.513660051119e-192	3.305505939939e-156
2.880000000000e+00	0.000000000000e+00	0.000000000000e+00	0.000000000000e+00	0.000000000000e+00	0.000000000000e+00	0.000000000000e+00	1.293194670087e-290	1.945507410164e-236	1.919502561324e-192	1.965952461689e-156
2.881250000000e+00	0.000000000000e+00	0.000000000000e+00	0.000000000000e+00	0.000000000000e+00	0.000000000000e+00	0.000000000000e+00	5.672615714154e-291	9.611247748214e-237	1.048185717937e-192	1.168812830928e-156
2.882500000000e+00	0.000000000000e+00	0.000000000000e+00	0.000000000000e+00	0.000000000000e+00	0.000000000000e+00	0.000000000000e+00	2.487038563757e-291	4.746006938040e-237	5.721479771352e-193	6.946304502548e-157
2.883750000000e+00	0.000000000000e+00	0.000000000000e+00	0.000000000000e+00	0.000000000000e+00	0.000000000000e+00	0.000000000000e+00	1.089836561087e-291	2.342495035285e-237	3.121756916476e-193	4.126668212450e-157
2.885000000000e+00	0.000000000000e+00	0.000000000000e+00	0.000000000000e+00	0.000000000000e+00	0.000000000000e+00	0.000000000000e+00	4.773313129551e-292	1.155661654033e-237	1.702591203710e-193	2.450655000689e-157
2.886250000000e+00	0.000000000000e+00	0.000000000000e+00	0.000000000000e+00	0.000000000000e+00	0.000000000000e+00	0.000000000000e+00	2.089576016301e-292	5.698813455546e-238	9.282015193127e-194	1.454794626558e-157
2.887500000000e+00	0.000000000000e+00	0.000000000000e+00	0.000000000000e+00	0.000000000000e+00	0.000000000000e+00	0.000000000000e+00	9.142734805078e-293	2.808923377938e-238	5.058185490951e-194	8.632927399897e-158
2.888750000000e+00	0.000000000000e+00	0.000000000000e+00	0.000000000000e+00	0.000000000000e+00	0.000000000000e+00	0.000000000000e+00	3.998285193767e-293	1.383875618823e-238	2.755293165712e-194	5.120959927493e-158
2.890000000000e+00	0.000000000000e+00	0.000000000000e+00	0.000000000000e+00	0.000000000000e+00	0.000000000000e+00	0.000000000000e+00	1.747636524608e-293	6.814844287197e-239	1.500242503606e-194	3.036557816336e-158
2.891250000000e+00	0.000000000000e+00	0.000000000000e+00	0.000000000000e+00	0.000000000000e+00	0.000000000000e+00	0.000000000000e+00	7.634984410480e-294	3.354412979851e-239	8.165366875798e-195	1.799901007484e-158
2.892500000000e+00	0.000000000000e+00	0.000000000000e+00	0.000000000000e+00	0.000000000000e+00	0.000000000000e+00	0.000000000000e+00	3.333841087177e-294	1.650360560272e-239	4.442327031344e-195	1.066479652598e-158
2.893750000000e+00	0.000000000000e+00	0.000000000000e+00	0.000000000000e+00	0.000000000000e+00	0.000000000000e+00	0.000000000000e+00	1.454994436519e-294	8.116015294846e-240	2.415827596778e-195	6.316746031968e-159
2.895000000000e+00	0.000000000000e+00	0.000000000000e+00	0.000000000000e+00	0.000000000000e+00	0.000000000000e+00	0.000000000000e+00	6.346838811134e-295	3.989409255216e-240	1.313233449356e-195	3.739996078726e-159
2.896250000000e+00	0.000000000000e+00	0.000000000000e+00	0.000000000000e+00	0.000000000000e+00	0.000000000000e+00	0.000000000000e+00	2.767153830447e-295	1.960090116018e-240	7.135731842517e-196	2.213531801857e-159
2.897500000000e+00	0.000000000000e+00	0.000000000000e+00	0.000000000000e+00	0.000000000000e+00	0.000000000000e+00	0.000000000000e+00	1.205837637020e-295	9.625985436179e-241	3.875749440315e-196	1.309595799080e-159
2.898750000000e+00	0.000000000000e+00	0.000000000000e+00	0.000000000000e+00	0.000000000000e+00	0.000000000000e+00	0.000000000000e+00	5.251992113676e-296	4.725155177077e-241	2.104231181079e-196	7.745075738582e-160
2.900000000000e+00	0.000000000000e+00	0.000000000000e+00	0.000000000000e+00	0.000000000000e+00	0.000000000000e+00	0.000000000000e+00	2.286330413553e-296	2.318401582924e-241	1.141962381287e-196	4.578792399076e-160
2.901250000000e+00	0.000000000000e+00	0.000000000000e+00	0.000000000000e+00	0.000000000000e+00	0.000000000000e+00	0.000000000000e+00	9.947950595939e-297	1.137006552375e-241	6.194849075973e-197	2.705908617436e-160
2.902500000000e+00	0.000000000000e+00	0.000000000000e+00	0.000000000000e+00	0.000000000000e+00	0.000000000000e+00	0.000000000000e+00	4.326213459024e-297	5.573640894601e-242	3.359156593450e-197	1.598498329113e-160
2.903750000000e+00	0.000000000000e+00	0.000000000000e+00	0.000000000000e+00	0.000000000000e+00	0.000000000000e+00	0.000000000000e+00	1.880450762642e-297	2.730968647585e-242	1.820750157800e-197	9.439481419183e-161
2.905000000000e+00	0.000000000000e+00	0.000000000000e+00	0.000000000000e+00	0.000000000000e+00	0.000000000000e+00	0.000000000000e+00	8.169503944417e-298	1.337507291799e-242	9.864862804332e-198	5.572126580251e-161
2.906250000000e+00	0.000000000000e+00	0.000000000000e+00	0.000000000000e+00	0.000000000000e+00	0.000000000000e+00	0.000000000000e+00	3.547391370439e-298	6.547527274109e-243	5.342595942805e-198	3.287991602128e-161
2.907500000000e+00	0.000000000000e+00	0.000000000000e+00	0.000000000000e+00	0.000000000000e+00	0.000000000000e+00	0.000000000000e+00	1.539579861433e-298	3.203761570968e-243	2.892239128178e-198	1.939444312006e-161
2.908750000000e+00	0.000000000000e+00	0.000000000000e+00	0.000000000000e+00	0.000000000000e+00	0.000000000000e+00	0.000000000000e+00	6.678440116176e-299	1.566912600598e-243	1.565080395491e-198	1.143564899930e-161
2.910000000000e+00	0.000000000000e+00	0.000000000000e+00	0.000000000000e+00	0.000000000000e+00	0.000000000000e+00	0.000000000000e+00	2.895526531073e-299	7.660040610007e-244	8.465637978082e-199	6.740330750112e-162
2.911250000000e+00	0.000000000000e+00	0.000000000000e+00	0.000000000000e+00	0.000000000000e+00	0.000000000000e+00	0.000000000000e+00	1.254757381341e-299	3.742993602818e-244	4.577236163274e-199	3.971352961964e-162
2.912500000000e+00	0.000000000000e+00	0.000000000000e+00	0.000000000000e+00	0.000000000000e+00	0.000000000000e+00	0.000000000000e+00	5.434651097257e-300	1.828137306827e-244	2.473816805011e-199	2.339013107281e-162
2.913750000000e+00	0.000000000000e+00	0.000000000000e+00	0.000000000000e+00	0.000000000000e+00	0.000000000000e+00	0.000000000000e+00	2.352682241601e-300	8.924836149701e-245	1.336448836566e-199	1.377094398684e-162
2.915000000000e+00	0.000000000000e+00	0.000000000000e+00	0.000000000000e+00	0.000000000000e+00	0.000000000000e+00	0.000000000000e+00	1.017969061658e-300	4.355052609663e-245	7.217016962120e-200	8.104601329500e-163
2.916250000000e+00	0.000000000000e+00	0.000000000000e+00	0.000000000000e+00	0.000000000000e+00	0.000000000000e+00	0.000000000000e+00	4.402360282887e-301	2.124165121449e-245	3.895683820901e-200	4.768002665805e-163
2.917500000000e+00	0.000000000000e+00	0.000000000000e+00	0.000000000000e+00	0.000000000000e+00	0.000000000000e+00	0.000000000000e+00	1.902901385970e-301	1.035582862951e-245	2.101988154518e-200	2.804001302203e-163
2.918750000000e+00	0.000000000000e+00	0.000000000000e+00	0.000000000000e+00	0.000000000000e+00	0.000000000000e+00	0.000000000000e+00	8.221038483572e-302	5.046417181589e-246	1.133698086978e-200	1.648378042507e-163
2.920000000000e+00	0.000000000000e+00	0.000000000000e+00	0.000000000000e+00	0.000000000000e+00	0.000000000000e+00	0.000000000000e+00	3.549905384549e-302	2.458007248856e-246	6.112025397814e-201	9.686621249469e-164
2.921250000000e+00	0.000000000000e+00	0.000000000000e+00	0.000000000000e+00	0.000000000000e+00	0.000000000000e+00	0.000000000000e+00	1.532098095807e-302	1.196698873168e-246	3.293771546795e-201	5.690162976664e-164
2.922500000000e+00	0.000000000000e+00	0.000000000000e+00	0.000000000000e+00	0.000000000000e+00	0.000000000000e+00	0.000000000000e+00	6.609004775276e-303	5.823556838799e-247	1.774280926243e-201	3.341288535047e-164
2.923750000000e+00	0.000000000000e+00	0.000000000000e+00	0.000000000000e+00	0.000000000000e+00	0.000000000000e+00	0.000000000000e+00	2.849477660797e-303	2.832653601166e-247	9.553706189149e-202	1.961282457433e-164
2.925000000000e+00	0.000000000000e+00	0.000000000000e+00	0.000000000000e+00	0.000000000000e+00	0.000000000000e+00	0.000000000000e+00	1.227931514341e-303	1.377210524519e-247	5.142117131398e-202	1.150808856549e-164
2.926250000000e+00	0.000000000000e+00	0.000000000000e+00	0.000000000000e+00	0.000000000000e+00	0.000000000000e+00	0.000000000000e+00	5.288868054312e-304	6.692816387921e-248	2.766512495689e-202	6.749990096060e-165
2.927500000000e+00	0.000000000000e+00	0.000000000000e+00	0.000000000000e+00	0.000000000000e+00	0.000000000000e+00	0.000000000000e+00	2.276832161637e-304	3.251016713037e-248	1.487797738057e-202	3.957673510296e-165
2.928750000000e+00	0.000000000000e+00	0.000000000000e+00	0.000000000000e+00	0.000000000000e+00	0.000000000000e+00	0.000000000000e+00	9.796681760888e-305	1.578451373671e-248	7.997895750296e-203	2.319603102236e-165
2.930000000000e+00	0.000000000000e+00	0.000000000000e+00	0.000000000000e+00	0.000000000000e+00	0.000000000000e+00	0.000000000000e+00	4.213147672247e-305	7.660284975285e-249	4.297621569972e-203	1.359015112244e-165
2.931250000000e+00	0.000000000000e+00	0.000000000000e+00	0.000000000000e+00	0.000000000000e+00	0.000000000000e+00	0.000000000000e+00	1.810981695344e-305	3.715868694294e-249	2.308347505749e-203	7.959243285003e-166
2.932500000000e+00	0.000000000000e+00	0.000000000000e+00	0.000000000000e+00	0.000000000000e+00	0.000000000000e+00	0.000000000000e+00	7.780385894171e-306	1.801679369734e-249	1.239352351291e-203	4.659680738156e-166
2.933750000000e+00	0.000000000000e+00	0.000000000000e+00	0.000000000000e+00	0.000000000000e+00	0.000000000000e+00	0.000000000000e+00	3.340934128668e-306	8.731650940879e-250	6.651337536150e-204	2.726951613734e-166
2.935000000000e+00	0.000000000000e+00	0.000000000000e+00	0.000000000000e+00	0.000000000000e+00	0.000000000000e+00	0.000000000000e+00	1.433885213330e-306	4.229771823951e-250	3.568155453910e-204	1.595275115462e-166
2.936250000000e+00	0.000000000000e+00	0.000000000000e+00	0.000000000000e+00	0.000000000000e+00	0.000000000000e+00	0.000000000000e+00	6.150926782509e-307	2.048043740052e-250	1.913370762575e-204	9.328904298149e-167
2.937500000000e+00	0.000000000000e+00	0.000000000000e+00	0.000000000000e+00	0.000000000000e+00	0.000000000000e+00	0.000000000000e+00	2.637220401097e-307	9.912044180024e-251	1.025593091403e-204	5.453339971955e-167
2.938750000000e+00	0.000000000000e+00	0.000000000000e+00	0.000000000000e+00	0.000000000000e+00	0.000000000000e+00	0.000000000000e+00	1.130139342886e-307	4.795003674843e-251	5.495049727106e-205	3.186628215095e-167
2.940000000000e+00	0.000000000000e+00	0.000000000000e+00	0.000000000000e+00	0.000000000000e+00	0.000000000000e+00	0.000000000000e+00	4.840578409463e-308	2.318549505349e-251	2.942989780522e-205	1.861388855537e-167
2.941250000000e+00	0.000000000000e+00	0.000000000000e+00	0.000000000000e+00	0.000000000000e+00	0.000000000000e+00	0.000000000000e+00	2.072250355257e-308	1.120586835307e-251	1.575529241733e-205	1.086875276910e-167
2.942500000000e+00	0.000000000000e+00	0.000000000000e+00	0.000000000000e+00	0.000000000000e+00	0.000000000000e+00	0.000000000000e+00	8.866799419643e-309	5.413477954557e-252	8.431110261777e-206	6.343941930237e-168
2.943750000000e+00	0.000000000000e+00	0.000000000000e+00	0.000000000000e+00	0.000000000000e+00	0.000000000000e+00	0.000000000000e+00	3.792025451849e-309	2.614020220819e-252	4.509866195959e-206	3.701481442227e-168
2.945000000000e+00	0.000000000000e+00	0.000000000000e+00	0.000000000000e+00	0.000000000000e+00	0.000000000000e+00	0.000000000000e+00	1.620896562086e-309	1.261662592590e-252	2.411365992181e-206	2.158881685493e-168
2.946250000000e+00	0.000000000000e+00	0.000000000000e+00	0.000000000000e+00	0.000000000000e+00	0.000000000000e+00	0.000000000000e+00	6.924988501948e-310	6.086662545720e-253	1.288793073739e-206	1.258690621258e-168
2.947500000000e+00	0.000000000000e+00	0.000000000000e+00	0.000000000000e+00	0.000000000000e+00	0.000000000000e+00	0.000000000000e+00	2.957076161410e-310	2.935059676701e-253	6.885315447660e-207	7.335775613762e-169
2.948750000000e+00	0.000000000000e+00	0.000000000000e+00	0.000000000000e+00	0.000000000000e+00	0.000000000000e+00	0.000000000000e+00	1.262076446521e-310	1.414673965226e-253	3.676927592115e-207	4.273758421266e-169
2.950000000000e+00	0.000000000000e+00	0.000000000000e+00	0.000000000000e+00	0.000000000000e+00	0.000000000000e+00	0.000000000000e+00	5.383794958196e-311	6.815496515251e-254	1.962758650377e-207	2.488919147649e-169
2.951250000000e+00	0.000000000000e+00	0.000000000000e+00	0.000000000000e+00	0.000000000000e+00	0.000000000000e+00	0.000000000000e+00	2.295467028704e-311	3.282013421937e-254	1.047295673634e-207	1.448933642848e-169
2.952500000000e+00	0.000000000000e+00	0.000000000000e+00	0.000000000000e+00	0.000000000000e+00	0.000000000000e+00	0.000000000000e+00	9.782127177556e-312	1.579737469580e-254	5.585889056764e-208	8.431854280477e-170
2.953750000000e+00	0.000000000000e+00	0.000000000000e+00	0.000000000000e+00	0.000000000000e+00	0.000000000000e+00	0.000000000000e+00	4.166537054583e-312	7.600308125379e-255	2.978076770262e-208	4.904949911815e-170
2.955000000000e+00	0.000000000000e+00	0.000000000000e+00	0.000000000000e+00	0.000000000000e+00	0.000000000000e+00	0.000000000000e+00	1.773768304797e-312	3.654931091702e-255	1.587084532719e-208	2.852219531873e-170
2.956250000000e+00	0.000000000000e+00	0.000000000000e+00	0.000000000000e+00	0.000000000000e+00	0.000000000000e+00	0.000000000000e+00	7.547414990388e-313	1.756826610701e-255	8.454439413281e-209	1.657937713739e-170
2.957500000000e+00	0.000000000000e+00	0.000000000000e+00	0.000000000000e+00	0.000000000000e+00	0.000000000000e+00	0.000000000000e+00	3.209809572691e-313	8.440736105629e-256	4.501841083544e-209	9.633638827147e-171
2.958750000000e+00	0.000000000000e+00	0.000000000000e+00	0.000000000000e+00	0.000000000000e+00	0.000000000000e+00	0.000000000000e+00	1.364394637449e-313	4.053530617574e-256	2.396161528579e-209	5.595635259715e-171
2.960000000000e+00	0.000000000000e+00	0.000000000000e+00	0.000000000000e+00	0.000000000000e+00	0.000000000000e+00	0.000000000000e+00	5.796694837278e-314	1.945755678933e-256	1.274860334653e-209	3.248967180953e-171
2.961250000000e+00	0.000000000000e+00	0.000000000000e+00	0.000000000000e+00	0.000000000000e+00	0.000000000000e+00	0.000000000000e+00	2.461504137721e-314	9.335656621054e-257	6.780000308915e-210	1.885724045936e-171
2.962500000000e+00	0.000000000000e+00	0.000000000000e+00	0.000000000000e+00	0.000000000000e+00	0.000000000000e+00	0.000000000000e+00	1.044721181433e-314	4.477165471728e-257	3.604270732705e-210	1.094076883604e-171
2.963750000000e+00	0.000000000000e+00	0.000000000000e+00	0.000000000000e+00	0.000000000000e+00	0.000000000000e+00	0.000000000000e+00	4.431797706511e-315	2.146165137976e-257	1.915250938773e-210	6.345333217273e-172
2.965000000000e+00	0.000000000000e+00	0.000000000000e+00	0.000000000000e+00	0.000000000000e+00	0.000000000000e+00	0.000000000000e+00	1.879053527248e-315	1.028311848498e-257	1.017312894819e-210	3.678729993548e-172
2.966250000000e+00	0.000000000000e+00	0.000000000000e+00	0.000000000000e+00	0.000000000000e+00	0.000000000000e+00	0.000000000000e+00	7.963024885661e-316	4.924796137915e-258	5.401370918106e-211	2.131956216292e-172
2.967500000000e+00	0.000000000000e+00	0.000000000000e+00	0.000000000000e+00	0.000000000000e+00	0.000000000000e+00	0.000000000000e+00	3.372847232899e-316	2.357509160820e-258	2.866645838702e-211	1.235081276357e-172
2.968750000000e+00	0.000000000000e+00	0.000000000000e+00	0.000000000000e+00	0.000000000000e+00	0.000000000000e+00	0.000000000000e+00	1.427891020369e-316	1.128028920237e-258	1.520773959321e-211	7.152365222974e-173
2.970000000000e+00	0.000000000000e+00	0.000000000000e+00	0.000000000000e+00	0.000000000000e+00	0.000000000000e+00	0.000000000000e+00	6.041893210266e-317	5.394967006906e-259	8.064470925910e-212	4.140384900802e-173
2.971250000000e+00	0.000000000000e+00	0.000000000000e+00	0.000000000000e+00	0.000000000000e+00	0.000000000000e+00	0.000000000000e+00	2.555235386707e-317	2.579045866057e-259	4.274720073816e-212	2.395899725628e-173
2.972500000000e+00	0.000000000000e+00	0.000000000000e+00	0.000000000000e+00	0.000000000000e+00	0.000000000000e+00	0.000000000000e+00	1.080112481100e-317	1.232341438291e-259	2.264957554013e-212	1.385904956082e-173
2.973750000000e+00	0.000000000000e+00	0.000000000000e+00	0.000000000000e+00	0.000000000000e+00	0.000000000000e+00	0.000000000000e+00	4.563348405996e-318	5.885789858294e-260	1.199590565667e-212	8.013738123377e-174
2.975000000000e+00	0.000000000000e+00	0.000000000000e+00	0.000000000000e+00	0.000000000000e+00	0.000000000000e+00	0.000000000000e+00	1.927014119788e-318	2.809830783927e-260	6.350773184874e-213	4.632055272867e-174
2.976250000000e+00	0.000000000000e+00	0.000000000000e+00	0.000000000000e+00	0.000000000000e+00	0.000000000000e+00	0.000000000000e+00	8.133407474968e-319	1.340779292368e-260	3.360785154469e-213	2.676388827267e-174
2.977500000000e+00	0.000000000000e+00	0.000000000000e+00	0.000000000000e+00	0.000000000000e+00	0.000000000000e+00	0.000000000000e+00	3.430989470980e-319	6.394935011050e-261	1.777769638283e-213	1.545829431771e-174
2.978750000000e+00	0.000000000000e+00	0.000000000000e+00	0.000000000000e+00	0.000000000000e+00	0.000000000000e+00	0.000000000000e+00	1.446525397894e-319	3.048714037554e-261	9.400063911596e-214	8.925053409484e-175
2.980000000000e+00	0.000000000000e+00	0.000000000000e+00	0.000000000000e+00	0.000000000000e+00	0.000000000000e+00	0.000000000000e+00	6.098746332264e-320	1.452777012537e-261	4.968287450727e-214	5.151064215337e-175
2.981250000000e+00	0.000000000000e+00	0.000000000000e+00	0.000000000000e+00	0.000000000000e+00	0.000000000000e+00	0.000000000000e+00	2.567659161437e-320	6.919631100894e-262	2.624842264628e-214	2.971802835189e-175
2.982500000000e+00	0.000000000000e+00	0.000000000000e+00	0.000000000000e+00	0.000000000000e+00	0.000000000000e+00	0.000000000000e+00	1.082003764392e-320	3.294341660158e-262	1.386182120003e-214	1.713878022547e-175
2.983750000000e+00	0.000000000000e+00	0.000000000000e+00	0.000000000000e+00	0.000000000000e+00	0.000000000000e+00	0.000000000000e+00	4.555285254656e-321	1.567675057363e-262	7.317419644397e-215	9.880449782505e-176
2.985000000000e+00	0.000000000000e+00	0.000000000000e+00	0.000000000000e+00	0.000000000000e+00	0.000000000000e+00	0.000000000000e+00	1.916974705864e-321	7.456674273242e-263	3.861145950302e-215	5.693907518967e-176
2.986250000000e+00	0.000000000000e+00	0.000000000000e+00	0.000000000000e+00	0.000000000000e+00	0.000000000000e+00	0.000000000000e+00	8.300302850133e-322	3.545161383770e-263	2.036549925901e-215	3.280053981745e-176
2.987500000000e+00	0.000000000000e+00	0.000000000000e+00	0.000000000000e+00	0.000000000000e+00	0.000000000000e+00	0.000000000000e+00	3.162020133384e-322	1.684723219116e-263	1.073728526029e-215	1.888810819370e-176
2.988750000000e+00	0.000000000000e+00	0.000000000000e+00	0.000000000000e+00	0.000000000000e+00	0.000000000000e+00	0.000000000000e+00	1.581010066692e-322	8.002447369323e-264	5.658671831365e-216	1.087258522869e-176
2.990000000000e+00	0.000000000000e+00	0.000000000000e+00	0.000000000000e+00	0.000000000000e+00	0.000000000000e+00	0.000000000000e+00	5.434722104254e-323	3.799433130799e-264	2.980952886161e-216	6.256249614323e-177
2.991250000000e+00	0.000000000000e+00	0.000000000000e+00	0.000000000000e+00	0.000000000000e+00	0.000000000000e+00	0.000000000000e+00	0.000000000000e+00	1.803086235489e-264	1.569698715402e-216	3.598588632620e-177
2.992500000000e+00	0.000000000000e+00	0.000000000000e+00	0.000000000000e+00	0.000000000000e+00	0.000000000000e+00	0.000000000000e+00	0.000000000000e+00	8.552949433630e-265	8.262245220829e-217	2.069127381089e-177
2.993750000000e+00	0.000000000000e+00	0.000000000000e+00	0.000000000000e+00	0.000000000000e+00	0.000000000000e+00	0.000000000000e+00	0.000000000000e+00	4.055244318769e-265	4.347108152026e-217	1.189266375989e-177
2.995000000000e+00	0.000000000000e+00	0.000000000000e+00	0.000000000000e+00	0.000000000000e+00	0.000000000000e+00	0.000000000000e+00	0.000000000000e+00	1.921851638862e-265	2.286248306052e-217	6.832945253780e-178
2.996250000000e+00	0.000000000000e+00	0.000000000000e+00	0.000000000000e+00	0.000000000000e+00	0.000000000000e+00	0.000000000000e+00	0.000000000000e+00	9.103835590085e-266	1.201896125482e-217	3.924403282864e-178
2.997500000000e+00	0.000000000000e+00	0.000000000000e+00	0.000000000000e+00	0.000000000000e+00	0.000000000000e+00	0.000000000000e+00	0.000000000000e+00	4.310529954151e-266	6.315839143257e-218	2.253077901281e-178
2.998750000000e+00	0.000000000000e+00	0.000000000000e+00	0.000000000000e+00	0.000000000000e+00	0.000000000000e+00	0.000000000000e+00	0.000000000000e+00	2.040039810076e-266	3.317536981876e-218	1.293051057789e-178
3.000000000000e+00	0.000000000000e+00	0.000000000000e+00	0.000000000000e+00	0.000000000000e+00	0.000000000000e+00	0.000000000000e+00	0.000000000000e+00	9.650467030141e-267	1.741891388119e-218	7.418088806703e-179
3.001250000000e+00	0.000000000000e+00	0.000000000000e+00	0.000000000000e+00	0.000000000000e+00	0.000000000000e+00	0.000000000000e+00	0.000000000000e+00	4.563097347410e-267	9.142120854223e-219	4.254076260182e-179
3.002500000000e+00	0.000000000000e+00	0.000000000000e+00	0.000000000000e+00	0.000000000000e+00	0.000000000000e+00	0.000000000000e+00	0.000000000000e+00	2.156616135907e-267	4.796157442830e-219	2.438683287707e-179
3.003750000000e+00	0.000000000000e+00	0.000000000000e+00	0.000000000000e+00	0.000000000000e+00	0.000000000000e+00	0.000000000000e+00	0.000000000000e+00	1.018797053832e-267	2.515130311094e-219	1.397469768449e-179
3.005000000000e+00	0.000000000000e+00	0.000000000000e+00	0.000000000000e+00	0.000000000000e+00	0.000000000000e+00	0.000000000000e+00	0.000000000000e+00	4.810655132935e-268	1.318402864752e-219	8.005092035040e-180
3.006250000000e+00	0.000000000000e+00	0.000000000000e+00	0.000000000000e+00	0.000000000000e+00	0.000000000000e+00	0.000000000000e+00	0.000000000000e+00	2.270505100448e-268	6.908064308251e-220	4.583815466259e-180
3.007500000000e+00	0.000000000000e+00	0.000000000000e+00	0.000000000000e+00	0.000000000000e+00	0.000000000000e+00	0.000000000000e+00	0.000000000000e+00	1.071130666064e-268	3.618138543261e-220	2.623764249574e-180
3.008750000000e+00	0.000000000000e+00	0.000000000000e+00	0.000000000000e+00	0.000000000000e+00	0.000000000000e+00	0.000000000000e+00	0.000000000000e+00	5.050846129808e-269	1.894238242105e-220	1.501271994845e-180
3.010000000000e+00	0.000000000000e+00	0.000000000000e+00	0.000000000000e+00	0.000000000000e+00	0.000000000000e+00	0.000000000000e+00	0.000000000000e+00	2.380606072644e-269	9.912988326057e-221	8.586790054113e-181
3.011250000000e+00	0.000000000000e+00	0.000000000000e+00	0.000000000000e+00	0.000000000000e+00	0.000000000000e+00	0.000000000000e+00	0.000000000000e+00	1.121534531087e-269	5.185554179593e-221	4.909521817397e-181
3.012500000000e+00	0.000000000000e+00	0.000000000000e+00	0.000000000000e+00	0.000000000000e+00	0.000000000000e+00	0.000000000000e+00	0.000000000000e+00	5.281283438099e-270	2.711479620344e-221	2.805979103435e-181
3.013750000000e+00	0.000000000000e+00	0.000000000000e+00	0.000000000000e+00	0.000000000000e+00	0.000000000000e+00	0.000000000000e+00	0.000000000000e+00	2.485810488278e-270	1.417222699968e-221	1.603121944133e-181
3.015000000000e+00	0.000000000000e+00	0.000000000000e+00	0.000000000000e+00	0.000000000000e+00	0.000000000000e+00	0.000000000000e+00	0.000000000000e+00	1.169494732121e-270	7.404409717958e-222	9.155573929258e-182
3.016250000000e+00	0.000000000000e+00	0.000000000000e+00	0.000000000000e+00	0.000000000000e+00	0.000000000000e+00	0.000000000000e+00	0.000000000000e+00	5.499589036012e-271	3.866903829893e-222	5.226867332744e-182
3.017500000000e+00	0.000000000000e+00	0.000000000000e+00	0.000000000000e+00	0.000000000000e+00	0.000000000000e+00	0.000000000000e+00	0.000000000000e+00	2.585020067103e-271	2.018630762672e-222	2.982869604543e-182
3.018750000000e+00	0.000000000000e+00	0.000000000000e+00	0.000000000000e+00	0.000000000000e+00	0.000000000000e+00	0.000000000000e+00	0.000000000000e+00	1.214505018949e-271	1.053345854306e-222	1.701625357229e-182
3.020000000000e+00	0.000000000000e+00	0.000000000000e+00	0.000000000000e+00	0.000000000000e+00	0.000000000000e+00	0.000000000000e+00	0.000000000000e+00	5.703434031733e-272	5.494215379130e-223	9.703547074555e-183
3.021250000000e+00	0.000000000000e+00	0.000000000000e+00	0.000000000000e+00	0.000000000000e+00	0.000000000000e+00	0.000000000000e+00	0.000000000000e+00	2.677165657365e-272	2.864580010665e-223	5.531386097890e-183
3.022500000000e+00	0.000000000000e+00	0.000000000000e+00	0.000000000000e+00	0.000000000000e+00	0.000000000000e+00	0.000000000000e+00	0.000000000000e+00	1.256075606608e-272	1.492920978516e-223	3.151913707737e-183
3.023750000000e+00	0.000000000000e+00	0.000000000000e+00	0.000000000000e+00	0.000000000000e+00	0.000000000000e+00	0.000000000000e+00	0.000000000000e+00	5.890579634984e-273	7.777379149252e-224	1.795360030885e-183
3.025000000000e+00	0.000000000000e+00	0.000000000000e+00	0.000000000000e+00	0.000000000000e+00	0.000000000000e+00	0.000000000000e+00	0.000000000000e+00	2.761226262681e-273	4.049956038106e-224	1.022270137488e-183
3.026250000000e+00	0.000000000000e+00	0.000000000000e+00	0.000000000000e+00	0.000000000000e+00	0.000000000000e+00	0.000000000000e+00	0.000000000000e+00	1.293741987087e-273	2.108084104163e-224	5.818575643321e-184
3.027500000000e+00	0.000000000000e+00	0.000000000000e+00	0.000000000000e+00	0.000000000000e+00	0.000000000000e+00	0.000000000000e+00	0.000000000000e+00	6.058917851687e-274	1.096847235327e-224	3.310583782912e-184
3.028750000000e+00	0.000000000000e+00	0.000000000000e+00	0.000000000000e+00	0.000000000000e+00	0.000000000000e+00	0.000000000000e+00	0.000000000000e+00	2.836247782283e-274	5.704596659107e-225	1.882909169214e-184
3.030000000000e+00	0.000000000000e+00	0.000000000000e+00	0.000000000000e+00	0.000000000000e+00	0.000000000000e+00	0.000000000000e+00	0.000000000000e+00	1.327073534107e-274	2.965680273883e-225	1.070510781852e-184
3.031250000000e+00	0.000000000000e+00	0.000000000000e+00	0.000000000000e+00	0.000000000000e+00	0.000000000000e+00	0.000000000000e+00	0.000000000000e+00	6.206510874285e-275	1.541147835481e-225	6.084005661435e-185
3.032500000000e+00	0.000000000000e+00	0.000000000000e+00	0.000000000000e+00	0.000000000000e+00	0.000000000000e+00	0.000000000000e+00	0.000000000000e+00	2.901360986319e-275	8.005433601275e-226	3.456408477608e-185
3.033750000000e+00	0.000000000000e+00	0.000000000000e+00	0.000000000000e+00	0.000000000000e+00	0.000000000000e+00	0.000000000000e+00	0.000000000000e+00	1.355681679108e-275	4.156674390438e-226	1.962896507074e-185
3.035000000000e+00	0.000000000000e+00	0.000000000000e+00	0.000000000000e+00	0.000000000000e+00	0.000000000000e+00	0.000000000000e+00	0.000000000000e+00	6.331628142404e-276	2.157385416542e-226	1.114311547555e-185
3.036250000000e+00	0.000000000000e+00	0.000000000000e+00	0.000000000000e+00	0.000000000000e+00	0.000000000000e+00	0.000000000000e+00	0.000000000000e+00	2.955798254144e-276	1.119257616729e-226	6.323430481892e-186
3.037500000000e+00	0.000000000000e+00	0.000000000000e+00	0.000000000000e+00	0.000000000000e+00	0.000000000000e+00	0.000000000000e+00	0.000000000000e+00	1.379227441963e-276	5.804341619178e-227	3.587036154705e-186
3.038750000000e+00	0.000000000000e+00	0.000000000000e+00	0.000000000000e+00	0.000000000000e+00	0.000000000000e+00	0.000000000000e+00	0.000000000000e+00	6.432780084843e-277	3.008821743870e-227	2.034022010153e-186
3.040000000000e+00	0.000000000000e+00	0.000000000000e+00	0.000000000000e+00	0.000000000000e+00	0.000000000000e+00	0.000000000000e+00	0.000000000000e+00	2.998908625658e-277	1.559051780385e-227	1.152955195086e-186
3.041250000000e+00	0.000000000000e+00	0.000000000000e+00	0.000000000000e+00	0.000000000000e+00	0.000000000000e+00	0.000000000000e+00	0.000000000000e+00	1.397428112601e-277	8.075049756934e-228	6.532901367329e-187
3.042500000000e+00	0.000000000000e+00	0.000000000000e+00	0.000000000000e+00	0.000000000000e+00	0.000000000000e+00	0.000000000000e+00	0.000000000000e+00	6.508747623965e-278	4.180714026260e-228	3.700297655252e-187
3.043750000000e+00	0.000000000000e+00	0.000000000000e+00	0.000000000000e+00	0.000000000000e+00	0.000000000000e+00	0.000000000000e+00	0.000000000000e+00	3.030170753418e-278	2.163596662464e-228	2.095096870132e-187
3.045000000000e+00	0.000000000000e+00	0.000000000000e+00	0.000000000000e+00	0.000000000000e+00	0.000000000000e+00	0.000000000000e+00	0.000000000000e+00	1.410062899516e-278	1.119238732796e-228	1.185791803307e-187
3.046250000000e+00	0.000000000000e+00	0.000000000000e+00	0.000000000000e+00	0.000000000000e+00	0.000000000000e+00	0.000000000000e+00	0.000000000000e+00	6.558606625792e-279	5.787483239148e-229	6.708874507831e-188
3.047500000000e+00	0.000000000000e+00	0.000000000000e+00	0.000000000000e+00	0.000000000000e+00	0.000000000000e+00	0.000000000000e+00	0.000000000000e+00	3.049203395299e-279	2.991419693233e-229	3.794266059498e-188
3.048750000000e+00	0.000000000000e+00	0.000000000000e+00	0.000000000000e+00	0.000000000000e+00	0.000000000000e+00	0.000000000000e+00	0.000000000000e+00	1.416977387417e-279	1.545558818471e-229	2.145076485084e-188
3.050000000000e+00	0.000000000000e+00	0.000000000000e+00	0.000000000000e+00	0.000000000000e+00	0.000000000000e+00	0.000000000000e+00	0.000000000000e+00	6.581746610331e-280	7.982047600719e-230	1.212256918841e-188
3.051250000000e+00	0.000000000000e+00	0.000000000000e+00	0.000000000000e+00	0.000000000000e+00	0.000000000000e+00	0.000000000000e+00	0.000000000000e+00	3.055773152514e-280	4.120630532806e-230	6.848310601419e-189
3.052500000000e+00	0.000000000000e+00	0.000000000000e+00	0.000000000000e+00	0.000000000000e+00	0.000000000000e+00	0.000000000000e+00	0.000000000000e+00	1.418086678196e-280	2.126344489370e-230	3.867311152181e-189
3.053750000000e+00	0.000000000000e+00	0.000000000000e+00	0.000000000000e+00	0.000000000000e+00	0.000000000000e+00	0.000000000000e+00	0.000000000000e+00	6.577883192502e-281	1.096791718778e-230	2.183090149723e-189
3.055000000000e+00	0.000000000000e+00	0.000000000000e+00	0.000000000000e+00	0.000000000000e+00	0.000000000000e+00	0.000000000000e+00	0.000000000000e+00	3.049799233411e-281	5.655034858271e-231	1.231887683179e-189
3.056250000000e+00	0.000000000000e+00	0.000000000000e+00	0.000000000000e+00	0.000000000000e+00	0.000000000000e+00	0.000000000000e+00	0.000000000000e+00	1.413377125899e-281	2.914519711196e-231	6.948762116951e-190
3.057500000000e+00	0.000000000000e+00	0.000000000000e+00	0.000000000000e+00	0.000000000000e+00	0.000000000000e+00	0.000000000000e+00	0.000000000000e+00	6.547063899212e-282	1.501479110120e-231	3.918146443768e-190
3.058750000000e+00	0.000000000000e+00	0.000000000000e+00	0.000000000000e+00	0.000000000000e+00	0.000000000000e+00	0.000000000000e+00	0.000000000000e+00	3.031355107094e-282	7.732005934106e-232	2.208466277582e-190
3.060000000000e+00	0.000000000000e+00	0.000000000000e+00	0.000000000000e+00	0.000000000000e+00	0.000000000000e+00	0.000000000000e+00	0.000000000000e+00	1.402906616116e-282	3.980023624516e-232	1.244336294190e-190
3.061250000000e+00	0.000000000000e+00	0.000000000000e+00	0.000000000000e+00	0.000000000000e+00	0.000000000000e+00	0.000000000000e+00	0.000000000000e+00	6.489667196272e-283	2.047857382838e-232	7.008444740918e-191
3.062500000000e+00	0.000000000000e+00	0.000000000000e+00	0.000000000000e+00	0.000000000000e+00	0.000000000000e+00	0.000000000000e+00	0.000000000000e+00	3.000666999581e-283	1.053256997903e-232	3.945866853554e-191
3.063750000000e+00	0.000000000000e+00	0.000000000000e+00	0.000000000000e+00	0.000000000000e+00	0.000000000000e+00	0.000000000000e+00	0.000000000000e+00	1.386803381805e-283	5.414889335353e-233	2.220752134660e-191
3.065000000000e+00	0.000000000000e+00	0.000000000000e+00	0.000000000000e+00	0.000000000000e+00	0.000000000000e+00	0.000000000000e+00	0.000000000000e+00	6.406394752920e-284	2.782693696874e-233	1.249380255180e-191
3.066250000000e+00	0.000000000000e+00	0.000000000000e+00	0.000000000000e+00	0.000000000000e+00	0.000000000000e+00	0.000000000000e+00	0.000000000000e+00	2.958109275501e-284	1.429426437434e-233	7.026290094635e-192
3.067500000000e+00	0.000000000000e+00	0.000000000000e+00	0.000000000000e+00	0.000000000000e+00	0.000000000000e+00	0.000000000000e+00	0.000000000000e+00	1.365263389416e-284	7.339708346644e-234	3.949975512601e-192
3.068750000000e+00	0.000000000000e+00	0.000000000000e+00	0.000000000000e+00	0.000000000000e+00	0.000000000000e+00	0.000000000000e+00	0.000000000000e+00	6.298257165077e-285	3.767180094760e-234	2.219727274448e-192
3.070000000000e+00	0.000000000000e+00	0.000000000000e+00	0.000000000000e+00	0.000000000000e+00	0.000000000000e+00	0.000000000000e+00	0.000000000000e+00	2.904196837165e-285	1.932744959501e-234	1.246928989535e-192
3.071250000000e+00	0.000000000000e+00	0.000000000000e+00	0.000000000000e+00	0.000000000000e+00	0.000000000000e+00	0.000000000000e+00	0.000000000000e+00	1.338546369800e-285	9.911817633001e-235	7.001977545701e-193
3.072500000000e+00	0.000000000000e+00	0.000000000000e+00	0.000000000000e+00	0.000000000000e+00	0.000000000000e+00	0.000000000000e+00	0.000000000000e+00	6.166553543420e-286	5.081040344995e-235	3.930398577508e-193
3.073750000000e+00	0.000000000000e+00	0.000000000000e+00	0.000000000000e+00	0.000000000000e+00	0.000000000000e+00	0.000000000000e+00	0.000000000000e+00	2.839574756759e-286	2.603589855710e-235	2.205410117261e-193
3.075000000000e+00	0.000000000000e+00	0.000000000000e+00	0.000000000000e+00	0.000000000000e+00	0.000000000000e+00	0.000000000000e+00	0.000000000000e+00	1.306970606298e-286	1.333561611035e-235	1.237026546181e-193
3.076250000000e+00	0.000000000000e+00	0.000000000000e+00	0.000000000000e+00	0.000000000000e+00	0.000000000000e+00	0.000000000000e+00	0.000000000000e+00	6.012845542639e-287	6.827696159865e-236	6.935943790327e-194
3.077500000000e+00	0.000000000000e+00	0.000000000000e+00	0.000000000000e+00	0.000000000000e+00	0.000000000000e+00	0.000000000000e+00	0.000000000000e+00	2.765005433494e-287	3.494265291795e-236	3.887487437933e-194
3.078750000000e+00	0.000000000000e+00	0.000000000000e+00	0.000000000000e+00	0.000000000000e+00	0.000000000000e+00	0.000000000000e+00	0.000000000000e+00	1.270906626204e-287	1.787549798692e-236	2.178057399554e-194
3.080000000000e+00	0.000000000000e+00	0.000000000000e+00	0.000000000000e+00	0.000000000000e+00	0.000000000000e+00	0.000000000000e+00	0.000000000000e+00	5.838926557610e-288	9.140732748489e-237	1.219850282965e-194
3.081250000000e+00	0.000000000000e+00	0.000000000000e+00	0.000000000000e+00	0.000000000000e+00	0.000000000000e+00	0.000000000000e+00	0.000000000000e+00	2.681353633104e-288	4.672232654247e-237	6.829369806361e-195
3.082500000000e+00	0.000000000000e+00	0.000000000000e+00	0.000000000000e+00	0.000000000000e+00	0.000000000000e+00	0.000000000000e+00	0.000000000000e+00	1.230769970355e-288	2.387198298228e-237	3.822008225637e-195
3.083750000000e+00	0.000000000000e+00	0.000000000000e+00	0.000000000000e+00	0.000000000000e+00	0.000000000000e+00	0.000000000000e+00	0.000000000000e+00	5.646786935529e-289	1.219194848419e-237	2.138156516187e-195
3.085000000000e+00	0.000000000000e+00	0.000000000000e+00	0.000000000000e+00	0.000000000000e+00	0.000000000000e+00	0.000000000000e+00	0.000000000000e+00	2.589569819821e-289	6.224125322771e-238	1.195705582929e-195
3.086250000000e+00	0.000000000000e+00	0.000000000000e+00	0.000000000000e+00	0.000000000000e+00	0.000000000000e+00	0.000000000000e+00	0.000000000000e+00	1.187013237913e-289	3.176172821440e-238	6.684145721694e-196
3.087500000000e+00	0.000000000000e+00	0.000000000000e+00	0.000000000000e+00	0.000000000000e+00	0.000000000000e+00	0.000000000000e+00	0.000000000000e+00	5.438576146305e-290	1.620132405126e-238	3.735119062708e-196
3.088750000000e+00	0.000000000000e+00	0.000000000000e+00	0.000000000000e+00	0.000000000000e+00	0.000000000000e+00	0.000000000000e+00	0.000000000000e+00	2.490672229314e-290	8.260711958313e-239	2.086411074804e-196
3.090000000000e+00	0.000000000000e+00	0.000000000000e+00	0.000000000000e+00	0.000000000000e+00	0.000000000000e+00	0.000000000000e+00	0.000000000000e+00	1.140117618879e-290	4.210222389011e-239	1.165016823427e-196
3.091250000000e+00	0.000000000000e+00	0.000000000000e+00	0.000000000000e+00	0.000000000000e+00	0.000000000000e+00	0.000000000000e+00	0.000000000000e+00	5.216562914106e-291	2.144930282196e-239	6.502815058188e-197
3.092500000000e+00	0.000000000000e+00	0.000000000000e+00	0.000000000000e+00	0.000000000000e+00	0.000000000000e+00	0.000000000000e+00	0.000000000000e+00	2.385728153986e-291	1.092299945069e-239	3.628335992966e-197
3.093750000000e+00	0.000000000000e+00	0.000000000000e+00	0.000000000000e+00	0.000000000000e+00	0.000000000000e+00	0.000000000000e+00	0.000000000000e+00	1.090584135012e-291	5.560210453440e-240	2.023720260503e-197
3.095000000000e+00	0.000000000000e+00	0.000000000000e+00	0.000000000000e+00	0.000000000000e+00	0.000000000000e+00	0.000000000000e+00	0.000000000000e+00	4.983094339448e-292	2.829183619346e-240	1.128314971206e-197
3.096250000000e+00	0.000000000000e+00	0.000000000000e+00	0.000000000000e+00	0.000000000000e+00	0.000000000000e+00	0.000000000000e+00	0.000000000000e+00	2.275834918955e-292	1.438969625825e-240	6.288500649112e-198
3.097500000000e+00	0.000000000000e+00	0.000000000000e+00	0.000000000000e+00	0.000000000000e+00	0.000000000000e+00	0.000000000000e+00	0.000000000000e+00	1.038924810677e-292	7.315814848739e-241	3.503488996749e-198
3.098750000000e+00	0.000000000000e+00	0.000000000000e+00	0.000000000000e+00	0.000000000000e+00	0.000000000000e+00	0.000000000000e+00	0.000000000000e+00	4.740555033772e-293	3.717871467077e-241	1.951152856297e-198
3.100000000000e+00	0.000000000000e+00	0.000000000000e+00	0.000000000000e+00	0.000000000000e+00	0.000000000000e+00	0.000000000000e+00	0.000000000000e+00	2.162101018563e-293	1.888628869895e-241	1.086222310005e-198
3.101250000000e+00	0.000000000000e+00	0.000000000000e+00	0.000000000000e+00	0.000000000000e+00	0.000000000000e+00	0.000000000000e+00	0.000000000000e+00	9.856539887831e-294	9.590018913582e-242	6.044815244131e-199
3.102500000000e+00	0.000000000000e+00	0.000000000000e+00	0.000000000000e+00	0.000000000000e+00	0.000000000000e+00	0.000000000000e+00	0.000000000000e+00	4.491327248450e-294	4.867577671074e-242	3.362669871539e-199
3.103750000000e+00	0.000000000000e+00	0.000000000000e+00	0.000000000000e+00	0.000000000000e+00	0.000000000000e+00	0.000000000000e+00	0.000000000000e+00	2.045627859813e-294	2.469601632956e-242	1.869916967671e-199
3.105000000000e+00	0.000000000000e+00	0.000000000000e+00	0.000000000000e+00	0.000000000000e+00	0.000000000000e+00	0.000000000000e+00	0.000000000000e+00	9.312799940240e-295	1.252453192167e-242	1.039434914116e-199
3.106250000000e+00	0.000000000000e+00	0.000000000000e+00	0.000000000000e+00	0.000000000000e+00	0.000000000000e+00	0.000000000000e+00	0.000000000000e+00	4.237752910500e-295	6.349166136460e-243	5.775760374857e-200
3.107500000000e+00	0.000000000000e+00	0.000000000000e+00	0.000000000000e+00	0.000000000000e+00	0.000000000000e+00	0.000000000000e+00	0.000000000000e+00	1.927492522623e-295	3.217306715308e-243	3.208174050602e-200
3.108750000000e+00	0.000000000000e+00	0.000000000000e+00	0.000000000000e+00	0.000000000000e+00	0.000000000000e+00	0.000000000000e+00	0.000000000000e+00	8.762973267633e-296	1.629629307766e-243	1.781326648137e-200
3.110000000000e+00	0.000000000000e+00	0.000000000000e+00	0.000000000000e+00	0.000000000000e+00	0.000000000000e+00	0.000000000000e+00	0.000000000000e+00	3.982098381336e-296	8.250984562861e-244	9.887035566223e-201
3.111250000000e+00	0.000000000000e+00	0.000000000000e+00	0.000000000000e+00	0.000000000000e+00	0.000000000000e+00	0.000000000000e+00	0.000000000000e+00	1.808731898652e-296	4.175834802750e-244	5.485617429670e-201
3.112500000000e+00	0.000000000000e+00	0.000000000000e+00	0.000000000000e+00	0.000000000000e+00	0.000000000000e+00	0.000000000000e+00	0.000000000000e+00	8.211795470626e-297	2.112522928827e-244	3.042438615795e-201
3.113750000000e+00	0.000000000000e+00	0.000000000000e+00	0.000000000000e+00	0.000000000000e+00	0.000000000000e+00	0.000000000000e+00	0.000000000000e+00	3.726522637873e-297	1.068267805363e-244	1.686766710616e-201
3.115000000000e+00	0.000000000000e+00	0.000000000000e+00	0.000000000000e+00	0.000000000000e+00	0.000000000000e+00	0.000000000000e+00	0.000000000000e+00	1.690328513372e-297	5.399821899284e-245	9.348137816382e-202
3.116250000000e+00	0.000000000000e+00	0.000000000000e+00	0.000000000000e+00	0.000000000000e+00	0.000000000000e+00	0.000000000000e+00	0.000000000000e+00	7.663729806688e-298	2.728345203244e-245	5.178835064890e-202
3.117500000000e+00	0.000000000000e+00	0.000000000000e+00	0.000000000000e+00	0.000000000000e+00	0.000000000000e+00	0.000000000000e+00	0.000000000000e+00	3.473049441897e-298	1.377970080662e-245	2.867978832786e-202
3.118750000000e+00	0.000000000000e+00	0.000000000000e+00	0.000000000000e+00	0.000000000000e+00	0.000000000000e+00	0.000000000000e+00	0.000000000000e+00	1.573198272239e-298	6.956661062026e-246	1.587657034146e-202
3.120000000000e+00	0.000000000000e+00	0.000000000000e+00	0.000000000000e+00	0.000000000000e+00	0.000000000000e+00	0.000000000000e+00	0.000000000000e+00	7.122913484194e-299	3.510609209754e-246	8.785658748706e-203
3.121250000000e+00	0.000000000000e+00	0.000000000000e+00	0.000000000000e+00	0.000000000000e+00	0.000000000000e+00	0.000000000000e+00	0.000000000000e+00	3.223543919930e-299	1.770861997443e-246	4.859917057841e-203
3.122500000000e+00	0.000000000000e+00	0.000000000000e+00	0.000000000000e+00	0.000000000000e+00	0.000000000000e+00	0.000000000000e+00	0.000000000000e+00	1.458180304062e-299	8.929096885601e-247	2.687325497319e-203
3.123750000000e+00	0.000000000000e+00	0.000000000000e+00	0.000000000000e+00	0.000000000000e+00	0.000000000000e+00	0.000000000000e+00	0.000000000000e+00	6.593113887502e-300	4.500398170344e-247	1.485417637905e-203
3.125000000000e+00	0.000000000000e+00	0.000000000000e+00	0.000000000000e+00	0.000000000000e+00	0.000000000000e+00	0.000000000000e+00	0.000000000000e+00	2.979693827319e-300	2.267331023772e-247	8.207554373363e-204
3.126250000000e+00	0.000000000000e+00	0.000000000000e+00	0.000000000000e+00	0.000000000000e+00	0.000000000000e+00	0.000000000000e+00	0.000000000000e+00	1.346029005643e-300	1.141824897207e-247	4.533314495562e-204
3.127500000000e+00	0.000000000000e+00	0.000000000000e+00	0.000000000000e+00	0.000000000000e+00	0.000000000000e+00	0.000000000000e+00	0.000000000000e+00	6.077695109680e-301	5.747840039238e-248	2.502965236822e-204
3.128750000000e+00	0.000000000000e+00	0.000000000000e+00	0.000000000000e+00	0.000000000000e+00	0.000000000000e+00	0.000000000000e+00	0.000000000000e+00	2.742995622673e-301	2.892214007414e-248	1.381435699648e-204
3.130000000000e+00	0.000000000000e+00	0.000000000000e+00	0.000000000000e+00	0.000000000000e+00	0.000000000000e+00	0.000000000000e+00	0.000000000000e+00	1.237408323879e-301	1.454711137431e-248	7.621552062627e-205
3.131250000000e+00	0.000000000000e+00	0.000000000000e+00	0.000000000000e+00	0.000000000000e+00	0.000000000000e+00	0.000000000000e+00	0.000000000000e+00	5.579594859277e-302	7.313810261944e-249	4.203325810677e-205
3.132500000000e+00	0.000000000000e+00	0.000000000000e+00	0.000000000000e+00	0.000000000000e+00	0.000000000000e+00	0.000000000000e+00	0.000000000000e+00	2.514745337125e-302	3.675625044853e-249	2.317285675162e-205
3.133750000000e+00	0.000000000000e+00	0.000000000000e+00	0.000000000000e+00	0.000000000000e+00	0.000000000000e+00	0.000000000000e+00	0.000000000000e+00	1.132888247221e-302	1.846457438749e-249	1.277035551152e-205
3.135000000000e+00	0.000000000000e+00	0.000000000000e+00	0.000000000000e+00	0.000000000000e+00	0.000000000000e+00	0.000000000000e+00	0.000000000000e+00	5.101311516459e-303	9.271883964850e-250	7.034986798176e-206
3.136250000000e+00	0.000000000000e+00	0.000000000000e+00	0.000000000000e+00	0.000000000000e+00	0.000000000000e+00	0.000000000000e+00	0.000000000000e+00	2.296034092001e-303	4.653902293316e-250	3.874007652423e-206
3.137500000000e+00	0.000000000000e+00	0.000000000000e+00	0.000000000000e+00	0.000000000000e+00	0.000000000000e+00	0.000000000000e+00	0.000000000000e+00	1.032943419689e-303	2.335001271797e-250	2.132527057066e-206
3.138750000000e+00	0.000000000000e+00	0.000000000000e+00	0.000000000000e+00	0.000000000000e+00	0.000000000000e+00	0.000000000000e+00	0.000000000000e+00	4.644900851850e-304	1.171055743905e-250	1.173452499450e-206
3.140000000000e+00	0.000000000000e+00	0.000000000000e+00	0.000000000000e+00	0.000000000000e+00	0.000000000000e+00	0.000000000000e+00	0.000000000000e+00	2.087748001947e-304	5.870682625580e-251	6.454659944570e-207
3.141250000000e+00	0.000000000000e+00	0.000000000000e+00	0.000000000000e+00	0.000000000000e+00	0.000000000000e+00	0.000000000000e+00	0.000000000000e+00	9.379537391042e-305	2.941847958590e-251	3.549098951362e-207
3.142500000000e+00	0.000000000000e+00	0.000000000000e+00	0.000000000000e+00	0.000000000000e+00	0.000000000000e+00	0.000000000000e+00	0.000000000000e+00	4.211981694899e-305	1.473575633379e-251	1.950741563264e-207
3.143750000000e+00	0.000000000000e+00	0.000000000000e+00	0.000000000000e+00	0.000000000000e+00	0.000000000000e+00	0.000000000000e+00	0.000000000000e+00	1.890572101595e-305	7.378111708094e-252	1.071811111465e-207
3.145000000000e+00	0.000000000000e+00	0.000000000000e+00	0.000000000000e+00	0.000000000000e+00	0.000000000000e+00	0.000000000000e+00	0.000000000000e+00	8.482067582293e-306	3.692653929772e-252	5.886723821895e-208
3.146250000000e+00	0.000000000000e+00	0.000000000000e+00	0.000000000000e+00	0.000000000000e+00	0.000000000000e+00	0.000000000000e+00	0.000000000000e+00	3.803749653047e-306	1.847364427858e-252	3.231959840332e-208
3.147500000000e+00	0.000000000000e+00	0.000000000000e+00	0.000000000000e+00	0.000000000000e+00	0.000000000000e+00	0.000000000000e+00	0.000000000000e+00	1.704997854386e-306	9.238195153806e-253	1.773761150310e-208
3.148750000000e+00	0.000000000000e+00	0.000000000000e+00	0.000000000000e+00	0.000000000000e+00	0.000000000000e+00	0.000000000000e+00	0.000000000000e+00	7.639016737600e-307	4.617876083363e-253	9.731083739017e-209
3.150000000000e+00	0.000000000000e+00	0.000000000000e+00	0.000000000000e+00	0.000000000000e+00	0.000000000000e+00	0.000000000000e+00	0.000000000000e+00	3.420997841312e-307	2.307374051238e-253	5.336594071895e-209
3.151250000000e+00	0.000000000000e+00	0.000000000000e+00	0.000000000000e+00	0.000000000000e+00	0.000000000000e+00	0.000000000000e+00	0.000000000000e+00	1.531333743382e-307	1.152429377160e-253	2.925526372431e-209
3.152500000000e+00	0.000000000000e+00	0.000000000000e+00	0.000000000000e+00	0.000000000000e+00	0.000000000000e+00	0.000000000000e+00	0.000000000000e+00	6.851546640910e-308	5.753488161514e-254	1.603174342963e-209
3.153750000000e+00	0.000000000000e+00	0.000000000000e+00	0.000000000000e+00	0.000000000000e+00	0.000000000000e+00	0.000000000000e+00	0.000000000000e+00	3.064143485427e-308	2.871234832284e-254	8.782019126005e-210
3.155000000000e+00	0.000000000000e+00	0.000000000000e+00	0.000000000000e+00	0.000000000000e+00	0.000000000000e+00	0.000000000000e+00	0.000000000000e+00	1.369718406083e-308	1.432276251836e-254	4.808890539672e-210
3.156250000000e+00	0.000000000000e+00	0.000000000000e+00	0.000000000000e+00	0.000000000000e+00	0.000000000000e+00	0.000000000000e+00	0.000000000000e+00	6.120053223951e-309	7.141763346599e-255	2.632281268188e-210
3.157500000000e+00	0.000000000000e+00	0.000000000000e+00	0.000000000000e+00	0.000000000000e+00	0.000000000000e+00	0.000000000000e+00	0.000000000000e+00	2.733259209475e-309	3.559628751837e-255	1.440312013650e-210
3.158750000000e+00	0.000000000000e+00	0.000000000000e+00	0.000000000000e+00	0.000000000000e+00	0.000000000000e+00	0.000000000000e+00	0.000000000000e+00	1.220135757654e-309	1.773472848239e-255	7.878032378754e-211
3.160000000000e+00	0.000000000000e+00	0.000000000000e+00	0.000000000000e+00	0.000000000000e+00	0.000000000000e+00	0.000000000000e+00	0.000000000000e+00	5.444239264296e-310	8.832120152737e-256	4.307406192534e-211
3.161250000000e+00	0.000000000000e+00	0.000000000000e+00	0.000000000000e+00	0.000000000000e+00	0.000000000000e+00	0.000000000000e+00	0.000000000000e+00	2.428107808868e-310	4.396691362956e-256	2.354240264239e-211
3.162500000000e+00	0.000000000000e+00	0.000000000000e+00	0.000000000000e+00	0.000000000000e+00	0.000000000000e+00	0.000000000000e+00	0.000000000000e+00	1.082431548450e-310	2.187799802889e-256	1.286241822008e-211
3.163750000000e+00	0.000000000000e+00	0.000000000000e+00	0.000000000000e+00	0.000000000000e+00	0.000000000000e+00	0.000000000000e+00	0.000000000000e+00	4.823192898809e-311	1.088202612951e-256	7.024757849976e-212
3.165000000000e+00	0.000000000000e+00	0.000000000000e+00	0.000000000000e+00	0.000000000000e+00	0.000000000000e+00	0.000000000000e+00	0.000000000000e+00	2.148179337495e-311	5.410439396997e-257	3.835102523976e-212
3.166250000000e+00	0.000000000000e+00	0.000000000000e+00	0.000000000000e+00	0.000000000000e+00	0.000000000000e+00	0.000000000000e+00	0.000000000000e+00	9.563308201313e-312	2.688907708472e-257	2.092953053952e-212
3.167500000000e+00	0.000000000000e+00	0.000000000000e+00	0.000000000000e+00	0.000000000000e+00	0.000000000000e+00	0.000000000000e+00	0.000000000000e+00	4.255469510373e-312	1.335795088909e-257	1.141770673480e-212
3.168750000000e+00	0.000000000000e+00	0.000000000000e+00	0.000000000000e+00	0.000000000000e+00	0.000000000000e+00	0.000000000000e+00	0.000000000000e+00	1.892729399363e-312	6.633219604449e-258	6.226373502154e-213
3.170000000000e+00	0.000000000000e+00	0.000000000000e+00	0.000000000000e+00	0.000000000000e+00	0.000000000000e+00	0.000000000000e+00	0.000000000000e+00	8.414557577549e-313	3.292528142477e-258	3.394128987709e-213
3.171250000000e+00	0.000000000000e+00	0.000000000000e+00	0.000000000000e+00	0.000000000000e+00	0.000000000000e+00	0.000000000000e+00	0.000000000000e+00	3.739174718628e-313	1.633635651950e-258	1.849517329574e-213
3.172500000000e+00	0.000000000000e+00	0.000000000000e+00	0.000000000000e+00	0.000000000000e+00	0.000000000000e+00	0.000000000000e+00	0.000000000000e+00	1.660817624049e-313	8.102172712025e-259	1.007454301124e-213
3.173750000000e+00	0.000000000000e+00	0.000000000000e+00	0.000000000000e+00	0.000000000000e+00	0.000000000000e+00	0.000000000000e+00	0.000000000000e+00	7.373434801312e-314	4.016690578043e-259	5.485663884282e-214
3.175000000000e+00	0.000000000000e+00	0.000000000000e+00	0.000000000000e+00	0.000000000000e+00	0.000000000000e+00	0.000000000000e+00	0.000000000000e+00	3.272046430701e-314	1.990470957770e-259	2.985863303583e-214
3.176250000000e+00	0.000000000000e+00	0.000000000000e+00	0.000000000000e+00	0.000000000000e+00	0.000000000000e+00	0.000000000000e+00	0.000000000000e+00	1.451345413403e-314	9.859704520603e-260	1.624604069891e-214
3.177500000000e+00	0.000000000000e+00	0.000000000000e+00	0.000000000000e+00	0.000000000000e+00	0.000000000000e+00	0.000000000000e+00	0.000000000000e+00	6.434633660044e-315	4.881941170190e-260	8.836128862315e-215
3.178750000000e+00	0.000000000000e+00	0.000000000000e+00	0.000000000000e+00	0.000000000000e+00	0.000000000000e+00	0.000000000000e+00	0.000000000000e+00	2.851534182891e-315	2.416249461146e-260	4.804115422636e-215
3.180000000000e+00	0.000000000000e+00	0.000000000000e+00	0.000000000000e+00	0.000000000000e+00	0.000000000000e+00	0.000000000000e+00	0.000000000000e+00	1.263092183128e-315	1.195395414709e-260	2.610968989953e-215
3.181250000000e+00	0.000000000000e+00	0.000000000000e+00	0.000000000000e+00	0.000000000000e+00	0.000000000000e+00	0.000000000000e+00	0.000000000000e+00	5.592335665757e-316	5.911558450242e-261	1.418491974091e-215
3.182500000000e+00	0.000000000000e+00	0.000000000000e+00	0.000000000000e+00	0.000000000000e+00	0.000000000000e+00	0.000000000000e+00	0.000000000000e+00	2.474873978994e-316	2.922220460973e-261	7.703515137868e-216
3.183750000000e+00	0.000000000000e+00	0.000000000000e+00	0.000000000000e+00	0.000000000000e+00	0.000000000000e+00	0.000000000000e+00	0.000000000000e+00	1.094749472297e-316	1.443924726385e-261	4.182037147140e-216
3.185000000000e+00	0.000000000000e+00	0.000000000000e+00	0.000000000000e+00	0.000000000000e+00	0.000000000000e+00	0.000000000000e+00	0.000000000000e+00	4.840362120438e-317	7.131759948812e-262	2.269466206894e-216
3.186250000000e+00	0.000000000000e+00	0.000000000000e+00	0.000000000000e+00	0.000000000000e+00	0.000000000000e+00	0.000000000000e+00	0.000000000000e+00	2.139161461521e-317	3.521027902595e-262	1.231108820532e-216
3.187500000000e+00	0.000000000000e+00	0.000000000000e+00	0.000000000000e+00	0.000000000000e+00	0.000000000000e+00	0.000000000000e+00	0.000000000000e+00	9.449499542360e-318	1.737651996331e-262	6.675842067176e-217
3.188750000000e+00	0.000000000000e+00	0.000000000000e+00	0.000000000000e+00	0.000000000000e+00	0.000000000000e+00	0.000000000000e+00	0.000000000000e+00	4.172305328626e-318	8.571892728933e-263	3.618699773200e-217
3.190000000000e+00	0.000000000000e+00	0.000000000000e+00	0.000000000000e+00	0.000000000000e+00	0.000000000000e+00	0.000000000000e+00	0.000000000000e+00	1.841402424676e-318	4.226795518832e-263	1.960811931405e-217
3.191250000000e+00	0.000000000000e+00	0.000000000000e+00	0.000000000000e+00	0.000000000000e+00	0.000000000000e+00	0.000000000000e+00	0.000000000000e+00	8.122834470147e-319	2.083369663716e-263	1.062077520873e-217
3.192500000000e+00	0.000000000000e+00	0.000000000000e+00	0.000000000000e+00	0.000000000000e+00	0.000000000000e+00	0.000000000000e+00	0.000000000000e+00	3.581778306091e-319	1.026459977807e-263	5.750602932157e-218
3.193750000000e+00	0.000000000000e+00	0.000000000000e+00	0.000000000000e+00	0.000000000000e+00	0.000000000000e+00	0.000000000000e+00	0.000000000000e+00	1.578737364721e-319	5.055199416541e-264	3.112486198125e-218
3.195000000000e+00	0.000000000000e+00	0.000000000000e+00	0.000000000000e+00	0.000000000000e+00	0.000000000000e+00	0.000000000000e+00	0.000000000000e+00	6.956444293445e-320	2.488600308949e-264	1.683985607921e-218
3.196250000000e+00	0.000000000000e+00	0.000000000000e+00	0.000000000000e+00	0.000000000000e+00	0.000000000000e+00	0.000000000000e+00	0.000000000000e+00	3.059254479049e-320	1.224595322040e-264	9.107647324984e-219
3.197500000000e+00	0.000000000000e+00	0.000000000000e+00	0.000000000000e+00	0.000000000000e+00	0.000000000000e+00	0.000000000000e+00	0.000000000000e+00	1.345834819272e-320	6.023523768807e-265	4.923919261179e-219
3.198750000000e+00	0.000000000000e+00	0.000000000000e+00	0.000000000000e+00	0.000000000000e+00	0.000000000000e+00	0.000000000000e+00	0.000000000000e+00	5.948550375929e-321	2.961619409433e-265	2.661046903189e-219
3.200000000000e+00	0.000000000000e+00	0.000000000000e+00	0.000000000000e+00	0.000000000000e+00	0.000000000000e+00	0.000000000000e+00	0.000000000000e+00	2.588903984208e-321	1.455554441386e-265	1.437576696573e-219
3.201250000000e+00	0.000000000000e+00	0.000000000000e+00	0.000000000000e+00	0.000000000000e+00	0.000000000000e+00	0.000000000000e+00	0.000000000000e+00	1.136350985435e-321	7.150694875829e-266	7.763300682303e-220
3.202500000000e+00	0.000000000000e+00	0.000000000000e+00	0.000000000000e+00	0.000000000000e+00	0.000000000000e+00	0.000000000000e+00	0.000000000000e+00	4.940656458412e-322	3.511467286738e-266	4.190816824219e-220
3.203750000000e+00	0.000000000000e+00	0.000000000000e+00	0.000000000000e+00	0.000000000000e+00	0.000000000000e+00	0.000000000000e+00	0.000000000000e+00	2.173888841701e-322	1.723652024226e-266	2.261454418464e-220
3.205000000000e+00	0.000000000000e+00	0.000000000000e+00	0.000000000000e+00	0.000000000000e+00	0.000000000000e+00	0.000000000000e+00	0.000000000000e+00	1.086944420851e-322	8.457288535047e-267	1.219870943505e-220
3.206250000000e+00	0.000000000000e+00	0.000000000000e+00	0.000000000000e+00	0.000000000000e+00	0.000000000000e+00	0.000000000000e+00	0.000000000000e+00	5.928787750095e-323	4.147947856681e-267	6.577741823978e-221
3.207500000000e+00	0.000000000000e+00	0.000000000000e+00	0.000000000000e+00	0.000000000000e+00	0.000000000000e+00	0.000000000000e+00	0.000000000000e+00	0.000000000000e+00	2.033555435559e-267	3.545493132001e-221
3.208750000000e+00	0.000000000000e+00	0.000000000000e+00	0.000000000000e+00	0.000000000000e+00	0.000000000000e+00	0.000000000000e+00	0.000000000000e+00	0.000000000000e+00	9.965505439249e-268	1.910351843469e-221
3.210000000000e+00	0.000000000000e+00	0.000000000000e+00	0.000000000000e+00	0.000000000000e+00	0.000000000000e+00	0.000000000000e+00	0.000000000000e+00	0.000000000000e+00	4.881611709251e-268	1.028932685812e-221
3.211250000000e+00	0.000000000000e+00	0.000000000000e+00	0.000000000000e+00	0.000000000000e+00	0.000000000000e+00	0.000000000000e+00	0.000000000000e+00	0.000000000000e+00	2.390274181221e-268	5.539842958459e-222
3.212500000000e+00	0.000000000000e+00	0.000000000000e+00	0.000000000000e+00	0.000000000000e+00	0.000000000000e+00	0.000000000000e+00	0.000000000000e+00	0.000000000000e+00	1.169910922814e-268	2.981568779325e-222
3.213750000000e+00	0.000000000000e+00	0.000000000000e+00	0.000000000000e+00	0.000000000000e+00	0.000000000000e+00	0.000000000000e+00	0.000000000000e+00	0.000000000000e+00	5.723721024770e-269	1.604091357914e-222
3.215000000000e+00	0.000000000000e+00	0.000000000000e+00	0.000000000000e+00	0.000000000000e+00	0.000000000000e+00	0.000000000000e+00	0.000000000000e+00	0.000000000000e+00	2.799140559267e-269	8.626810421605e-223
3.216250000000e+00	0.000000000000e+00	0.000000000000e+00	0.000000000000e+00	0.000000000000e+00	0.000000000000e+00	0.000000000000e+00	0.000000000000e+00	0.000000000000e+00	1.368332188138e-269	4.637760292758e-223
3.217500000000e+00	0.000000000000e+00	0.000000000000e+00	0.000000000000e+00	0.000000000000e+00	0.000000000000e+00	0.000000000000e+00	0.000000000000e+00	0.000000000000e+00	6.686193888655e-270	2.492316713934e-223
3.218750000000e+00	0.000000000000e+00	0.000000000000e+00	0.000000000000e+00	0.000000000000e+00	0.000000000000e+00	0.000000000000e+00	0.000000000000e+00	0.000000000000e+00	3.265780384621e-270	1.338859641273e-223
3.220000000000e+00	0.000000000000e+00	0.000000000000e+00	0.000000000000e+00	0.000000000000e+00	0.000000000000e+00	0.000000000000e+00	0.000000000000e+00	0.000000000000e+00	1.594467138650e-270	7.189583948961e-224
3.221250000000e+00	0.000000000000e+00	0.000000000000e+00	0.000000000000e+00	0.000000000000e+00	0.000000000000e+00	0.000000000000e+00	0.000000000000e+00	0.000000000000e+00	7.781525711777e-271	3.859307258239e-224
3.222500000000e+00	0.000000000000e+00	0.000000000000e+00	0.000000000000e+00	0.000000000000e+00	0.000000000000e+00	0.000000000000e+00	0.000000000000e+00	0.000000000000e+00	3.796072755041e-271	2.070865255925e-224
3.223750000000e+00	0.000000000000e+00	0.000000000000e+00	0.000000000000e+00	0.000000000000e+00	0.000000000000e+00	0.000000000000e+00	0.000000000000e+00	0.000000000000e+00	1.851078706657e-271	1.110788092854e-224
3.225000000000e+00	0.000000000000e+00	0.000000000000e+00	0.000000000000e+00	0.000000000000e+00	0.000000000000e+00	0.000000000000e+00	0.000000000000e+00	0.000000000000e+00	9.022685707099e-272	5.955901105786e-225
3.226250000000e+00	0.000000000000e+00	0.000000000000e+00	0.000000000000e+00	0.000000000000e+00	0.000000000000e+00	0.000000000000e+00	0.000000000000e+00	0.000000000000e+00	4.396097955892e-272	3.192277438897e-225
3.227500000000e+00	0.000000000000e+00	0.000000000000e+00	0.000000000000e+00	0.000000000000e+00	0.000000000000e+00	0.000000000000e+00	0.000000000000e+00	0.000000000000e+00	2.141013863070e-272	1.710372352096e-225
3.228750000000e+00	0.000000000000e+00	0.000000000000e+00	0.000000000000e+00	0.000000000000e+00	0.000000000000e+00	0.000000000000e+00	0.000000000000e+00	0.000000000000e+00	1.042298672484e-272	9.160466588454e-226
3.230000000000e+00	0.000000000000e+00	0.000000000000e+00	0.000000000000e+00	0.000000000000e+00	0.000000000000e+00	0.000000000000e+00	0.000000000000e+00	0.000000000000e+00	5.072072781613e-273	4.904349488135e-226
3.231250000000e+00	0.000000000000e+00	0.000000000000e+00	0.000000000000e+00	0.000000000000e+00	0.000000000000e+00	0.000000000000e+00	0.000000000000e+00	0.000000000000e+00	2.467171592941e-273	2.624714768895e-226
3.232500000000e+00	0.000000000000e+00	0.000000000000e+00	0.000000000000e+00	0.000000000000e+00	0.000000000000e+00	0.000000000000e+00	0.000000000000e+00	0.000000000000e+00	1.199592721294e-273	1.404170056209e-226
3.233750000000e+00	0.000000000000e+00	0.000000000000e+00	0.000000000000e+00	0.000000000000e+00	0.000000000000e+00	0.000000000000e+00	0.000000000000e+00	0.000000000000e+00	5.830272785302e-274	7.509208938299e-227
3.235000000000e+00	0.000000000000e+00	0.000000000000e+00	0.000000000000e+00	0.000000000000e+00	0.000000000000e+00	0.000000000000e+00	0.000000000000e+00	0.000000000000e+00	2.832464756368e-274	4.014260552692e-227
3.236250000000e+00	0.000000000000e+00	0.000000000000e+00	0.000000000000e+00	0.000000000000e+00	0.000000000000e+00	0.000000000000e+00	0.000000000000e+00	0.000000000000e+00	1.375500464972e-274	2.145130981889e-227
3.237500000000e+00	0.000000000000e+00	0.000000000000e+00	0.000000000000e+00	0.000000000000e+00	0.000000000000e+00	0.000000000000e+00	0.000000000000e+00	0.000000000000e+00	6.676941254804e-275	1.145879530481e-227
3.238750000000e+00	0.000000000000e+00	0.000000000000e+00	0.000000000000e+00	0.000000000000e+00	0.000000000000e+00	0.000000000000e+00	0.000000000000e+00	0.000000000000e+00	3.239775790955e-275	6.118725861700e-228
3.240000000000e+00	0.000000000000e+00	0.000000000000e+00	0.000000000000e+00	0.000000000000e+00	0.000000000000e+00	0.000000000000e+00	0.000000000000e+00	0.000000000000e+00	1.571350048868e-275	3.266028112794e-228
3.241250000000e+00	0.000000000000e+00	0.000000000000e+00	0.000000000000e+00	0.000000000000e+00	0.000000000000e+00	0.000000000000e+00	0.000000000000e+00	0.000000000000e+00	7.618185052215e-276	1.742672307077e-228
3.242500000000e+00	0.000000000000e+00	0.000000000000e+00	0.000000000000e+00	0.000000000000e+00	0.000000000000e+00	0.000000000000e+00	0.000000000000e+00	0.000000000000e+00	3.691906376849e-276	9.294979352953e-229
3.243750000000e+00	0.000000000000e+00	0.000000000000e+00	0.000000000000e+00	0.000000000000e+00	0.000000000000e+00	0.000000000000e+00	0.000000000000e+00	0.000000000000e+00	1.788423745463e-276	4.955848451969e-229
3.245000000000e+00	0.000000000000e+00	0.000000000000e+00	0.000000000000e+00	0.000000000000e+00	0.000000000000e+00	0.000000000000e+00	0.000000000000e+00	0.000000000000e+00	8.659857839952e-277	2.641341127334e-229
3.246250000000e+00	0.000000000000e+00	0.000000000000e+00	0.000000000000e+00	0.000000000000e+00	0.000000000000e+00	0.000000000000e+00	0.000000000000e+00	0.000000000000e+00	4.191521371270e-277	1.407238986257e-229
3.247500000000e+00	0.000000000000e+00	0.000000000000e+00	0.000000000000e+00	0.000000000000e+00	0.000000000000e+00	0.000000000000e+00	0.000000000000e+00	0.000000000000e+00	2.027931092270e-277	7.494594006137e-230
3.248750000000e+00	0.000000000000e+00	0.000000000000e+00	0.000000000000e+00	0.000000000000e+00	0.000000000000e+00	0.000000000000e+00	0.000000000000e+00	0.000000000000e+00	9.807431643612e-278	3.989929783528e-230
3.250000000000e+00	0.000000000000e+00	0.000000000000e+00	0.000000000000e+00	0.000000000000e+00	0.000000000000e+00	0.000000000000e+00	0.000000000000e+00	0.000000000000e+00	4.741087523258e-278	2.123338736163e-230
3.251250000000e+00	0.000000000000e+00	0.000000000000e+00	0.000000000000e+00	0.000000000000e+00	0.000000000000e+00	0.000000000000e+00	0.000000000000e+00	0.000000000000e+00	2.290979708076e-278	1.129562330786e-230
3.252500000000e+00	0.000000000000e+00	0.000000000000e+00	0.000000000000e+00	0.000000000000e+00	0.000000000000e+00	0.000000000000e+00	0.000000000000e+00	0.000000000000e+00	1.106585816078e-278	6.006728567440e-231
3.253750000000e+00	0.000000000000e+00	0.000000000000e+00	0.000000000000e+00	0.000000000000e+00	0.000000000000e+00	0.000000000000e+00	0.000000000000e+00	0.000000000000e+00	5.342807696039e-279	3.193027819716e-231
3.255000000000e+00	0.000000000000e+00	0.000000000000e+00	0.000000000000e+00	0.000000000000e+00	0.000000000000e+00	0.000000000000e+00	0.000000000000e+00	0.000000000000e+00	2.578544159563e-279	1.696696975751e-231
3.256250000000e+00	0.000000000000e+00	0.000000000000e+00	0.000000000000e+00	0.000000000000e+00	0.000000000000e+00	0.000000000000e+00	0.000000000000e+00	0.000000000000e+00	1.243942170376e-279	9.012447699236e-232
3.257500000000e+00	0.000000000000e+00	0.000000000000e+00	0.000000000000e+00	0.000000000000e+00	0.000000000000e+00	0.000000000000e+00	0.000000000000e+00	0.000000000000e+00	5.998551548364e-280	4.785398592707e-232
3.258750000000e+00	0.000000000000e+00	0.000000000000e+00	0.000000000000e+00	0.000000000000e+00	0.000000000000e+00	0.000000000000e+00	0.000000000000e+00	0.000000000000e+00	2.891433354756e-280	2.539980403758e-232
3.260000000000e+00	0.000000000000e+00	0.000000000000e+00	0.000000000000e+00	0.000000000000e+00	0.000000000000e+00	0.000000000000e+00	0.000000000000e+00	0.000000000000e+00	1.393158614878e-280	1.347657407704e-232
3.261250000000e+00	0.000000000000e+00	0.000000000000e+00	0.000000000000e+00	0.000000000000e+00	0.000000000000e+00	0.000000000000e+00	0.000000000000e+00	0.000000000000e+00	6.709783850347e-281	7.147687028563e-233
3.262500000000e+00	0.000000000000e+00	0.000000000000e+00	0.000000000000e+00	0.000000000000e+00	0.000000000000e+00	0.000000000000e+00	0.000000000000e+00	0.000000000000e+00	3.230257042974e-281	3.789556981123e-233
3.263750000000e+00	0.000000000000e+00	0.000000000000e+00	0.000000000000e+00	0.000000000000e+00	0.000000000000e+00	0.000000000000e+00	0.000000000000e+00	0.000000000000e+00	1.554483873806e-281	2.008390894024e-233
3.265000000000e+00	0.000000000000e+00	0.000000000000e+00	0.000000000000e+00	0.000000000000e+00	0.000000000000e+00	0.000000000000e+00	0.000000000000e+00	0.000000000000e+00	7.477491825731e-282	1.064008099622e-233
3.266250000000e+00	0.000000000000e+00	0.000000000000e+00	0.000000000000e+00	0.000000000000e+00	0.000000000000e+00	0.000000000000e+00	0.000000000000e+00	0.000000000000e+00	3.595392099415e-282	5.634800087962e-234
3.267500000000e+00	0.000000000000e+00	0.000000000000e+00	0.000000000000e+00	0.000000000000e+00	0.000000000000e+00	0.000000000000e+00	0.000000000000e+00	0.000000000000e+00	1.728053402621e-282	2.982970646812e-234
3.268750000000e+00	0.000000000000e+00	0.000000000000e+00	0.000000000000e+00	0.000000000000e+00	0.000000000000e+00	0.000000000000e+00	0.000000000000e+00	0.000000000000e+00	8.302113112704e-283	1.578542704106e-234
3.270000000000e+00	0.000000000000e+00	0.000000000000e+00	0.000000000000e+00	0.000000000000e+00	0.000000000000e+00	0.000000000000e+00	0.000000000000e+00	0.000000000000e+00	3.986949361850e-283	8.350271169918e-235
3.271250000000e+00	0.000000000000e+00	0.000000000000e+00	0.000000000000e+00	0.000000000000e+00	0.000000000000e+00	0.000000000000e+00	0.000000000000e+00	0.000000000000e+00	1.913874165904e-283	4.415518527427e-235
3.272500000000e+00	0.000000000000e+00	0.000000000000e+00	0.000000000000e+00	0.000000000000e+00	0.000000000000e+00	0.000000000000e+00	0.000000000000e+00	0.000000000000e+00	9.183466109941e-284	2.333993982492e-235
3.273750000000e+00	0.000000000000e+00	0.000000000000e+00	0.000000000000e+00	0.000000000000e+00	0.000000000000e+00	0.000000000000e+00	0.000000000000e+00	0.000000000000e+00	4.404741863204e-284	1.233259986766e-235
3.275000000000e+00	0.000000000000e+00	0.000000000000e+00	0.000000000000e+00	0.000000000000e+00	0.000000000000e+00	0.000000000000e+00	0.000000000000e+00	0.000000000000e+00	2.111810200191e-284	6.513980263475e-236
3.276250000000e+00	0.000000000000e+00	0.000000000000e+00	0.000000000000e+00	0.000000000000e+00	0.000000000000e+00	0.000000000000e+00	0.000000000000e+00	0.000000000000e+00	1.012068461466e-284	3.439340106799e-236
3.277500000000e+00	0.000000000000e+00	0.000000000000e+00	0.000000000000e+00	0.000000000000e+00	0.000000000000e+00	0.000000000000e+00	0.000000000000e+00	0.000000000000e+00	4.848255362340e-285	1.815267775875e-236
3.278750000000e+00	0.000000000000e+00	0.000000000000e+00	0.000000000000e+00	0.000000000000e+00	0.000000000000e+00	0.000000000000e+00	0.000000000000e+00	0.000000000000e+00	2.321569387545e-285	9.577301527039e-237
3.280000000000e+00	0.000000000000e+00	0.000000000000e+00	0.000000000000e+00	0.000000000000e+00	0.000000000000e+00	0.000000000000e+00	0.000000000000e+00	0.000000000000e+00	1.111215875590e-285	5.051059816628e-237
3.281250000000e+00	0.000000000000e+00	0.000000000000e+00	0.000000000000e+00	0.000000000000e+00	0.000000000000e+00	0.000000000000e+00	0.000000000000e+00	0.000000000000e+00	5.316622112668e-286	2.662923871593e-237
3.282500000000e+00	0.000000000000e+00	0.000000000000e+00	0.000000000000e+00	0.000000000000e+00	0.000000000000e+00	0.000000000000e+00	0.000000000000e+00	0.000000000000e+00	2.542691879200e-286	1.403368998886e-237
3.283750000000e+00	0.000000000000e+00	0.000000000000e+00	0.000000000000e+00	0.000000000000e+00	0.000000000000e+00	0.000000000000e+00	0.000000000000e+00	0.000000000000e+00	1.215548427072e-286	7.393020229042e-238
3.285000000000e+00	0.000000000000e+00	0.000000000000e+00	0.000000000000e+00	0.000000000000e+00	0.000000000000e+00	0.000000000000e+00	0.000000000000e+00	0.000000000000e+00	5.808598819946e-287	3.893218683848e-238
3.286250000000e+00	0.000000000000e+00	0.000000000000e+00	0.000000000000e+00	0.000000000000e+00	0.000000000000e+00	0.000000000000e+00	0.000000000000e+00	0.000000000000e+00	2.774540609848e-287	2.049427652178e-238
3.287500000000e+00	0.000000000000e+00	0.000000000000e+00	0.000000000000e+00	0.000000000000e+00	0.000000000000e+00	0.000000000000e+00	0.000000000000e+00	0.000000000000e+00	1.324742215650e-287	1.078433258362e-238
3.288750000000e+00	0.000000000000e+00	0.000000000000e+00	0.000000000000e+00	0.000000000000e+00	0.000000000000e+00	0.000000000000e+00	0.000000000000e+00	0.000000000000e+00	6.322549724248e-288	5.672713398713e-239
3.290000000000e+00	0.000000000000e+00	0.000000000000e+00	0.000000000000e+00	0.000000000000e+00	0.000000000000e+00	0.000000000000e+00	0.000000000000e+00	0.000000000000e+00	3.016294330875e-288	2.982808007119e-239
3.291250000000e+00	0.000000000000e+00	0.000000000000e+00	0.000000000000e+00	0.000000000000e+00	0.000000000000e+00	0.000000000000e+00	0.000000000000e+00	0.000000000000e+00	1.438387065376e-288	1.567821611066e-239
3.292500000000e+00	0.000000000000e+00	0.000000000000e+00	0.000000000000e+00	0.000000000000e+00	0.000000000000e+00	0.000000000000e+00	0.000000000000e+00	0.000000000000e+00	6.856435693898e-289	8.237679313108e-240
3.293750000000e+00	0.000000000000e+00	0.000000000000e+00	0.000000000000e+00	0.000000000000e+00	0.000000000000e+00	0.000000000000e+00	0.000000000000e+00	0.000000000000e+00	3.266943564030e-289	4.326632460156e-240
3.295000000000e+00	0.000000000000e+00	0.000000000000e+00	0.000000000000e+00	0.000000000000e+00	0.000000000000e+00	0.000000000000e+00	0.000000000000e+00	0.000000000000e+00	1.555985136577e-289	2.271600813913e-240
3.296250000000e+00	0.000000000000e+00	0.000000000000e+00	0.000000000000e+00	0.000000000000e+00	0.000000000000e+00	0.000000000000e+00	0.000000000000e+00	0.000000000000e+00	7.407810139930e-290	1.192204935531e-240
3.297500000000e+00	0.000000000000e+00	0.000000000000e+00	0.000000000000e+00	0.000000000000e+00	0.000000000000e+00	0.000000000000e+00	0.000000000000e+00	0.000000000000e+00	3.525289835246e-290	6.254703161364e-241
3.298750000000e+00	0.000000000000e+00	0.000000000000e+00	0.000000000000e+00	0.000000000000e+00	0.000000000000e+00	0.000000000000e+00	0.000000000000e+00	0.000000000000e+00	1.676951110482e-290	3.280192868767e-241
3.300000000000e+00	0.000000000000e+00	0.000000000000e+00	0.000000000000e+00	0.000000000000e+00	0.000000000000e+00	0.000000000000e+00	0.000000000000e+00	0.000000000000e+00	7.973822448162e-291	1.719605973272e-241
3.301250000000e+00	0.000000000000e+00	0.000000000000e+00	0.000000000000e+00	0.000000000000e+00	0.000000000000e+00	0.000000000000e+00	0.000000000000e+00	0.000000000000e+00	3.789948491606e-291	9.011464959583e-242
3.302500000000e+00	0.000000000000e+00	0.000000000000e+00	0.000000000000e+00	0.000000000000e+00	0.000000000000e+00	0.000000000000e+00	0.000000000000e+00	0.000000000000e+00	1.800614076872e-291	4.720616716817e-242
3.303750000000e+00	0.000000000000e+00	0.000000000000e+00	0.000000000000e+00	0.000000000000e+00	0.000000000000e+00	0.000000000000e+00	0.000000000000e+00	0.000000000000e+00	8.551229482988e-292	2.471945947322e-242
3.305000000000e+00	0.000000000000e+00	0.000000000000e+00	0.000000000000e+00	0.000000000000e+00	0.000000000000e+00	0.000000000000e+00	0.000000000000e+00	0.000000000000e+00	4.059355333524e-292	1.293945809578e-242
3.306250000000e+00	0.000000000000e+00	0.000000000000e+00	0.000000000000e+00	0.000000000000e+00	0.000000000000e+00	0.000000000000e+00	0.000000000000e+00	0.000000000000e+00	1.926221220094e-292	6.770645809238e-243
3.307500000000e+00	0.000000000000e+00	0.000000000000e+00	0.000000000000e+00	0.000000000000e+00	0.000000000000e+00	0.000000000000e+00	0.000000000000e+00	0.000000000000e+00	9.136415545029e-293	3.541448987787e-243
3.308750000000e+00	0.000000000000e+00	0.000000000000e+00	0.000000000000e+00	0.000000000000e+00	0.000000000000e+00	0.000000000000e+00	0.000000000000e+00	0.000000000000e+00	4.331777210098e-293	1.851692101293e-243
3.310000000000e+00	0.000000000000e+00	0.000000000000e+00	0.000000000000e+00	0.000000000000e+00	0.000000000000e+00	0.000000000000e+00	0.000000000000e+00	0.000000000000e+00	2.052943357939e-293	9.678174448022e-244
3.311250000000e+00	0.000000000000e+00	0.000000000000e+00	0.000000000000e+00	0.000000000000e+00	0.000000000000e+00	0.000000000000e+00	0.000000000000e+00	0.000000000000e+00	9.725420967212e-294	5.056558153626e-244
3.312500000000e+00	0.000000000000e+00	0.000000000000e+00	0.000000000000e+00	0.000000000000e+00	0.000000000000e+00	0.000000000000e+00	0.000000000000e+00	0.000000000000e+00	4.605326630525e-294	2.640909111529e-244
3.313750000000e+00	0.000000000000e+00	0.000000000000e+00	0.000000000000e+00	0.000000000000e+00	0.000000000000e+00	0.000000000000e+00	0.000000000000e+00	0.000000000000e+00	2.179882342227e-294	1.378760370414e-244
3.315000000000e+00	0.000000000000e+00	0.000000000000e+00	0.000000000000e+00	0.000000000000e+00	0.000000000000e+00	0.000000000000e+00	0.000000000000e+00	0.000000000000e+00	1.031397931556e-294	7.195500661947e-245
3.316250000000e+00	0.000000000000e+00	0.000000000000e+00	0.000000000000e+00	0.000000000000e+00	0.000000000000e+00	0.000000000000e+00	0.000000000000e+00	0.000000000000e+00	4.877980340452e-295	3.753791367987e-245
3.317500000000e+00	0.000000000000e+00	0.000000000000e+00	0.000000000000e+00	0.000000000000e+00	0.000000000000e+00	0.000000000000e+00	0.000000000000e+00	0.000000000000e+00	2.306080280609e-295	1.957564738529e-245
3.318750000000e+00	0.000000000000e+00	0.000000000000e+00	0.000000000000e+00	0.000000000000e+00	0.000000000000e+00	0.000000000000e+00	0.000000000000e+00	0.000000000000e+00	1.089756292788e-295	1.020467138803e-245
3.320000000000e+00	0.000000000000e+00	0.000000000000e+00	0.000000000000e+00	0.000000000000e+00	0.000000000000e+00	0.000000000000e+00	0.000000000000e+00	0.000000000000e+00	5.147601702430e-296	5.317638413555e-246
3.321250000000e+00	0.000000000000e+00	0.000000000000e+00	0.000000000000e+00	0.000000000000e+00	0.000000000000e+00	0.000000000000e+00	0.000000000000e+00	0.000000000000e+00	2.430530487635e-296	2.769972582354e-246
3.322500000000e+00	0.000000000000e+00	0.000000000000e+00	0.000000000000e+00	0.000000000000e+00	0.000000000000e+00	0.000000000000e+00	0.000000000000e+00	0.000000000000e+00	1.147143628299e-296	1.442344577273e-246
3.323750000000e+00	0.000000000000e+00	0.000000000000e+00	0.000000000000e+00	0.000000000000e+00	0.000000000000e+00	0.000000000000e+00	0.000000000000e+00	0.000000000000e+00	5.411966607466e-297	7.507571382046e-247
3.325000000000e+00	0.000000000000e+00	0.000000000000e+00	0.000000000000e+00	0.000000000000e+00	0.000000000000e+00	0.000000000000e+00	0.000000000000e+00	0.000000000000e+00	2.552190021054e-297	3.906310874557e-247
3.326250000000e+00	0.000000000000e+00	0.000000000000e+00	0.000000000000e+00	0.000000000000e+00	0.000000000000e+00	0.000000000000e+00	0.000000000000e+00	0.000000000000e+00	1.203071645192e-297	2.031753532334e-247
3.327500000000e+00	0.000000000000e+00	0.000000000000e+00	0.000000000000e+00	0.000000000000e+00	0.000000000000e+00	0.000000000000e+00	0.000000000000e+00	0.000000000000e+00	5.668792533749e-298	1.056360449477e-247
3.328750000000e+00	0.000000000000e+00	0.000000000000e+00	0.000000000000e+00	0.000000000000e+00	0.000000000000e+00	0.000000000000e+00	0.000000000000e+00	0.000000000000e+00	2.669993608428e-298	5.490224838850e-248
3.330000000000e+00	0.000000000000e+00	0.000000000000e+00	0.000000000000e+00	0.000000000000e+00	0.000000000000e+00	0.000000000000e+00	0.000000000000e+00	0.000000000000e+00	1.257043965070e-298	2.852364458008e-248
3.331250000000e+00	0.000000000000e+00	0.000000000000e+00	0.000000000000e+00	0.000000000000e+00	0.000000000000e+00	0.000000000000e+00	0.000000000000e+00	0.000000000000e+00	5.915770262924e-299	1.481346960165e-248
3.332500000000e+00	0.000000000000e+00	0.000000000000e+00	0.000000000000e+00	0.000000000000e+00	0.000000000000e+00	0.000000000000e+00	0.000000000000e+00	0.000000000000e+00	2.782868721260e-299	7.690338448734e-249
3.333750000000e+00	0.000000000000e+00	0.000000000000e+00	0.000000000000e+00	0.000000000000e+00	0.000000000000e+00	0.000000000000e+00	0.000000000000e+00	0.000000000000e+00	1.308563269783e-299	3.990901457943e-249
3.335000000000e+00	0.000000000000e+00	0.000000000000e+00	0.000000000000e+00	0.000000000000e+00	0.000000000000e+00	0.000000000000e+00	0.000000000000e+00	0.000000000000e+00	6.150597667472e-300	2.070300771382e-249
3.336250000000e+00	0.000000000000e+00	0.000000000000e+00	0.000000000000e+00	0.000000000000e+00	0.000000000000e+00	0.000000000000e+00	0.000000000000e+00	0.000000000000e+00	2.889751510748e-300	1.073575944645e-249
3.337500000000e+00	0.000000000000e+00	0.000000000000e+00	0.000000000000e+00	0.000000000000e+00	0.000000000000e+00	0.000000000000e+00	0.000000000000e+00	0.000000000000e+00	1.357138798936e-300	5.565048941210e-250
3.338750000000e+00	0.000000000000e+00	0.000000000000e+00	0.000000000000e+00	0.000000000000e+00	0.000000000000e+00	0.000000000000e+00	0.000000000000e+00	0.000000000000e+00	6.371014898994e-301	2.883646981867e-250
3.340000000000e+00	0.000000000000e+00	0.000000000000e+00	0.000000000000e+00	0.000000000000e+00	0.000000000000e+00	0.000000000000e+00	0.000000000000e+00	0.000000000000e+00	2.989603282683e-301	1.493661151631e-250
3.341250000000e+00	0.000000000000e+00	0.000000000000e+00	0.000000000000e+00	0.000000000000e+00	0.000000000000e+00	0.000000000000e+00	0.000000000000e+00	0.000000000000e+00	1.402294044601e-301	7.733907385267e-251
3.342500000000e+00	0.000000000000e+00	0.000000000000e+00	0.000000000000e+00	0.000000000000e+00	0.000000000000e+00	0.000000000000e+00	0.000000000000e+00	0.000000000000e+00	6.574840239593e-302	4.002973700224e-251
3.343750000000e+00	0.000000000000e+00	0.000000000000e+00	0.000000000000e+00	0.000000000000e+00	0.000000000000e+00	0.000000000000e+00	0.000000000000e+00	0.000000000000e+00	3.081427160526e-302	2.071111093569e-251
3.345000000000e+00	0.000000000000e+00	0.000000000000e+00	0.000000000000e+00	0.000000000000e+00	0.000000000000e+00	0.000000000000e+00	0.000000000000e+00	0.000000000000e+00	1.443574476893e-302	1.071176265839e-251
3.346250000000e+00	0.000000000000e+00	0.000000000000e+00	0.000000000000e+00	0.000000000000e+00	0.000000000000e+00	0.000000000000e+00	0.000000000000e+00	0.000000000000e+00	6.760005830367e-303	5.538030921407e-252
3.347500000000e+00	0.000000000000e+00	0.000000000000e+00	0.000000000000e+00	0.000000000000e+00	0.000000000000e+00	0.000000000000e+00	0.000000000000e+00	0.000000000000e+00	3.164284566605e-303	2.862112494274e-252
3.348750000000e+00	0.000000000000e+00	0.000000000000e+00	0.000000000000e+00	0.000000000000e+00	0.000000000000e+00	0.000000000000e+00	0.000000000000e+00	0.000000000000e+00	1.480555126695e-303	1.478614331122e-252
3.350000000000e+00	0.000000000000e+00	0.000000000000e+00	0.000000000000e+00	0.000000000000e+00	0.000000000000e+00	0.000000000000e+00	0.000000000000e+00	0.000000000000e+00	6.924592464683e-304	7.635896113755e-253
3.351250000000e+00	0.000000000000e+00	0.000000000000e+00	0.000000000000e+00	0.000000000000e+00	0.000000000000e+00	0.000000000000e+00	0.000000000000e+00	0.000000000000e+00	3.237311142682e-304	3.941867296286e-253
3.352500000000e+00	0.000000000000e+00	0.000000000000e+00	0.000000000000e+00	0.000000000000e+00	0.000000000000e+00	0.000000000000e+00	0.000000000000e+00	0.000000000000e+00	1.512847849576e-304	2.034140170259e-253
3.353750000000e+00	0.000000000000e+00	0.000000000000e+00	0.000000000000e+00	0.000000000000e+00	0.000000000000e+00	0.000000000000e+00	0.000000000000e+00	0.000000000000e+00	7.066862631039e-305	1.049292675934e-253
3.355000000000e+00	0.000000000000e+00	0.000000000000e+00	0.000000000000e+00	0.000000000000e+00	0.000000000000e+00	0.000000000000e+00	0.000000000000e+00	0.000000000000e+00	3.299731733577e-305	5.410648174685e-254
3.356250000000e+00	0.000000000000e+00	0.000000000000e+00	0.000000000000e+00	0.000000000000e+00	0.000000000000e+00	0.000000000000e+00	0.000000000000e+00	0.000000000000e+00	1.540108097747e-305	2.788937853645e-254
3.357500000000e+00	0.000000000000e+00	0.000000000000e+00	0.000000000000e+00	0.000000000000e+00	0.000000000000e+00	0.000000000000e+00	0.000000000000e+00	0.000000000000e+00	7.185291011848e-306	1.437028122100e-254
3.358750000000e+00	0.000000000000e+00	0.000000000000e+00	0.000000000000e+00	0.000000000000e+00	0.000000000000e+00	0.000000000000e+00	0.000000000000e+00	0.000000000000e+00	3.350874071339e-306	7.401650698476e-255
3.360000000000e+00	0.000000000000e+00	0.000000000000e+00	0.000000000000e+00	0.000000000000e+00	0.000000000000e+00	0.000000000000e+00	0.000000000000e+00	0.000000000000e+00	1.562041035115e-306	3.810910881583e-255
3.361250000000e+00	0.000000000000e+00	0.000000000000e+00	0.000000000000e+00	0.000000000000e+00	0.000000000000e+00	0.000000000000e+00	0.000000000000e+00	0.000000000000e+00	7.278591690514e-307	1.961398723380e-255
3.362500000000e+00	0.000000000000e+00	0.000000000000e+00	0.000000000000e+00	0.000000000000e+00	0.000000000000e+00	0.000000000000e+00	0.000000000000e+00	0.000000000000e+00	3.390180822519e-307	1.009113165040e-255
3.363750000000e+00	0.000000000000e+00	0.000000000000e+00	0.000000000000e+00	0.000000000000e+00	0.000000000000e+00	0.000000000000e+00	0.000000000000e+00	0.000000000000e+00	1.578406843782e-307	5.189801464320e-256
3.365000000000e+00	0.000000000000e+00	0.000000000000e+00	0.000000000000e+00	0.000000000000e+00	0.000000000000e+00	0.000000000000e+00	0.000000000000e+00	0.000000000000e+00	7.345741388572e-308	2.668077895335e-256
3.366250000000e+00	0.000000000000e+00	0.000000000000e+00	0.000000000000e+00	0.000000000000e+00	0.000000000000e+00	0.000000000000e+00	0.000000000000e+00	0.000000000000e+00	3.417219696763e-308	1.371144271950e-256
3.367500000000e+00	0.000000000000e+00	0.000000000000e+00	0.000000000000e+00	0.000000000000e+00	0.000000000000e+00	0.000000000000e+00	0.000000000000e+00	0.000000000000e+00	1.589025088503e-308	7.043762287610e-257
3.368750000000e+00	0.000000000000e+00	0.000000000000e+00	0.000000000000e+00	0.000000000000e+00	0.000000000000e+00	0.000000000000e+00	0.000000000000e+00	0.000000000000e+00	7.385998145941e-309	3.617121663345e-257
3.370000000000e+00	0.000000000000e+00	0.000000000000e+00	0.000000000000e+00	0.000000000000e+00	0.000000000000e+00	0.000000000000e+00	0.000000000000e+00	0.000000000000e+00	3.431691360438e-309	1.856771368800e-257
3.371250000000e+00	0.000000000000e+00	0.000000000000e+00	0.000000000000e+00	0.000000000000e+00	0.000000000000e+00	0.000000000000e+00	0.000000000000e+00	0.000000000000e+00	1.593778028030e-309	9.527756143837e-258
3.372500000000e+00	0.000000000000e+00	0.000000000000e+00	0.000000000000e+00	0.000000000000e+00	0.000000000000e+00	0.000000000000e+00	0.000000000000e+00	0.000000000000e+00	7.398914967438e-310	4.887195631960e-258
3.373750000000e+00	0.000000000000e+00	0.000000000000e+00	0.000000000000e+00	0.000000000000e+00	0.000000000000e+00	0.000000000000e+00	0.000000000000e+00	0.000000000000e+00	3.433434952717e-310	2.505911349836e-258
3.375000000000e+00	0.000000000000e+00	0.000000000000e+00	0.000000000000e+00	0.000000000000e+00	0.000000000000e+00	0.000000000000e+00	0.000000000000e+00	0.000000000000e+00	1.592612788392e-310	1.284424469544e-258
3.376250000000e+00	0.000000000000e+00	0.000000000000e+00	0.000000000000e+00	0.000000000000e+00	0.000000000000e+00	0.000000000000e+00	0.000000000000e+00	0.000000000000e+00	7.384348084666e-311	6.580945991492e-259
3.377500000000e+00	0.000000000000e+00	0.000000000000e+00	0.000000000000e+00	0.000000000000e+00	0.000000000000e+00	0.000000000000e+00	0.000000000000e+00	0.000000000000e+00	3.422431062003e-311	3.370582572618e-259
3.378750000000e+00	0.000000000000e+00	0.000000000000e+00	0.000000000000e+00	0.000000000000e+00	0.000000000000e+00	0.000000000000e+00	0.000000000000e+00	0.000000000000e+00	1.585542342007e-311	1.725672998018e-259
3.380000000000e+00	0.000000000000e+00	0.000000000000e+00	0.000000000000e+00	0.000000000000e+00	0.000000000000e+00	0.000000000000e+00	0.000000000000e+00	0.000000000000e+00	7.342459619694e-312	8.831793879272e-260
3.381250000000e+00	0.000000000000e+00	0.000000000000e+00	0.000000000000e+00	0.000000000000e+00	0.000000000000e+00	0.000000000000e+00	0.000000000000e+00	0.000000000000e+00	3.398802085674e-312	4.518312182124e-260
3.382500000000e+00	0.000000000000e+00	0.000000000000e+00	0.000000000000e+00	0.000000000000e+00	0.000000000000e+00	0.000000000000e+00	0.000000000000e+00	0.000000000000e+00	1.572645267248e-312	2.310683334157e-260
3.383750000000e+00	0.000000000000e+00	0.000000000000e+00	0.000000000000e+00	0.000000000000e+00	0.000000000000e+00	0.000000000000e+00	0.000000000000e+00	0.000000000000e+00	7.273714581649e-313	1.181249175005e-260
3.385000000000e+00	0.000000000000e+00	0.000000000000e+00	0.000000000000e+00	0.000000000000e+00	0.000000000000e+00	0.000000000000e+00	0.000000000000e+00	0.000000000000e+00	3.362809963615e-313	6.036420603676e-261
3.386250000000e+00	0.000000000000e+00	0.000000000000e+00	0.000000000000e+00	0.000000000000e+00	0.000000000000e+00	0.000000000000e+00	0.000000000000e+00	0.000000000000e+00	1.554064295037e-313	3.083573862243e-261
3.387500000000e+00	0.000000000000e+00	0.000000000000e+00	0.000000000000e+00	0.000000000000e+00	0.000000000000e+00	0.000000000000e+00	0.000000000000e+00	0.000000000000e+00	7.178872270724e-314	1.574584989764e-261
3.388750000000e+00	0.000000000000e+00	0.000000000000e+00	0.000000000000e+00	0.000000000000e+00	0.000000000000e+00	0.000000000000e+00	0.000000000000e+00	0.000000000000e+00	3.314851342990e-314	8.037384532790e-262
3.390000000000e+00	0.000000000000e+00	0.000000000000e+00	0.000000000000e+00	0.000000000000e+00	0.000000000000e+00	0.000000000000e+00	0.000000000000e+00	0.000000000000e+00	1.530003679998e-314	4.101099204439e-262
3.391250000000e+00	0.000000000000e+00	0.000000000000e+00	0.000000000000e+00	0.000000000000e+00	0.000000000000e+00	0.000000000000e+00	0.000000000000e+00	0.000000000000e+00	7.058972341729e-315	2.091812198818e-262
3.392500000000e+00	0.000000000000e+00	0.000000000000e+00	0.000000000000e+00	0.000000000000e+00	0.000000000000e+00	0.000000000000e+00	0.000000000000e+00	0.000000000000e+00	3.255450338290e-315	1.066551906074e-262
3.393750000000e+00	0.000000000000e+00	0.000000000000e+00	0.000000000000e+00	0.000000000000e+00	0.000000000000e+00	0.000000000000e+00	0.000000000000e+00	0.000000000000e+00	1.500725436781e-315	5.435984245673e-263
3.395000000000e+00	0.000000000000e+00	0.000000000000e+00	0.000000000000e+00	0.000000000000e+00	0.000000000000e+00	0.000000000000e+00	0.000000000000e+00	0.000000000000e+00	6.915315996383e-316	2.769563142844e-263
3.396250000000e+00	0.000000000000e+00	0.000000000000e+00	0.000000000000e+00	0.000000000000e+00	0.000000000000e+00	0.000000000000e+00	0.000000000000e+00	0.000000000000e+00	3.185248728536e-316	1.410526471392e-263
3.397500000000e+00	0.000000000000e+00	0.000000000000e+00	0.000000000000e+00	0.000000000000e+00	0.000000000000e+00	0.000000000000e+00	0.000000000000e+00	0.000000000000e+00	1.466544542611e-316	7.181052458901e-264
3.398750000000e+00	0.000000000000e+00	0.000000000000e+00	0.000000000000e+00	0.000000000000e+00	0.000000000000e+00	0.000000000000e+00	0.000000000000e+00	0.000000000000e+00	6.749442645413e-317	3.654532648301e-264
3.400000000000e+00	0.000000000000e+00	0.000000000000e+00	0.000000000000e+00	0.000000000000e+00	0.000000000000e+00	0.000000000000e+00	0.000000000000e+00	0.000000000000e+00	3.104996064672e-317	1.859141653354e-264
3.401250000000e+00	0.000000000000e+00	0.000000000000e+00	0.000000000000e+00	0.000000000000e+00	0.000000000000e+00	0.000000000000e+00	0.000000000000e+00	0.000000000000e+00	1.427825013199e-317	9.454313619430e-265
3.402500000000e+00	0.000000000000e+00	0.000000000000e+00	0.000000000000e+00	0.000000000000e+00	0.000000000000e+00	0.000000000000e+00	0.000000000000e+00	0.000000000000e+00	6.563098870165e-318	4.806007193728e-265
3.403750000000e+00	0.000000000000e+00	0.000000000000e+00	0.000000000000e+00	0.000000000000e+00	0.000000000000e+00	0.000000000000e+00	0.000000000000e+00	0.000000000000e+00	3.015509906766e-318	2.442169014644e-265
3.405000000000e+00	0.000000000000e+00	0.000000000000e+00	0.000000000000e+00	0.000000000000e+00	0.000000000000e+00	0.000000000000e+00	0.000000000000e+00	0.000000000000e+00	1.384964818422e-318	1.240520385358e-265
3.406250000000e+00	0.000000000000e+00	0.000000000000e+00	0.000000000000e+00	0.000000000000e+00	0.000000000000e+00	0.000000000000e+00	0.000000000000e+00	0.000000000000e+00	6.358130796331e-319	6.298961913148e-266
3.407500000000e+00	0.000000000000e+00	0.000000000000e+00	0.000000000000e+00	0.000000000000e+00	0.000000000000e+00	0.000000000000e+00	0.000000000000e+00	0.000000000000e+00	2.917754078080e-319	3.197208417956e-266
3.408750000000e+00	0.000000000000e+00	0.000000000000e+00	0.000000000000e+00	0.000000000000e+00	0.000000000000e+00	0.000000000000e+00	0.000000000000e+00	0.000000000000e+00	1.338522647713e-319	1.622220187088e-266
3.410000000000e+00	0.000000000000e+00	0.000000000000e+00	0.000000000000e+00	0.000000000000e+00	0.000000000000e+00	0.000000000000e+00	0.000000000000e+00	0.000000000000e+00	6.138271583932e-320	8.227834428111e-267
3.411250000000e+00	0.000000000000e+00	0.000000000000e+00	0.000000000000e+00	0.000000000000e+00	0.000000000000e+00	0.000000000000e+00	0.000000000000e+00	0.000000000000e+00	2.813209787420e-320	4.171556923122e-267
3.412500000000e+00	0.000000000000e+00	0.000000000000e+00	0.000000000000e+00	0.000000000000e+00	0.000000000000e+00	0.000000000000e+00	0.000000000000e+00	0.000000000000e+00	1.290499466937e-320	2.114207908441e-267
3.413750000000e+00	0.000000000000e+00	0.000000000000e+00	0.000000000000e+00	0.000000000000e+00	0.000000000000e+00	0.000000000000e+00	0.000000000000e+00	0.000000000000e+00	5.899143811344e-321	1.071110064945e-267
3.415000000000e+00	0.000000000000e+00	0.000000000000e+00	0.000000000000e+00	0.000000000000e+00	0.000000000000e+00	0.000000000000e+00	0.000000000000e+00	0.000000000000e+00	2.687717113376e-321	5.424471052210e-268
3.416250000000e+00	0.000000000000e+00	0.000000000000e+00	0.000000000000e+00	0.000000000000e+00	0.000000000000e+00	0.000000000000e+00	0.000000000000e+00	0.000000000000e+00	1.225282801686e-321	2.746107788785e-268
3.417500000000e+00	0.000000000000e+00	0.000000000000e+00	0.000000000000e+00	0.000000000000e+00	0.000000000000e+00	0.000000000000e+00	0.000000000000e+00	0.000000000000e+00	5.731161491758e-322	1.389679504173e-268
3.418750000000e+00	0.000000000000e+00	0.000000000000e+00	0.000000000000e+00	0.000000000000e+00	0.000000000000e+00	0.000000000000e+00	0.000000000000e+00	0.000000000000e+00	2.667954487543e-322	7.029891353779e-269
3.420000000000e+00	0.000000000000e+00	0.000000000000e+00	0.000000000000e+00	0.000000000000e+00	0.000000000000e+00	0.000000000000e+00	0.000000000000e+00	0.000000000000e+00	1.383383808355e-322	3.554835120927e-269
3.421250000000e+00	0.000000000000e+00	0.000000000000e+00	0.000000000000e+00	0.000000000000e+00	0.000000000000e+00	0.000000000000e+00	0.000000000000e+00	0.000000000000e+00	3.952525166730e-323	1.796913616954e-269
3.422500000000e+00	0.000000000000e+00	0.000000000000e+00	0.000000000000e+00	0.000000000000e+00	0.000000000000e+00	0.000000000000e+00	0.000000000000e+00	0.000000000000e+00	0.000000000000e+00	9.079706822352e-270
3.423750000000e+00	0.000000000000e+00	0.000000000000e+00	0.000000000000e+00	0.000000000000e+00	0.000000000000e+00	0.000000000000e+00	0.000000000000e+00	0.000000000000e+00	0.000000000000e+00	4.586203695574e-270
3.425000000000e+00	0.000000000000e+00	0.000000000000e+00	0.000000000000e+00	0.000000000000e+00	0.000000000000e+00	0.000000000000e+00	0.000000000000e+00	0.000000000000e+00	0.000000000000e+00	2.315643730834e-270
3.426250000000e+00	0.000000000000e+00	0.000000000000e+00	0.000000000000e+00	0.000000000000e+00	0.000000000000e+00	0.000000000000e+00	0.000000000000e+00	0.000000000000e+00	0.000000000000e+00	1.168764558543e-270
3.427500000000e+00	0.000000000000e+00	0.000000000000e+00	0.000000000000e+00	0.000000000000e+00	0.000000000000e+00	0.000000000000e+00	0.000000000000e+00	0.000000000000e+00	0.000000000000e+00	5.896838219949e-271
3.428750000000e+00	0.000000000000e+00	0.000000000000e+00	0.000000000000e+00	0.000000000000e+00	0.000000000000e+00	0.000000000000e+00	0.000000000000e+00	0.000000000000e+00	0.000000000000e+00	2.974050104044e-271
3.430000000000e+00	0.000000000000e+00	0.000000000000e+00	0.000000000000e+00	0.000000000000e+00	0.000000000000e+00	0.000000000000e+00	0.000000000000e+00	0.000000000000e+00	0.000000000000e+00	1.499388712089e-271
3.431250000000e+00	0.000000000000e+00	0.000000000000e+00	0.000000000000e+00	0.000000000000e+00	0.000000000000e+00	0.000000000000e+00	0.000000000000e+00	0.000000000000e+00	0.000000000000e+00	7.556437272752e-272
3.432500000000e+00	0.000000000000e+00	0.000000000000e+00	0.000000000000e+00	0.000000000000e+00	0.000000000000e+00	0.000000000000e+00	0.000000000000e+00	0.000000000000e+00	0.000000000000e+00	3.806771545864e-272
3.433750000000e+00	0.000000000000e+00	0.000000000000e+00	0.000000000000e+00	0.000000000000e+00	0.000000000000e+00	0.000000000000e+00	0.000000000000e+00	0.000000000000e+00	0.000000000000e+00	1.917049980516e-272
3.435000000000e+00	0.000000000000e+00	0.000000000000e+00	0.000000000000e+00	0.000000000000e+00	0.000000000000e+00	0.000000000000e+00	0.000000000000e+00	0.000000000000e+00	0.000000000000e+00	9.650436234047e-273
3.436250000000e+00	0.000000000000e+00	0.000000000000e+00	0.000000000000e+00	0.000000000000e+00	0.000000000000e+00	0.000000000000e+00	0.000000000000e+00	0.000000000000e+00	0.000000000000e+00	4.856208709238e-273
3.437500000000e+00	0.000000000000e+00	0.000000000000e+00	0.000000000000e+00	0.000000000000e+00	0.000000000000e+00	0.000000000000e+00	0.000000000000e+00	0.000000000000e+00	0.000000000000e+00	2.442781543014e-273
3.438750000000e+00	0.000000000000e+00	0.000000000000e+00	0.000000000000e+00	0.000000000000e+00	0.000000000000e+00	0.000000000000e+00	0.000000000000e+00	0.000000000000e+00	0.000000000000e+00	1.228312311178e-273
3.440000000000e+00	0.000000000000e+00	0.000000000000e+00	0.000000000000e+00	0.000000000000e+00	0.000000000000e+00	0.000000000000e+00	0.000000000000e+00	0.000000000000e+00	0.000000000000e+00	6.174046099955e-274
3.441250000000e+00	0.000000000000e+00	0.000000000000e+00	0.000000000000e+00	0.000000000000e+00	0.000000000000e+00	0.000000000000e+00	0.000000000000e+00	0.000000000000e+00	0.000000000000e+00	3.102185899401e-274
3.442500000000e+00	0.000000000000e+00	0.000000000000e+00	0.000000000000e+00	0.000000000000e+00	0.000000000000e+00	0.000000000000e+00	0.000000000000e+00	0.000000000000e+00	0.000000000000e+00	1.558126304400e-274
3.443750000000e+00	0.000000000000e+00	0.000000000000e+00	0.000000000000e+00	0.000000000000e+00	0.000000000000e+00	0.000000000000e+00	0.000000000000e+00	0.000000000000e+00	0.000000000000e+00	7.823019048773e-275
3.445000000000e+00	0.000000000000e+00	0.000000000000e+00	0.000000000000e+00	0.000000000000e+00	0.000000000000e+00	0.000000000000e+00	0.000000000000e+00	0.000000000000e+00	0.000000000000e+00	3.926295700363e-275
3.446250000000e+00	0.000000000000e+00	0.000000000000e+00	0.000000000000e+00	0.000000000000e+00	0.000000000000e+00	0.000000000000e+00	0.000000000000e+00	0.000000000000e+00	0.000000000000e+00	1.969828921184e-275
3.447500000000e+00	0.000000000000e+00	0.000000000000e+00	0.000000000000e+00	0.000000000000e+00	0.000000000000e+00	0.000000000000e+00	0.000000000000e+00	0.000000000000e+00	0.000000000000e+00	9.878952629526e-276
3.448750000000e+00	0.000000000000e+00	0.000000000000e+00	0.000000000000e+00	0.000000000000e+00	0.000000000000e+00	0.000000000000e+00	0.000000000000e+00	0.000000000000e+00	0.000000000000e+00	4.952565007193e-276
3.450000000000e+00	0.000000000000e+00	0.000000000000e+00	0.000000000000e+00	0.000000000000e+00	0.000000000000e+00	0.000000000000e+00	0.000000000000e+00	0.000000000000e+00	0.000000000000e+00	2.481911863576e-276
3.451250000000e+00	0.000000000000e+00	0.000000000000e+00	0.000000000000e+00	0.000000000000e+00	0.000000000000e+00	0.000000000000e+00	0.000000000000e+00	0.000000000000e+00	0.000000000000e+00	1.243309962365e-276
3.452500000000e+00	0.000000000000e+00	0.000000000000e+00	0.000000000000e+00	0.000000000000e+00	0.000000000000e+00	0.000000000000e+00	0.000000000000e+00	0.000000000000e+00	0.000000000000e+00	6.226003500543e-277
3.453750000000e+00	0.000000000000e+00	0.000000000000e+00	0.000000000000e+00	0.000000000000e+00	0.000000000000e+00	0.000000000000e+00	0.000000000000e+00	0.000000000000e+00	0.000000000000e+00	3.116565048559e-277
3.455000000000e+00	0.000000000000e+00	0.000000000000e+00	0.000000000000e+00	0.000000000000e+00	0.000000000000e+00	0.000000000000e+00	0.000000000000e+00	0.000000000000e+00	0.000000000000e+00	1.559480395648e-277
3.456250000000e+00	0.000000000000e+00	0.000000000000e+00	0.000000000000e+00	0.000000000000e+00	0.000000000000e+00	0.000000000000e+00	0.000000000000e+00	0.000000000000e+00	0.000000000000e+00	7.800465702584e-278
3.457500000000e+00	0.000000000000e+00	0.000000000000e+00	0.000000000000e+00	0.000000000000e+00	0.000000000000e+00	0.000000000000e+00	0.000000000000e+00	0.000000000000e+00	0.000000000000e+00	3.900300171777e-278
3.458750000000e+00	0.000000000000e+00	0.000000000000e+00	0.000000000000e+00	0.000000000000e+00	0.000000000000e+00	0.000000000000e+00	0.000000000000e+00	0.000000000000e+00	0.000000000000e+00	1.949451437367e-278
3.460000000000e+00	0.000000000000e+00	0.000000000000e+00	0.000000000000e+00	0.000000000000e+00	0.000000000000e+00	0.000000000000e+00	0.000000000000e+00	0.000000000000e+00	0.000000000000e+00	9.740106335178e-279
3.461250000000e+00	0.000000000000e+00	0.000000000000e+00	0.000000000000e+00	0.000000000000e+00	0.000000000000e+00	0.000000000000e+00	0.000000000000e+00	0.000000000000e+00	0.000000000000e+00	4.864652963112e-279
3.462500000000e+00	0.000000000000e+00	0.000000000000e+00	0.000000000000e+00	0.000000000000e+00	0.000000000000e+00	0.000000000000e+00	0.000000000000e+00	0.000000000000e+00	0.000000000000e+00	2.428717028402e-279
3.463750000000e+00	0.000000000000e+00	0.000000000000e+00	0.000000000000e+00	0.000000000000e+00	0.000000000000e+00	0.000000000000e+00	0.000000000000e+00	0.000000000000e+00	0.000000000000e+00	1.212101141254e-279
3.465000000000e+00	0.000000000000e+00	0.000000000000e+00	0.000000000000e+00	0.000000000000e+00	0.000000000000e+00	0.000000000000e+00	0.000000000000e+00	0.000000000000e+00	0.000000000000e+00	6.046968285544e-280
3.466250000000e+00	0.000000000000e+00	0.000000000000e+00	0.000000000000e+00	0.000000000000e+00	0.000000000000e+00	0.000000000000e+00	0.000000000000e+00	0.000000000000e+00	0.000000000000e+00	3.015597745690e-280
3.467500000000e+00	0.000000000000e+00	0.000000000000e+00	0.000000000000e+00	0.000000000000e+00	0.000000000000e+00	0.000000000000e+00	0.000000000000e+00	0.000000000000e+00	0.000000000000e+00	1.503301246163e-280
3.468750000000e+00	0.000000000000e+00	0.000000000000e+00	0.000000000000e+00	0.000000000000e+00	0.000000000000e+00	0.000000000000e+00	0.000000000000e+00	0.000000000000e+00	0.000000000000e+00	7.491271089498e-281
3.470000000000e+00	0.000000000000e+00	0.000000000000e+00	0.000000000000e+00	0.000000000000e+00	0.000000000000e+00	0.000000000000e+00	0.000000000000e+00	0.000000000000e+00	0.000000000000e+00	3.731658541481e-281
3.471250000000e+00	0.000000000000e+00	0.000000000000e+00	0.000000000000e+00	0.000000000000e+00	0.000000000000e+00	0.000000000000e+00	0.000000000000e+00	0.000000000000e+00	0.000000000000e+00	1.858168827877e-281
3.472500000000e+00	0.000000000000e+00	0.000000000000e+00	0.000000000000e+00	0.000000000000e+00	0.000000000000e+00	0.000000000000e+00	0.000000000000e+00	0.000000000000e+00	0.000000000000e+00	9.249224719216e-282
3.473750000000e+00	0.000000000000e+00	0.000000000000e+00	0.000000000000e+00	0.000000000000e+00	0.000000000000e+00	0.000000000000e+00	0.000000000000e+00	0.000000000000e+00	0.000000000000e+00	4.602167069915e-282
3.475000000000e+00	0.000000000000e+00	0.000000000000e+00	0.000000000000e+00	0.000000000000e+00	0.000000000000e+00	0.000000000000e+00	0.000000000000e+00	0.000000000000e+00	0.000000000000e+00	2.289055477332e-282
3.476250000000e+00	0.000000000000e+00	0.000000000000e+00	0.000000000000e+00	0.000000000000e+00	0.000000000000e+00	0.000000000000e+00	0.000000000000e+00	0.000000000000e+00	0.000000000000e+00	1.138117613288e-282
3.477500000000e+00	0.000000000000e+00	0.000000000000e+00	0.000000000000e+00	0.000000000000e+00	0.000000000000e+00	0.000000000000e+00	0.000000000000e+00	0.000000000000e+00	0.000000000000e+00	5.656592051876e-283
3.478750000000e+00	0.000000000000e+00	0.000000000000e+00	0.000000000000e+00	0.000000000000e+00	0.000000000000e+00	0.000000000000e+00	0.000000000000e+00	0.000000000000e+00	0.000000000000e+00	2.810343863407e-283
3.480000000000e+00	0.000000000000e+00	0.000000000000e+00	0.000000000000e+00	0.000000000000e+00	0.000000000000e+00	0.000000000000e+00	0.000000000000e+00	0.000000000000e+00	0.000000000000e+00	1.395728520773e-283
3.481250000000e+00	0.000000000000e+00	0.000000000000e+00	0.000000000000e+00	0.000000000000e+00	0.000000000000e+00	0.000000000000e+00	0.000000000000e+00	0.000000000000e+00	0.000000000000e+00	6.929139945849e-284
3.482500000000e+00	0.000000000000e+00	0.000000000000e+00	0.000000000000e+00	0.000000000000e+00	0.000000000000e+00	0.000000000000e+00	0.000000000000e+00	0.000000000000e+00	0.000000000000e+00	3.438702471350e-284
3.483750000000e+00	0.000000000000e+00	0.000000000000e+00	0.000000000000e+00	0.000000000000e+00	0.000000000000e+00	0.000000000000e+00	0.000000000000e+00	0.000000000000e+00	0.000000000000e+00	1.705873242629e-284
3.485000000000e+00	0.000000000000e+00	0.000000000000e+00	0.000000000000e+00	0.000000000000e+00	0.000000000000e+00	0.000000000000e+00	0.000000000000e+00	0.000000000000e+00	0.000000000000e+00	8.459326780762e-285
3.486250000000e+00	0.000000000000e+00	0.000000000000e+00	0.000000000000e+00	0.000000000000e+00	0.000000000000e+00	0.000000000000e+00	0.000000000000e+00	0.000000000000e+00	0.000000000000e+00	4.193356011118e-285
3.487500000000e+00	0.000000000000e+00	0.000000000000e+00	0.000000000000e+00	0.000000000000e+00	0.000000000000e+00	0.000000000000e+00	0.000000000000e+00	0.000000000000e+00	0.000000000000e+00	2.077899586224e-285
3.488750000000e+00	0.000000000000e+00	0.000000000000e+00	0.000000000000e+00	0.000000000000e+00	0.000000000000e+00	0.000000000000e+00	0.000000000000e+00	0.000000000000e+00	0.000000000000e+00	1.029258036085e-285
3.490000000000e+00	0.000000000000e+00	0.000000000000e+00	0.000000000000e+00	0.000000000000e+00	0.000000000000e+00	0.000000000000e+00	0.000000000000e+00	0.000000000000e+00	0.000000000000e+00	5.096368993496e-286
3.491250000000e+00	0.000000000000e+00	0.000000000000e+00	0.000000000000e+00	0.000000000000e+00	0.000000000000e+00	0.000000000000e+00	0.000000000000e+00	0.000000000000e+00	0.000000000000e+00	2.522518450221e-286
3.492500000000e+00	0.000000000000e+00	0.000000000000e+00	0.000000000000e+00	0.000000000000e+00	0.000000000000e+00	0.000000000000e+00	0.000000000000e+00	0.000000000000e+00	0.000000000000e+00	1.248086617343e-286
3.493750000000e+00	0.000000000000e+00	0.000000000000e+00	0.000000000000e+00	0.000000000000e+00	0.000000000000e+00	0.000000000000e+00	0.000000000000e+00	0.000000000000e+00	0.000000000000e+00	6.172939064371e-287
3.495000000000e+00	0.000000000000e+00	0.000000000000e+00	0.000000000000e+00	0.000000000000e+00	0.000000000000e+00	0.000000000000e+00	0.000000000000e+00	0.000000000000e+00	0.000000000000e+00	3.051941056766e-287
3.496250000000e+00	0.000000000000e+00	0.000000000000e+00	0.000000000000e+00	0.000000000000e+00	0.000000000000e+00	0.000000000000e+00	0.000000000000e+00	0.000000000000e+00	0.000000000000e+00	1.508332822878e-287
3.497500000000e+00	0.000000000000e+00	0.000000000000e+00	0.000000000000e+00	0.000000000000e+00	0.000000000000e+00	0.000000000000e+00	0.000000000000e+00	0.000000000000e+00	0.000000000000e+00	7.451695679461e-288
3.498750000000e+00	0.000000000000e+00	0.000000000000e+00	0.000000000000e+00	0.000000000000e+00	0.000000000000e+00	0.000000000000e+00	0.000000000000e+00	0.000000000000e+00	0.000000000000e+00	3.680017867630e-288
3.500000000000e+00	0.000000000000e+00	0.000000000000e+00	0.000000000000e+00	0.000000000000e+00	0.000000000000e+00	0.000000000000e+00	0.000000000000e+00	0.000000000000e+00	0.000000000000e+00	1.816693375742e-288
3.501250000000e+00	0.000000000000e+00	0.000000000000e+00	0.000000000000e+00	0.000000000000e+00	0.000000000000e+00	0.000000000000e+00	0.000000000000e+00	0.000000000000e+00	0.000000000000e+00	8.964998604387e-289
3.502500000000e+00	0.000000000000e+00	0.000000000000e+00	0.000000000000e+00	0.000000000000e+00	0.000000000000e+00	0.000000000000e+00	0.000000000000e+00	0.000000000000e+00	0.000000000000e+00	4.422376446757e-289
3.503750000000e+00	0.000000000000e+00	0.000000000000e+00	0.000000000000e+00	0.000000000000e+00	0.000000000000e+00	0.000000000000e+00	0.000000000000e+00	0.000000000000e+00	0.000000000000e+00	2.180710821818e-289
3.505000000000e+00	0.000000000000e+00	0.000000000000e+00	0.000000000000e+00	0.000000000000e+00	0.000000000000e+00	0.000000000000e+00	0.000000000000e+00	0.000000000000e+00	0.000000000000e+00	1.074922955580e-289
3.506250000000e+00	0.000000000000e+00	0.000000000000e+00	0.000000000000e+00	0.000000000000e+00	0.000000000000e+00	0.000000000000e+00	0.000000000000e+00	0.000000000000e+00	0.000000000000e+00	5.296554980113e-290
3.507500000000e+00	0.000000000000e+00	0.000000000000e+00	0.000000000000e+00	0.000000000000e+00	0.000000000000e+00	0.000000000000e+00	0.000000000000e+00	0.000000000000e+00	0.000000000000e+00	2.608834447509e-290
3.508750000000e+00	0.000000000000e+00	0.000000000000e+00	0.000000000000e+00	0.000000000000e+00	0.000000000000e+00	0.000000000000e+00	0.000000000000e+00	0.000000000000e+00	0.000000000000e+00	1.284506908178e-290
3.510000000000e+00	0.000000000000e+00	0.000000000000e+00	0.000000000000e+00	0.000000000000e+00	0.000000000000e+00	0.000000000000e+00	0.000000000000e+00	0.000000000000e+00	0.000000000000e+00	6.322127594249e-291
3.511250000000e+00	0.000000000000e+00	0.000000000000e+00	0.000000000000e+00	0.000000000000e+00	0.000000000000e+00	0.000000000000e+00	0.000000000000e+00	0.000000000000e+00	0.000000000000e+00	3.110476734529e-291
3.512500000000e+00	0.000000000000e+00	0.000000000000e+00	0.000000000000e+00	0.000000000000e+00	0.000000000000e+00	0.000000000000e+00	0.000000000000e+00	0.000000000000e+00	0.000000000000e+00	1.529774954494e-291
3.513750000000e+00	0.000000000000e+00	0.000000000000e+00	0.000000000000e+00	0.000000000000e+00	0.000000000000e+00	0.000000000000e+00	0.000000000000e+00	0.000000000000e+00	0.000000000000e+00	7.520817042697e-292
3.515000000000e+00	0.000000000000e+00	0.000000000000e+00	0.000000000000e+00	0.000000000000e+00	0.000000000000e+00	0.000000000000e+00	0.000000000000e+00	0.000000000000e+00	0.000000000000e+00	3.696063207776e-292
3.516250000000e+00	0.000000000000e+00	0.000000000000e+00	0.000000000000e+00	0.000000000000e+00	0.000000000000e+00	0.000000000000e+00	0.000000000000e+00	0.000000000000e+00	0.000000000000e+00	1.815727385627e-292
3.517500000000e+00	0.000000000000e+00	0.000000000000e+00	0.000000000000e+00	0.000000000000e+00	0.000000000000e+00	0.000000000000e+00	0.000000000000e+00	0.000000000000e+00	0.000000000000e+00	8.916589772805e-293
3.518750000000e+00	0.000000000000e+00	0.000000000000e+00	0.000000000000e+00	0.000000000000e+00	0.000000000000e+00	0.000000000000e+00	0.000000000000e+00	0.000000000000e+00	0.000000000000e+00	4.377073278573e-293
3.520000000000e+00	0.000000000000e+00	0.000000000000e+00	0.000000000000e+00	0.000000000000e+00	0.000000000000e+00	0.000000000000e+00	0.000000000000e+00	0.000000000000e+00	0.000000000000e+00	2.147858845691e-293
3.521250000000e+00	0.000000000000e+00	0.000000000000e+00	0.000000000000e+00	0.000000000000e+00	0.000000000000e+00	0.000000000000e+00	0.000000000000e+00	0.000000000000e+00	0.000000000000e+00	1.053572786643e-293
3.522500000000e+00	0.000000000000e+00	0.000000000000e+00	0.000000000000e+00	0.000000000000e+00	0.000000000000e+00	0.000000000000e+00	0.000000000000e+00	0.000000000000e+00	0.000000000000e+00	5.166069452755e-294
3.523750000000e+00	0.000000000000e+00	0.000000000000e+00	0.000000000000e+00	0.000000000000e+00	0.000000000000e+00	0.000000000000e+00	0.000000000000e+00	0.000000000000e+00	0.000000000000e+00	2.532169800903e-294
3.525000000000e+00	0.000000000000e+00	0.000000000000e+00	0.000000000000e+00	0.000000000000e+00	0.000000000000e+00	0.000000000000e+00	0.000000000000e+00	0.000000000000e+00	0.000000000000e+00	1.240687189043e-294
3.526250000000e+00	0.000000000000e+00	0.000000000000e+00	0.000000000000e+00	0.000000000000e+00	0.000000000000e+00	0.000000000000e+00	0.000000000000e+00	0.000000000000e+00	0.000000000000e+00	6.076712073091e-295
3.527500000000e+00	0.000000000000e+00	0.000000000000e+00	0.000000000000e+00	0.000000000000e+00	0.000000000000e+00	0.000000000000e+00	0.000000000000e+00	0.000000000000e+00	0.000000000000e+00	2.975170839218e-295
3.528750000000e+00	0.000000000000e+00	0.000000000000e+00	0.000000000000e+00	0.000000000000e+00	0.000000000000e+00	0.000000000000e+00	0.000000000000e+00	0.000000000000e+00	0.000000000000e+00	1.456102832427e-295
3.530000000000e+00	0.000000000000e+00	0.000000000000e+00	0.000000000000e+00	0.000000000000e+00	0.000000000000e+00	0.000000000000e+00	0.000000000000e+00	0.000000000000e+00	0.000000000000e+00	7.123756611098e-296
3.531250000000e+00	0.000000000000e+00	0.000000000000e+00	0.000000000000e+00	0.000000000000e+00	0.000000000000e+00	0.000000000000e+00	0.000000000000e+00	0.000000000000e+00	0.000000000000e+00	3.483878396877e-296
3.532500000000e+00	0.000000000000e+00	0.000000000000e+00	0.000000000000e+00	0.000000000000e+00	0.000000000000e+00	0.000000000000e+00	0.000000000000e+00	0.000000000000e+00	0.000000000000e+00	1.703153498090e-296
3.533750000000e+00	0.000000000000e+00	0.000000000000e+00	0.000000000000e+00	0.000000000000e+00	0.000000000000e+00	0.000000000000e+00	0.000000000000e+00	0.000000000000e+00	0.000000000000e+00	8.323030427878e-297
3.535000000000e+00	0.000000000000e+00	0.000000000000e+00	0.000000000000e+00	0.000000000000e+00	0.000000000000e+00	0.000000000000e+00	0.000000000000e+00	0.000000000000e+00	0.000000000000e+00	4.065800474600e-297
3.536250000000e+00	0.000000000000e+00	0.000000000000e+00	0.000000000000e+00	0.000000000000e+00	0.000000000000e+00	0.000000000000e+00	0.000000000000e+00	0.000000000000e+00	0.000000000000e+00	1.985397773313e-297
3.537500000000e+00	0.000000000000e+00	0.000000000000e+00	0.000000000000e+00	0.000000000000e+00	0.000000000000e+00	0.000000000000e+00	0.000000000000e+00	0.000000000000e+00	0.000000000000e+00	9.691385901370e-298
3.538750000000e+00	0.000000000000e+00	0.000000000000e+00	0.000000000000e+00	0.000000000000e+00	0.000000000000e+00	0.000000000000e+00	0.000000000000e+00	0.000000000000e+00	0.000000000000e+00	4.728910908453e-298
3.540000000000e+00	0.000000000000e+00	0.000000000000e+00	0.000000000000e+00	0.000000000000e+00	0.000000000000e+00	0.000000000000e+00	0.000000000000e+00	0.000000000000e+00	0.000000000000e+00	2.306605193097e-298
3.541250000000e+00	0.000000000000e+00	0.000000000000e+00	0.000000000000e+00	0.000000000000e+00	0.000000000000e+00	0.000000000000e+00	0.000000000000e+00	0.000000000000e+00	0.000000000000e+00	1.124662688169e-298
3.542500000000e+00	0.000000000000e+00	0.000000000000e+00	0.000000000000e+00	0.000000000000e+00	0.000000000000e+00	0.000000000000e+00	0.000000000000e+00	0.000000000000e+00	0.000000000000e+00	5.481610805120e-299
3.543750000000e+00	0.000000000000e+00	0.000000000000e+00	0.000000000000e+00	0.000000000000e+00	0.000000000000e+00	0.000000000000e+00	0.000000000000e+00	0.000000000000e+00	0.000000000000e+00	2.670736217435e-299
3.545000000000e+00	0.000000000000e+00	0.000000000000e+00	0.000000000000e+00	0.000000000000e+00	0.000000000000e+00	0.000000000000e+00	0.000000000000e+00	0.000000000000e+00	0.000000000000e+00	1.300740560043e-299
3.546250000000e+00	0.000000000000e+00	0.000000000000e+00	0.000000000000e+00	0.000000000000e+00	0.000000000000e+00	0.000000000000e+00	0.000000000000e+00	0.000000000000e+00	0.000000000000e+00	6.332675844096e-300
3.547500000000e+00	0.000000000000e+00	0.000000000000e+00	0.000000000000e+00	0.000000000000e+00	0.000000000000e+00	0.000000000000e+00	0.000000000000e+00	0.000000000000e+00	0.000000000000e+00	3.081915461630e-300
3.548750000000e+00	0.000000000000e+00	0.000000000000e+00	0.000000000000e+00	0.000000000000e+00	0.000000000000e+00	0.000000000000e+00	0.000000000000e+00	0.000000000000e+00	0.000000000000e+00	1.499308743482e-300
3.550000000000e+00	0.000000000000e+00	0.000000000000e+00	0.000000000000e+00	0.000000000000e+00	0.000000000000e+00	0.000000000000e+00	0.000000000000e+00	0.000000000000e+00	0.000000000000e+00	7.291188295350e-301
3.551250000000e+00	0.000000000000e+00	0.000000000000e+00	0.000000000000e+00	0.000000000000e+00	0.000000000000e+00	0.000000000000e+00	0.000000000000e+00	0.000000000000e+00	0.000000000000e+00	3.544397673607e-301
3.552500000000e+00	0.000000000000e+00	0.000000000000e+00	0.000000000000e+00	0.000000000000e+00	0.000000000000e+00	0.000000000000e+00	0.000000000000e+00	0.000000000000e+00	0.000000000000e+00	1.722358132399e-301
3.553750000000e+00	0.000000000000e+00	0.000000000000e+00	0.000000000000e+00	0.000000000000e+00	0.000000000000e+00	0.000000000000e+00	0.000000000000e+00	0.000000000000e+00	0.000000000000e+00	8.366452804211e-302
3.555000000000e+00	0.000000000000e+00	0.000000000000e+00	0.000000000000e+00	0.000000000000e+00	0.000000000000e+00	0.000000000000e+00	0.000000000000e+00	0.000000000000e+00	0.000000000000e+00	4.062526055674e-302
3.556250000000e+00	0.000000000000e+00	0.000000000000e+00	0.000000000000e+00	0.000000000000e+00	0.000000000000e+00	0.000000000000e+00	0.000000000000e+00	0.000000000000e+00	0.000000000000e+00	1.971913415750e-302
3.557500000000e+00	0.000000000000e+00	0.000000000000e+00	0.000000000000e+00	0.000000000000e+00	0.000000000000e+00	0.000000000000e+00	0.000000000000e+00	0.000000000000e+00	0.000000000000e+00	9.567895258215e-303
3.558750000000e+00	0.000000000000e+00	0.000000000000e+00	0.000000000000e+00	0.000000000000e+00	0.000000000000e+00	0.000000000000e+00	0.000000000000e+00	0.000000000000e+00	0.000000000000e+00	4.640682659601e-303
3.560000000000e+00	0.000000000000e+00	0.000000000000e+00	0.000000000000e+00	0.000000000000e+00	0.000000000000e+00	0.000000000000e+00	0.000000000000e+00	0.000000000000e+00	0.000000000000e+00	2.250008811012e-303
3.561250000000e+00	0.000000000000e+00	0.000000000000e+00	0.000000000000e+00	0.000000000000e+00	0.000000000000e+00	0.000000000000e+00	0.000000000000e+00	0.000000000000e+00	0.000000000000e+00	1.090494437426e-303
3.562500000000e+00	0.000000000000e+00	0.000000000000e+00	0.000000000000e+00	0.000000000000e+00	0.000000000000e+00	0.000000000000e+00	0.000000000000e+00	0.000000000000e+00	0.000000000000e+00	5.283230743348e-304
3.563750000000e+00	0.000000000000e+00	0.000000000000e+00	0.000000000000e+00	0.000000000000e+00	0.000000000000e+00	0.000000000000e+00	0.000000000000e+00	0.000000000000e+00	0.000000000000e+00	2.558660067971e-304
3.565000000000e+00	0.000000000000e+00	0.000000000000e+00	0.000000000000e+00	0.000000000000e+00	0.000000000000e+00	0.000000000000e+00	0.000000000000e+00	0.000000000000e+00	0.000000000000e+00	1.238689602716e-304
3.566250000000e+00	0.000000000000e+00	0.000000000000e+00	0.000000000000e+00	0.000000000000e+00	0.000000000000e+00	0.000000000000e+00	0.000000000000e+00	0.000000000000e+00	0.000000000000e+00	5.994449164430e-305
3.567500000000e+00	0.000000000000e+00	0.000000000000e+00	0.000000000000e+00	0.000000000000e+00	0.000000000000e+00	0.000000000000e+00	0.000000000000e+00	0.000000000000e+00	0.000000000000e+00	2.899832809113e-305
3.568750000000e+00	0.000000000000e+00	0.000000000000e+00	0.000000000000e+00	0.000000000000e+00	0.000000000000e+00	0.000000000000e+00	0.000000000000e+00	0.000000000000e+00	0.000000000000e+00	1.402276077946e-305
3.570000000000e+00	0.000000000000e+00	0.000000000000e+00	0.000000000000e+00	0.000000000000e+00	0.000000000000e+00	0.000000000000e+00	0.000000000000e+00	0.000000000000e+00	0.000000000000e+00	6.778459096378e-306
3.571250000000e+00	0.000000000000e+00	0.000000000000e+00	0.000000000000e+00	0.000000000000e+00	0.000000000000e+00	0.000000000000e+00	0.000000000000e+00	0.000000000000e+00	0.000000000000e+00	3.275407374687e-306
3.572500000000e+00	0.000000000000e+00	0.000000000000e+00	0.000000000000e+00	0.000000000000e+00	0.000000000000e+00	0.000000000000e+00	0.000000000000e+00	0.000000000000e+00	0.000000000000e+00	1.582109556027e-306
3.573750000000e+00	0.000000000000e+00	0.000000000000e+00	0.000000000000e+00	0.000000000000e+00	0.000000000000e+00	0.000000000000e+00	0.000000000000e+00	0.000000000000e+00	0.000000000000e+00	7.639143588319e-307
3.575000000000e+00	0.000000000000e+00	0.000000000000e+00	0.000000000000e+00	0.000000000000e+00	0.000000000000e+00	0.000000000000e+00	0.000000000000e+00	0.000000000000e+00	0.000000000000e+00	3.687140451819e-307
3.576250000000e+00	0.000000000000e+00	0.000000000000e+00	0.000000000000e+00	0.000000000000e+00	0.000000000000e+00	0.000000000000e+00	0.000000000000e+00	0.000000000000e+00	0.000000000000e+00	1.778982097020e-307
3.577500000000e+00	0.000000000000e+00	0.000000000000e+00	0.000000000000e+00	0.000000000000e+00	0.000000000000e+00	0.000000000000e+00	0.000000000000e+00	0.000000000000e+00	0.000000000000e+00	8.580060738317e-308
3.578750000000e+00	0.000000000000e+00	0.000000000000e+00	0.000000000000e+00	0.000000000000e+00	0.000000000000e+00	0.000000000000e+00	0.000000000000e+00	0.000000000000e+00	0.000000000000e+00	4.136623885513e-308
3.580000000000e+00	0.000000000000e+00	0.000000000000e+00	0.000000000000e+00	0.000000000000e+00	0.000000000000e+00	0.000000000000e+00	0.000000000000e+00	0.000000000000e+00	0.000000000000e+00	1.993602624731e-308
3.581250000000e+00	0.000000000000e+00	0.000000000000e+00	0.000000000000e+00	0.000000000000e+00	0.000000000000e+00	0.000000000000e+00	0.000000000000e+00	0.000000000000e+00	0.000000000000e+00	9.604351513456e-309
3.582500000000e+00	0.000000000000e+00	0.000000000000e+00	0.000000000000e+00	0.000000000000e+00	0.000000000000e+00	0.000000000000e+00	0.000000000000e+00	0.000000000000e+00	0.000000000000e+00	4.625241192225e-309
3.583750000000e+00	0.000000000000e+00	0.000000000000e+00	0.000000000000e+00	0.000000000000e+00	0.000000000000e+00	0.000000000000e+00	0.000000000000e+00	0.000000000000e+00	0.000000000000e+00	2.226576450318e-309
3.585000000000e+00	0.000000000000e+00	0.000000000000e+00	0.000000000000e+00	0.000000000000e+00	0.000000000000e+00	0.000000000000e+00	0.000000000000e+00	0.000000000000e+00	0.000000000000e+00	1.071464351652e-309
3.586250000000e+00	0.000000000000e+00	0.000000000000e+00	0.000000000000e+00	0.000000000000e+00	0.000000000000e+00	0.000000000000e+00	0.000000000000e+00	0.000000000000e+00	0.000000000000e+00	5.154122420536e-310
3.587500000000e+00	0.000000000000e+00	0.000000000000e+00	0.000000000000e+00	0.000000000000e+00	0.000000000000e+00	0.000000000000e+00	0.000000000000e+00	0.000000000000e+00	0.000000000000e+00	2.478384140980e-310
3.588750000000e+00	0.000000000000e+00	0.000000000000e+00	0.000000000000e+00	0.000000000000e+00	0.000000000000e+00	0.000000000000e+00	0.000000000000e+00	0.000000000000e+00	0.000000000000e+00	1.191295226280e-310
3.590000000000e+00	0.000000000000e+00	0.000000000000e+00	0.000000000000e+00	0.000000000000e+00	0.000000000000e+00	0.000000000000e+00	0.000000000000e+00	0.000000000000e+00	0.000000000000e+00	5.724098124337e-311
3.591250000000e+00	0.000000000000e+00	0.000000000000e+00	0.000000000000e+00	0.000000000000e+00	0.000000000000e+00	0.000000000000e+00	0.000000000000e+00	0.000000000000e+00	0.000000000000e+00	2.749360107113e-311
3.592500000000e+00	0.000000000000e+00	0.000000000000e+00	0.000000000000e+00	0.000000000000e+00	0.000000000000e+00	0.000000000000e+00	0.000000000000e+00	0.000000000000e+00	0.000000000000e+00	1.320058178179e-311
3.593750000000e+00	0.000000000000e+00	0.000000000000e+00	0.000000000000e+00	0.000000000000e+00	0.000000000000e+00	0.000000000000e+00	0.000000000000e+00	0.000000000000e+00	0.000000000000e+00	6.335653327777e-312
3.595000000000e+00	0.000000000000e+00	0.000000000000e+00	0.000000000000e+00	0.000000000000e+00	0.000000000000e+00	0.000000000000e+00	0.000000000000e+00	0.000000000000e+00	0.000000000000e+00	3.039671332531e-312
3.596250000000e+00	0.000000000000e+00	0.000000000000e+00	0.000000000000e+00	0.000000000000e+00	0.000000000000e+00	0.000000000000e+00	0.000000000000e+00	0.000000000000e+00	0.000000000000e+00	1.457802658817e-312
3.597500000000e+00	0.000000000000e+00	0.000000000000e+00	0.000000000000e+00	0.000000000000e+00	0.000000000000e+00	0.000000000000e+00	0.000000000000e+00	0.000000000000e+00	0.000000000000e+00	6.988882463439e-313
3.598750000000e+00	0.000000000000e+00	0.000000000000e+00	0.000000000000e+00	0.000000000000e+00	0.000000000000e+00	0.000000000000e+00	0.000000000000e+00	0.000000000000e+00	0.000000000000e+00	3.349296717516e-313
3.600000000000e+00	0.000000000000e+00	0.000000000000e+00	0.000000000000e+00	0.000000000000e+00	0.000000000000e+00	0.000000000000e+00	0.000000000000e+00	0.000000000000e+00	0.000000000000e+00	1.604487726463e-313
3.601250000000e+00	0.000000000000e+00	0.000000000000e+00	0.000000000000e+00	0.000000000000e+00	0.000000000000e+00	0.000000000000e+00	0.000000000000e+00	0.000000000000e+00	0.000000000000e+00	7.683446349971e-314
3.602500000000e+00	0.000000000000e+00	0.000000000000e+00	0.000000000000e+00	0.000000000000e+00	0.000000000000e+00	0.000000000000e+00	0.000000000000e+00	0.000000000000e+00	0.000000000000e+00	3.678007541100e-314
3.603750000000e+00	0.000000000000e+00	0.000000000000e+00	0.000000000000e+00	0.000000000000e+00	0.000000000000e+00	0.000000000000e+00	0.000000000000e+00	0.000000000000e+00	0.000000000000e+00	1.759973206717e-314
3.605000000000e+00	0.000000000000e+00	0.000000000000e+00	0.000000000000e+00	0.000000000000e+00	0.000000000000e+00	0.000000000000e+00	0.000000000000e+00	0.000000000000e+00	0.000000000000e+00	8.418532344168e-315
3.606250000000e+00	0.000000000000e+00	0.000000000000e+00	0.000000000000e+00	0.000000000000e+00	0.000000000000e+00	0.000000000000e+00	0.000000000000e+00	0.000000000000e+00	0.000000000000e+00	4.025349573371e-315
3.607500000000e+00	0.000000000000e+00	0.000000000000e+00	0.000000000000e+00	0.000000000000e+00	0.000000000000e+00	0.000000000000e+00	0.000000000000e+00	0.000000000000e+00	0.000000000000e+00	1.924011702620e-315
3.608750000000e+00	0.000000000000e+00	0.000000000000e+00	0.000000000000e+00	0.000000000000e+00	0.000000000000e+00	0.000000000000e+00	0.000000000000e+00	0.000000000000e+00	0.000000000000e+00	9.192818803133e-316
3.610000000000e+00	0.000000000000e+00	0.000000000000e+00	0.000000000000e+00	0.000000000000e+00	0.000000000000e+00	0.000000000000e+00	0.000000000000e+00	0.000000000000e+00	0.000000000000e+00	4.390627403988e-316
3.611250000000e+00	0.000000000000e+00	0.000000000000e+00	0.000000000000e+00	0.000000000000e+00	0.000000000000e+00	0.000000000000e+00	0.000000000000e+00	0.000000000000e+00	0.000000000000e+00	2.096241484801e-316
3.612500000000e+00	0.000000000000e+00	0.000000000000e+00	0.000000000000e+00	0.000000000000e+00	0.000000000000e+00	0.000000000000e+00	0.000000000000e+00	0.000000000000e+00	0.000000000000e+00	1.000444395708e-316
3.613750000000e+00	0.000000000000e+00	0.000000000000e+00	0.000000000000e+00	0.000000000000e+00	0.000000000000e+00	0.000000000000e+00	0.000000000000e+00	0.000000000000e+00	0.000000000000e+00	4.772891527711e-317
3.615000000000e+00	0.000000000000e+00	0.000000000000e+00	0.000000000000e+00	0.000000000000e+00	0.000000000000e+00	0.000000000000e+00	0.000000000000e+00	0.000000000000e+00	0.000000000000e+00	2.276183651476e-317
3.616250000000e+00	0.000000000000e+00	0.000000000000e+00	0.000000000000e+00	0.000000000000e+00	0.000000000000e+00	0.000000000000e+00	0.000000000000e+00	0.000000000000e+00	0.000000000000e+00	1.085096615335e-317
3.617500000000e+00	0.000000000000e+00	0.000000000000e+00	0.000000000000e+00	0.000000000000e+00	0.000000000000e+00	0.000000000000e+00	0.000000000000e+00	0.000000000000e+00	0.000000000000e+00	5.170930574626e-318
3.618750000000e+00	0.000000000000e+00	0.000000000000e+00	0.000000000000e+00	0.000000000000e+00	0.000000000000e+00	0.000000000000e+00	0.000000000000e+00	0.000000000000e+00	0.000000000000e+00	2.463213683906e-318
3.620000000000e+00	0.000000000000e+00	0.000000000000e+00	0.000000000000e+00	0.000000000000e+00	0.000000000000e+00	0.000000000000e+00	0.000000000000e+00	0.000000000000e+00	0.000000000000e+00	1.172931605853e-318
3.621250000000e+00	0.000000000000e+00	0.000000000000e+00	0.000000000000e+00	0.000000000000e+00	0.000000000000e+00	0.000000000000e+00	0.000000000000e+00	0.000000000000e+00	0.000000000000e+00	5.583040611135e-319
3.622500000000e+00	0.000000000000e+00	0.000000000000e+00	0.000000000000e+00	0.000000000000e+00	0.000000000000e+00	0.000000000000e+00	0.000000000000e+00	0.000000000000e+00	0.000000000000e+00	2.656689790818e-319
3.623750000000e+00	0.000000000000e+00	0.000000000000e+00	0.000000000000e+00	0.000000000000e+00	0.000000000000e+00	0.000000000000e+00	0.000000000000e+00	0.000000000000e+00	0.000000000000e+00	1.263622295804e-319
3.625000000000e+00	0.000000000000e+00	0.000000000000e+00	0.000000000000e+00	0.000000000000e+00	0.000000000000e+00	0.000000000000e+00	0.000000000000e+00	0.000000000000e+00	0.000000000000e+00	6.009814516013e-320
3.626250000000e+00	0.000000000000e+00	0.000000000000e+00	0.000000000000e+00	0.000000000000e+00	0.000000000000e+00	0.000000000000e+00	0.000000000000e+00	0.000000000000e+00	0.000000000000e+00	2.857675695546e-320
3.627500000000e+00	0.000000000000e+00	0.000000000000e+00	0.000000000000e+00	0.000000000000e+00	0.000000000000e+00	0.000000000000e+00	0.000000000000e+00	0.000000000000e+00	0.000000000000e+00	1.354728000897e-320
3.628750000000e+00	0.000000000000e+00	0.000000000000e+00	0.000000000000e+00	0.000000000000e+00	0.000000000000e+00	0.000000000000e+00	0.000000000000e+00	0.000000000000e+00	0.000000000000e+00	6.452497334687e-321
3.630000000000e+00	0.000000000000e+00	0.000000000000e+00	0.000000000000e+00	0.000000000000e+00	0.000000000000e+00	0.000000000000e+00	0.000000000000e+00	0.000000000000e+00	0.000000000000e+00	3.043444378382e-321
3.631250000000e+00	0.000000000000e+00	0.000000000000e+00	0.000000000000e+00	0.000000000000e+00	0.000000000000e+00	0.000000000000e+00	0.000000000000e+00	0.000000000000e+00	0.000000000000e+00	1.442671685856e-321
3.632500000000e+00	0.000000000000e+00	0.000000000000e+00	0.000000000000e+00	0.000000000000e+00	0.000000000000e+00	0.000000000000e+00	0.000000000000e+00	0.000000000000e+00	0.000000000000e+00	6.818105912609e-322
3.633750000000e+00	0.000000000000e+00	0.000000000000e+00	0.000000000000e+00	0.000000000000e+00	0.000000000000e+00	0.000000000000e+00	0.000000000000e+00	0.000000000000e+00	0.000000000000e+00	3.162020133384e-322
3.635000000000e+00	0.000000000000e+00	0.000000000000e+00	0.000000000000e+00	0.000000000000e+00	0.000000000000e+00	0.000000000000e+00	0.000000000000e+00	0.000000000000e+00	0.000000000000e+00	1.581010066692e-322
3.636250000000e+00	0.000000000000e+00	0.000000000000e+00	0.000000000000e+00	0.000000000000e+00	0.000000000000e+00	0.000000000000e+00	0.000000000000e+00	0.000000000000e+00	0.000000000000e+00	7.905050333460e-323
3.637500000000e+00	0.000000000000e+00	0.000000000000e+00	0.000000000000e+00	0.000000000000e+00	0.000000000000e+00	0.000000000000e+00	0.000000000000e+00	0.000000000000e+00	0.000000000000e+00	3.952525166730e-323
3.638750000000e+00	0.000000000000e+00	0.000000000000e+00	0.000000000000e+00	0.000000000000e+00	0.000000000000e+00	0.000000000000e+00	0.000000000000e+00	0.000000000000e+00	0.000000000000e+00	0.000000000000e+00
3.640000000000e+00	0.000000000000e+00	0.000000000000e+00	0.000000000000e+00	0.000000000000e+00	0.000000000000e+00	0.000000000000e+00	0.000000000000e+00	0.000000000000e+00	0.000000000000e+00	0.000000000000e+00
3.641250000000e+00	0.000000000000e+00	0.000000000000e+00	0.000000000000e+00	0.000000000000e+00	0.000000000000e+00	0.000000000000e+00	0.000000000000e+00	0.000000000000e+00	0.000000000000e+00	0.000000000000e+00
3.642500000000e+00	0.000000000000e+00	0.000000000000e+00	0.000000000000e+00	0.000000000000e+00	0.000000000000e+00	0.000000000000e+00	0.000000000000e+00	0.000000000000e+00	0.000000000000e+00	0.000000000000e+00
3.643750000000e+00	0.000000000000e+00	0.000000000000e+00	0.000000000000e+00	0.000000000000e+00	0.000000000000e+00	0.000000000000e+00	0.000000000000e+00	0.000000000000e+00	0.000000000000e+00	0.000000000000e+00
3.645000000000e+00	0.000000000000e+00	0.000000000000e+00	0.000000000000e+00	0.000000000000e+00	0.000000000000e+00	0.000000000000e+00	0.000000000000e+00	0.000000000000e+00	0.000000000000e+00	0.000000000000e+00
3.646250000000e+00	0.000000000000e+00	0.000000000000e+00	0.000000000000e+00	0.000000000000e+00	0.000000000000e+00	0.000000000000e+00	0.000000000000e+00	0.000000000000e+00	0.000000000000e+00	0.000000000000e+00
3.647500000000e+00	0.000000000000e+00	0.000000000000e+00	0.000000000000e+00	0.000000000000e+00	0.000000000000e+00	0.000000000000e+00	0.000000000000e+00	0.000000000000e+00	0.000000000000e+00	0.000000000000e+00
3.648750000000e+00	0.000000000000e+00	0.000000000000e+00	0.000000000000e+00	0.000000000000e+00	0.000000000000e+00	0.000000000000e+00	0.000000000000e+00	0.000000000000e+00	0.000000000000e+00	0.000000000000e+00
3.650000000000e+00	0.000000000000e+00	0.000000000000e+00	0.000000000000e+00	0.000000000000e+00	0.000000000000e+00	0.000000000000e+00	0.000000000000e+00	0.000000000000e+00	0.000000000000e+00	0.000000000000e+00
3.651250000000e+00	0.000000000000e+00	0.000000000000e+00	0.000000000000e+00	0.000000000000e+00	0.000000000000e+00	0.000000000000e+00	0.000000000000e+00	0.000000000000e+00	0.000000000000e+00	0.000000000000e+00
3.652500000000e+00	0.000000000000e+00	0.000000000000e+00	0.000000000000e+00	0.000000000000e+00	0.000000000000e+00	0.000000000000e+00	0.000000000000e+00	0.000000000000e+00	0.000000000000e+00	0.000000000000e+00
3.653750000000e+00	0.000000000000e+00	0.000000000000e+00	0.000000000000e+00	0.000000000000e+00	0.000000000000e+00	0.000000000000e+00	0.000000000000e+00	0.000000000000e+00	0.000000000000e+00	0.000000000000e+00
3.655000000000e+00	0.000000000000e+00	0.000000000000e+00	0.000000000000e+00	0.000000000000e+00	0.000000000000e+00	0.000000000000e+00	0.000000000000e+00	0.000000000000e+00	0.000000000000e+00	0.000000000000e+00
3.656250000000e+00	0.000000000000e+00	0.000000000000e+00	0.000000000000e+00	0.000000000000e+00	0.000000000000e+00	0.000000000000e+00	0.000000000000e+00	0.000000000000e+00	0.000000000000e+00	0.000000000000e+00
3.657500000000e+00	0.000000000000e+00	0.000000000000e+00	0.000000000000e+00	0.000000000000e+00	0.000000000000e+00	0.000000000000e+00	0.000000000000e+00	0.000000000000e+00	0.000000000000e+00	0.000000000000e+00
3.658750000000e+00	0.000000000000e+00	0.000000000000e+00	0.000000000000e+00	0.000000000000e+00	0.000000000000e+00	0.000000000000e+00	0.000000000000e+00	0.000000000000e+00	0.000000000000e+00	0.000000000000e+00
3.660000000000e+00	0.000000000000e+00	0.000000000000e+00	0.000000000000e+00	0.000000000000e+00	0.000000000000e+00	0.000000000000e+00	0.000000000000e+00	0.000000000000e+00	0.000000000000e+00	0.000000000000e+00
3.661250000000e+00	0.000000000000e+00	0.000000000000e+00	0.000000000000e+00	0.000000000000e+00	0.000000000000e+00	0.000000000000e+00	0.000000000000e+00	0.000000000000e+00	0.000000000000e+00	0.000000000000e+00
3.662500000000e+00	0.000000000000e+00	0.000000000000e+00	0.000000000000e+00	0.000000000000e+00	0.000000000000e+00	0.000000000000e+00	0.000000000000e+00	0.000000000000e+00	0.000000000000e+00	0.000000000000e+00
3.663750000000e+00	0.000000000000e+00	0.000000000000e+00	0.000000000000e+00	0.000000000000e+00	0.000000000000e+00	0.000000000000e+00	0.000000000000e+00	0.000000000000e+00	0.000000000000e+00	0.000000000000e+00
3.665000000000e+00	0.000000000000e+00	0.000000000000e+00	0.000000000000e+00	0.000000000000e+00	0.000000000000e+00	0.000000000000e+00	0.000000000000e+00	0.000000000000e+00	0.000000000000e+00	0.000000000000e+00
3.666250000000e+00	0.000000000000e+00	0.000000000000e+00	0.000000000000e+00	0.000000000000e+00	0.000000000000e+00	0.000000000000e+00	0.000000000000e+00	0.000000000000e+00	0.000000000000e+00	0.000000000000e+00
3.667500000000e+00	0.000000000000e+00	0.000000000000e+00	0.000000000000e+00	0.000000000000e+00	0.000000000000e+00	0.000000000000e+00	0.000000000000e+00	0.000000000000e+00	0.000000000000e+00	0.000000000000e+00
3.668750000000e+00	0.000000000000e+00	0.000000000000e+00	0.000000000000e+00	0.000000000000e+00	0.000000000000e+00	0.000000000000e+00	0.000000000000e+00	0.000000000000e+00	0.000000000000e+00	0.000000000000e+00
3.670000000000e+00	0.000000000000e+00	0.000000000000e+00	0.000000000000e+00	0.000000000000e+00	0.000000000000e+00	0.000000000000e+00	0.000000000000e+00	0.000000000000e+00	0.000000000000e+00	0.000000000000e+00
3.671250000000e+00	0.000000000000e+00	0.000000000000e+00	0.000000000000e+00	0.000000000000e+00	0.000000000000e+00	0.000000000000e+00	0.000000000000e+00	0.000000000000e+00	0.000000000000e+00	0.000000000000e+00
3.672500000000e+00	0.000000000000e+00	0.000000000000e+00	0.000000000000e+00	0.000000000000e+00	0.000000000000e+00	0.000000000000e+00	0.000000000000e+00	0.000000000000e+00	0.000000000000e+00	0.000000000000e+00
3.673750000000e+00	0.000000000000e+00	0.000000000000e+00	0.000000000000e+00	0.000000000000e+00	0.000000000000e+00	0.000000000000e+00	0.000000000000e+00	0.000000000000e+00	0.000000000000e+00	0.000000000000e+00
3.675000000000e+00	0.000000000000e+00	0.000000000000e+00	0.000000000000e+00	0.000000000000e+00	0.000000000000e+00	0.000000000000e+00	0.000000000000e+00	0.000000000000e+00	0.000000000000e+00	0.000000000000e+00
3.676250000000e+00	0.000000000000e+00	0.000000000000e+00	0.000000000000e+00	0.000000000000e+00	0.000000000000e+00	0.000000000000e+00	0.000000000000e+00	0.000000000000e+00	0.000000000000e+00	0.000000000000e+00
3.677500000000e+00	0.000000000000e+00	0.000000000000e+00	0.000000000000e+00	0.000000000000e+00	0.000000000000e+00	0.000000000000e+00	0.000000000000e+00	0.000000000000e+00	0.000000000000e+00	0.000000000000e+00
3.678750000000e+00	0.000000000000e+00	0.000000000000e+00	0.000000000000e+00	0.000000000000e+00	0.000000000000e+00	0.000000000000e+00	0.000000000000e+00	0.000000000000e+00	0.000000000000e+00	0.000000000000e+00
3.680000000000e+00	0.000000000000e+00	0.000000000000e+00	0.000000000000e+00	0.000000000000e+00	0.000000000000e+00	0.000000000000e+00	0.000000000000e+00	0.000000000000e+00	0.000000000000e+00	0.000000000000e+00
3.681250000000e+00	0.000000000000e+00	0.000000000000e+00	0.000000000000e+00	0.000000000000e+00	0.000000000000e+00	0.000000000000e+00	0.000000000000e+00	0.000000000000e+00	0.000000000000e+00	0.000000000000e+00
3.682500000000e+00	0.000000000000e+00	0.000000000000e+00	0.000000000000e+00	0.000000000000e+00	0.000000000000e+00	0.000000000000e+00	0.000000000000e+00	0.000000000000e+00	0.000000000000e+00	0.000000000000e+00
3.683750000000e+00	0.000000000000e+00	0.000000000000e+00	0.000000000000e+00	0.000000000000e+00	0.000000000000e+00	0.000000000000e+00	0.000000000000e+00	0.000000000000e+00	0.000000000000e+00	0.000000000000e+00
3.685000000000e+00	0.000000000000e+00	0.000000000000e+00	0.000000000000e+00	0.000000000000e+00	0.000000000000e+00	0.000000000000e+00	0.000000000000e+00	0.000000000000e+00	0.000000000000e+00	0.000000000000e+00
3.686250000000e+00	0.000000000000e+00	0.000000000000e+00	0.000000000000e+00	0.000000000000e+00	0.000000000000e+00	0.000000000000e+00	0.000000000000e+00	0.000000000000e+00	0.000000000000e+00	0.000000000000e+00
3.687500000000e+00	0.000000000000e+00	0.000000000000e+00	0.000000000000e+00	0.000000000000e+00	0.000000000000e+00	0.000000000000e+00	0.000000000000e+00	0.000000000000e+00	0.000000000000e+00	0.000000000000e+00
3.688750000000e+00	0.000000000000e+00	0.000000000000e+00	0.000000000000e+00	0.000000000000e+00	0.000000000000e+00	0.000000000000e+00	0.000000000000e+00	0.000000000000e+00	0.000000000000e+00	0.000000000000e+00
3.690000000000e+00	0.000000000000e+00	0.000000000000e+00	0.000000000000e+00	0.000000000000e+00	0.000000000000e+00	0.000000000000e+00	0.000000000000e+00	0.000000000000e+00	0.000000000000e+00	0.000000000000e+00
3.691250000000e+00	0.000000000000e+00	0.000000000000e+00	0.000000000000e+00	0.000000000000e+00	0.000000000000e+00	0.000000000000e+00	0.000000000000e+00	0.000000000000e+00	0.000000000000e+00	0.000000000000e+00
3.692500000000e+00	0.000000000000e+00	0.000000000000e+00	0.000000000000e+00	0.000000000000e+00	0.000000000000e+00	0.000000000000e+00	0.000000000000e+00	0.000000000000e+00	0.000000000000e+00	0.000000000000e+00
3.693750000000e+00	0.000000000000e+00	0.000000000000e+00	0.000000000000e+00	0.000000000000e+00	0.000000000000e+00	0.000000000000e+00	0.000000000000e+00	0.000000000000e+00	0.000000000000e+00	0.000000000000e+00
3.695000000000e+00	0.000000000000e+00	0.000000000000e+00	0.000000000000e+00	0.000000000000e+00	0.000000000000e+00	0.000000000000e+00	0.000000000000e+00	0.000000000000e+00	0.000000000000e+00	0.000000000000e+00
3.696250000000e+00	0.000000000000e+00	0.000000000000e+00	0.000000000000e+00	0.000000000000e+00	0.000000000000e+00	0.000000000000e+00	0.000000000000e+00	0.000000000000e+00	0.000000000000e+00	0.000000000000e+00
3.697500000000e+00	0.000000000000e+00	0.000000000000e+00	0.000000000000e+00	0.000000000000e+00	0.000000000000e+00	0.000000000000e+00	0.000000000000e+00	0.000000000000e+00	0.000000000000e+00	0.000000000000e+00
3.698750000000e+00	0.000000000000e+00	0.000000000000e+00	0.000000000000e+00	0.000000000000e+00	0.000000000000e+00	0.000000000000e+00	0.000000000000e+00	0.000000000000e+00	0.000000000000e+00	0.000000000000e+00
3.700000000000e+00	0.000000000000e+00	0.000000000000e+00	0.000000000000e+00	0.000000000000e+00	0.000000000000e+00	0.000000000000e+00	0.000000000000e+00	0.000000000000e+00	0.000000000000e+00	0.000000000000e+00
3.701250000000e+00	0.000000000000e+00	0.000000000000e+00	0.000000000000e+00	0.000000000000e+00	0.000000000000e+00	0.000000000000e+00	0.000000000000e+00	0.000000000000e+00	0.000000000000e+00	0.000000000000e+00
3.702500000000e+00	0.000000000000e+00	0.000000000000e+00	0.000000000000e+00	0.000000000000e+00	0.000000000000e+00	0.000000000000e+00	0.000000000000e+00	0.000000000000e+00	0.000000000000e+00	0.000000000000e+00
3.703750000000e+00	0.000000000000e+00	0.000000000000e+00	0.000000000000e+00	0.000000000000e+00	0.000000000000e+00	0.000000000000e+00	0.000000000000e+00	0.000000000000e+00	0.000000000000e+00	0.000000000000e+00
3.705000000000e+00	0.000000000000e+00	0.000000000000e+00	0.000000000000e+00	0.000000000000e+00	0.000000000000e+00	0.000000000000e+00	0.000000000000e+00	0.000000000000e+00	0.000000000000e+00	0.000000000000e+00
3.706250000000e+00	0.000000000000e+00	0.000000000000e+00	0.000000000000e+00	0.000000000000e+00	0.000000000000e+00	0.000000000000e+00	0.000000000000e+00	0.000000000000e+00	0.000000000000e+00	0.000000000000e+00
3.707500000000e+00	0.000000000000e+00	0.000000000000e+00	0.000000000000e+00	0.000000000000e+00	0.000000000000e+00	0.000000000000e+00	0.000000000000e+00	0.000000000000e+00	0.000000000000e+00	0.000000000000e+00
3.708750000000e+00	0.000000000000e+00	0.000000000000e+00	0.000000000000e+00	0.000000000000e+00	0.000000000000e+00	0.000000000000e+00	0.000000000000e+00	0.000000000000e+00	0.000000000000e+00	0.000000000000e+00
3.710000000000e+00	0.000000000000e+00	0.000000000000e+00	0.000000000000e+00	0.000000000000e+00	0.000000000000e+00	0.000000000000e+00	0.000000000000e+00	0.000000000000e+00	0.000000000000e+00	0.000000000000e+00
3.711250000000e+00	0.000000000000e+00	0.000000000000e+00	0.000000000000e+00	0.000000000000e+00	0.000000000000e+00	0.000000000000e+00	0.000000000000e+00	0.000000000000e+00	0.000000000000e+00	0.000000000000e+00
3.712500000000e+00	0.000000000000e+00	0.000000000000e+00	0.000000000000e+00	0.000000000000e+00	0.000000000000e+00	0.000000000000e+00	0.000000000000e+00	0.000000000000e+00	0.000000000000e+00	0.000000000000e+00
3.713750000000e+00	0.000000000000e+00	0.000000000000e+00	0.000000000000e+00	0.000000000000e+00	0.000000000000e+00	0.000000000000e+00	0.000000000000e+00	0.000000000000e+00	0.000000000000e+00	0.000000000000e+00
3.715000000000e+00	0.000000000000e+00	0.000000000000e+00	0.000000000000e+00	0.000000000000e+00	0.000000000000e+00	0.000000000000e+00	0.000000000000e+00	0.000000000000e+00	0.000000000000e+00	0.000000000000e+00
3.716250000000e+00	0.000000000000e+00	0.000000000000e+00	0.000000000000e+00	0.000000000000e+00	0.000000000000e+00	0.000000000000e+00	0.000000000000e+00	0.000000000000e+00	0.000000000000e+00	0.000000000000e+00
3.717500000000e+00	0.000000000000e+00	0.000000000000e+00	0.000000000000e+00	0.000000000000e+00	0.000000000000e+00	0.000000000000e+00	0.000000000000e+00	0.000000000000e+00	0.000000000000e+00	0.000000000000e+00
3.718750000000e+00	0.000000000000e+00	0.000000000000e+00	0.000000000000e+00	0.000000000000e+00	0.000000000000e+00	0.000000000000e+00	0.000000000000e+00	0.000000000000e+00	0.000000000000e+00	0.000000000000e+00
3.720000000000e+00	0.000000000000e+00	0.000000000000e+00	0.000000000000e+00	0.000000000000e+00	0.000000000000e+00	0.000000000000e+00	0.000000000000e+00	0.000000000000e+00	0.000000000000e+00	0.000000000000e+00
3.721250000000e+00	0.000000000000e+00	0.000000000000e+00	0.000000000000e+00	0.000000000000e+00	0.000000000000e+00	0.000000000000e+00	0.000000000000e+00	0.000000000000e+00	0.000000000000e+00	0.000000000000e+00
3.722500000000e+00	0.000000000000e+00	0.000000000000e+00	0.000000000000e+00	0.000000000000e+00	0.000000000000e+00	0.000000000000e+00	0.000000000000e+00	0.000000000000e+00	0.000000000000e+00	0.000000000000e+00
3.723750000000e+00	0.000000000000e+00	0.000000000000e+00	0.000000000000e+00	0.000000000000e+00	0.000000000000e+00	0.000000000000e+00	0.000000000000e+00	0.000000000000e+00	0.000000000000e+00	0.000000000000e+00
3.725000000000e+00	0.000000000000e+00	0.000000000000e+00	0.000000000000e+00	0.000000000000e+00	0.000000000000e+00	0.000000000000e+00	0.000000000000e+00	0.000000000000e+00	0.000000000000e+00	0.000000000000e+00
3.726250000000e+00	0.000000000000e+00	0.000000000000e+00	0.000000000000e+00	0.000000000000e+00	0.000000000000e+00	0.000000000000e+00	0.000000000000e+00	0.000000000000e+00	0.000000000000e+00	0.000000000000e+00
3.727500000000e+00	0.000000000000e+00	0.000000000000e+00	0.000000000000e+00	0.000000000000e+00	0.000000000000e+00	0.000000000000e+00	0.000000000000e+00	0.000000000000e+00	0.000000000000e+00	0.000000000000e+00
3.728750000000e+00	0.000000000000e+00	0.000000000000e+00	0.000000000000e+00	0.000000000000e+00	0.000000000000e+00	0.000000000000e+00	0.000000000000e+00	0.000000000000e+00	0.000000000000e+00	0.000000000000e+00
3.730000000000e+00	0.000000000000e+00	0.000000000000e+00	0.000000000000e+00	0.000000000000e+00	0.000000000000e+00	0.000000000000e+00	0.000000000000e+00	0.000000000000e+00	0.000000000000e+00	0.000000000000e+00
3.731250000000e+00	0.000000000000e+00	0.000000000000e+00	0.000000000000e+00	0.000000000000e+00	0.000000000000e+00	0.000000000000e+00	0.000000000000e+00	0.000000000000e+00	0.000000000000e+00	0.000000000000e+00
3.732500000000e+00	0.000000000000e+00	0.000000000000e+00	0.000000000000e+00	0.000000000000e+00	0.000000000000e+00	0.000000000000e+00	0.000000000000e+00	0.000000000000e+00	0.000000000000e+00	0.000000000000e+00
3.733750000000e+00	0.000000000000e+00	0.000000000000e+00	0.000000000000e+00	0.000000000000e+00	0.000000000000e+00	0.000000000000e+00	0.000000000000e+00	0.000000000000e+00	0.000000000000e+00	0.000000000000e+00
3.735000000000e+00	0.000000000000e+00	0.000000000000e+00	0.000000000000e+00	0.000000000000e+00	0.000000000000e+00	0.000000000000e+00	0.000000000000e+00	0.000000000000e+00	0.000000000000e+00	0.000000000000e+00
3.736250000000e+00	0.000000000000e+00	0.000000000000e+00	0.000000000000e+00	0.000000000000e+00	0.000000000000e+00	0.000000000000e+00	0.000000000000e+00	0.000000000000e+00	0.000000000000e+00	0.000000000000e+00
3.737500000000e+00	0.000000000000e+00	0.000000000000e+00	0.000000000000e+00	0.000000000000e+00	0.000000000000e+00	0.000000000000e+00	0.000000000000e+00	0.000000000000e+00	0.000000000000e+00	0.000000000000e+00
3.738750000000e+00	0.000000000000e+00	0.000000000000e+00	0.000000000000e+00	0.000000000000e+00	0.000000000000e+00	0.000000000000e+00	0.000000000000e+00	0.000000000000e+00	0.000000000000e+00	0.000000000000e+00
3.740000000000e+00	0.000000000000e+00	0.000000000000e+00	0.000000000000e+00	0.000000000000e+00	0.000000000000e+00	0.000000000000e+00	0.000000000000e+00	0.000000000000e+00	0.000000000000e+00	0.000000000000e+00
3.741250000000e+00	0.000000000000e+00	0.000000000000e+00	0.000000000000e+00	0.000000000000e+00	0.000000000000e+00	0.000000000000e+00	0.000000000000e+00	0.000000000000e+00	0.000000000000e+00	0.000000000000e+00
3.742500000000e+00	0.000000000000e+00	0.000000000000e+00	0.000000000000e+00	0.000000000000e+00	0.000000000000e+00	0.000000000000e+00	0.000000000000e+00	0.000000000000e+00	0.000000000000e+00	0.000000000000e+00
3.743750000000e+00	0.000000000000e+00	0.000000000000e+00	0.000000000000e+00	0.000000000000e+00	0.000000000000e+00	0.000000000000e+00	0.000000000000e+00	0.000000000000e+00	0.000000000000e+00	0.000000000000e+00
3.745000000000e+00	0.000000000000e+00	0.000000000000e+00	0.000000000000e+00	0.000000000000e+00	0.000000000000e+00	0.000000000000e+00	0.000000000000e+00	0.000000000000e+00	0.000000000000e+00	0.000000000000e+00
3.746250000000e+00	0.000000000000e+00	0.000000000000e+00	0.000000000000e+00	0.000000000000e+00	0.000000000000e+00	0.000000000000e+00	0.000000000000e+00	0.000000000000e+00	0.000000000000e+00	0.000000000000e+00
3.747500000000e+00	0.000000000000e+00	0.000000000000e+00	0.000000000000e+00	0.000000000000e+00	0.000000000000e+00	0.000000000000e+00	0.000000000000e+00	0.000000000000e+00	0.000000000000e+00	0.000000000000e+00
3.748750000000e+00	0.000000000000e+00	0.000000000000e+00	0.000000000000e+00	0.000000000000e+00	0.000000000000e+00	0.000000000000e+00	0.000000000000e+00	0.000000000000e+00	0.000000000000e+00	0.000000000000e+00
3.750000000000e+00	0.000000000000e+00	0.000000000000e+00	0.000000000000e+00	0.000000000000e+00	0.000000000000e+00	0.000000000000e+00	0.000000000000e+00	0.000000000000e+00	0.000000000000e+00	0.000000000000e+00
3.751250000000e+00	0.000000000000e+00	0.000000000000e+00	0.000000000000e+00	0.000000000000e+00	0.000000000000e+00	0.000000000000e+00	0.000000000000e+00	0.000000000000e+00	0.000000000000e+00	0.000000000000e+00
3.752500000000e+00	0.000000000000e+00	0.000000000000e+00	0.000000000000e+00	0.000000000000e+00	0.000000000000e+00	0.000000000000e+00	0.000000000000e+00	0.000000000000e+00	0.000000000000e+00	0.000000000000e+00
3.753750000000e+00	0.000000000000e+00	0.000000000000e+00	0.000000000000e+00	0.000000000000e+00	0.000000000000e+00	0.000000000000e+00	0.000000000000e+00	0.000000000000e+00	0.000000000000e+00	0.000000000000e+00
3.755000000000e+00	0.000000000000e+00	0.000000000000e+00	0.000000000000e+00	0.000000000000e+00	0.000000000000e+00	0.000000000000e+00	0.000000000000e+00	0.000000000000e+00	0.000000000000e+00	0.000000000000e+00
3.756250000000e+00	0.000000000000e+00	0.000000000000e+00	0.000000000000e+00	0.000000000000e+00	0.000000000000e+00	0.000000000000e+00	0.000000000000e+00	0.000000000000e+00	0.000000000000e+00	0.000000000000e+00
3.757500000000e+00	0.000000000000e+00	0.000000000000e+00	0.000000000000e+00	0.000000000000e+00	0.000000000000e+00	0.000000000000e+00	0.000000000000e+00	0.000000000000e+00	0.000000000000e+00	0.000000000000e+00
3.758750000000e+00	0.000000000000e+00	0.000000000000e+00	0.000000000000e+00	0.000000000000e+00	0.000000000000e+00	0.000000000000e+00	0.000000000000e+00	0.000000000000e+00	0.000000000000e+00	0.000000000000e+00
3.760000000000e+00	0.000000000000e+00	0.000000000000e+00	0.000000000000e+00	0.000000000000e+00	0.000000000000e+00	0.000000000000e+00	0.000000000000e+00	0.000000000000e+00	0.000000000000e+00	0.000000000000e+00
3.761250000000e+00	0.000000000000e+00	0.000000000000e+00	0.000000000000e+00	0.000000000000e+00	0.000000000000e+00	0.000000000000e+00	0.000000000000e+00	0.000000000000e+00	0.000000000000e+00	0.000000000000e+00
3.762500000000e+00	0.000000000000e+00	0.000000000000e+00	0.000000000000e+00	0.000000000000e+00	0.000000000000e+00	0.000000000000e+00	0.000000000000e+00	0.000000000000e+00	0.000000000000e+00	0.000000000000e+00
3.763750000000e+00	0.000000000000e+00	0.000000000000e+00	0.000000000000e+00	0.000000000000e+00	0.000000000000e+00	0.000000000000e+00	0.000000000000e+00	0.000000000000e+00	0.000000000000e+00	0.000000000000e+00
3.765000000000e+00	0.000000000000e+00	0.000000000000e+00	0.000000000000e+00	0.000000000000e+00	0.000000000000e+00	0.000000000000e+00	0.000000000000e+00	0.000000000000e+00	0.000000000000e+00	0.000000000000e+00
3.766250000000e+00	0.000000000000e+00	0.000000000000e+00	0.000000000000e+00	0.000000000000e+00	0.000000000000e+00	0.000000000000e+00	0.000000000000e+00	0.000000000000e+00	0.000000000000e+00	0.000000000000e+00
3.767500000000e+00	0.000000000000e+00	0.000000000000e+00	0.000000000000e+00	0.000000000000e+00	0.000000000000e+00	0.000000000000e+00	0.000000000000e+00	0.000000000000e+00	0.000000000000e+00	0.000000000000e+00
3.768750000000e+00	0.000000000000e+00	0.000000000000e+00	0.000000000000e+00	0.000000000000e+00	0.000000000000e+00	0.000000000000e+00	0.000000000000e+00	0.000000000000e+00	0.000000000000e+00	0.000000000000e+00
3.770000000000e+00	0.000000000000e+00	0.000000000000e+00	0.000000000000e+00	0.000000000000e+00	0.000000000000e+00	0.000000000000e+00	0.000000000000e+00	0.000000000000e+00	0.000000000000e+00	0.000000000000e+00
3.771250000000e+00	0.000000000000e+00	0.000000000000e+00	0.000000000000e+00	0.000000000000e+00	0.000000000000e+00	0.000000000000e+00	0.000000000000e+00	0.000000000000e+00	0.000000000000e+00	0.000000000000e+00
3.772500000000e+00	0.000000000000e+00	0.000000000000e+00	0.000000000000e+00	0.000000000000e+00	0.000000000000e+00	0.000000000000e+00	0.000000000000e+00	0.000000000000e+00	0.000000000000e+00	0.000000000000e+00
3.773750000000e+00	0.000000000000e+00	0.000000000000e+00	0.000000000000e+00	0.000000000000e+00	0.000000000000e+00	0.000000000000e+00	0.000000000000e+00	0.000000000000e+00	0.000000000000e+00	0.000000000000e+00
3.775000000000e+00	0.000000000000e+00	0.000000000000e+00	0.000000000000e+00	0.000000000000e+00	0.000000000000e+00	0.000000000000e+00	0.000000000000e+00	0.000000000000e+00	0.000000000000e+00	0.000000000000e+00
3.776250000000e+00	0.000000000000e+00	0.000000000000e+00	0.000000000000e+00	0.000000000000e+00	0.000000000000e+00	0.000000000000e+00	0.000000000000e+00	0.000000000000e+00	0.000000000000e+00	0.000000000000e+00
3.777500000000e+00	0.000000000000e+00	0.000000000000e+00	0.000000000000e+00	0.000000000000e+00	0.000000000000e+00	0.000000000000e+00	0.000000000000e+00	0.000000000000e+00	0.000000000000e+00	0.000000000000e+00
3.778750000000e+00	0.000000000000e+00	0.000000000000e+00	0.000000000000e+00	0.000000000000e+00	0.000000000000e+00	0.000000000000e+00	0.000000000000e+00	0.000000000000e+00	0.000000000000e+00	0.000000000000e+00
3.780000000000e+00	0.000000000000e+00	0.000000000000e+00	0.000000000000e+00	0.000000000000e+00	0.000000000000e+00	0.000000000000e+00	0.000000000000e+00	0.000000000000e+00	0.000000000000e+00	0.000000000000e+00
3.781250000000e+00	0.000000000000e+00	0.000000000000e+00	0.000000000000e+00	0.000000000000e+00	0.000000000000e+00	0.000000000000e+00	0.000000000000e+00	0.000000000000e+00	0.000000000000e+00	0.000000000000e+00
3.782500000000e+00	0.000000000000e+00	0.000000000000e+00	0.000000000000e+00	0.000000000000e+00	0.000000000000e+00	0.000000000000e+00	0.000000000000e+00	0.000000000000e+00	0.000000000000e+00	0.000000000000e+00
3.783750000000e+00	0.000000000000e+00	0.000000000000e+00	0.000000000000e+00	0.000000000000e+00	0.000000000000e+00	0.000000000000e+00	0.000000000000e+00	0.000000000000e+00	0.000000000000e+00	0.000000000000e+00
3.785000000000e+00	0.000000000000e+00	0.000000000000e+00	0.000000000000e+00	0.000000000000e+00	0.000000000000e+00	0.000000000000e+00	0.000000000000e+00	0.000000000000e+00	0.000000000000e+00	0.000000000000e+00
3.786250000000e+00	0.000000000000e+00	0.000000000000e+00	0.000000000000e+00	0.000000000000e+00	0.000000000000e+00	0.000000000000e+00	0.000000000000e+00	0.000000000000e+00	0.000000000000e+00	0.000000000000e+00
3.787500000000e+00	0.000000000000e+00	0.000000000000e+00	0.000000000000e+00	0.000000000000e+00	0.000000000000e+00	0.000000000000e+00	0.000000000000e+00	0.000000000000e+00	0.000000000000e+00	0.000000000000e+00
3.788750000000e+00	0.000000000000e+00	0.000000000000e+00	0.000000000000e+00	0.000000000000e+00	0.000000000000e+00	0.000000000000e+00	0.000000000000e+00	0.000000000000e+00	0.000000000000e+00	0.000000000000e+00
3.790000000000e+00	0.000000000000e+00	0.000000000000e+00	0.000000000000e+00	0.000000000000e+00	0.000000000000e+00	0.000000000000e+00	0.000000000000e+00	0.000000000000e+00	0.000000000000e+00	0.000000000000e+00
3.791250000000e+00	0.000000000000e+00	0.000000000000e+00	0.000000000000e+00	0.000000000000e+00	0.000000000000e+00	0.000000000000e+00	0.000000000000e+00	0.000000000000e+00	0.000000000000e+00	0.000000000000e+00
3.792500000000e+00	0.000000000000e+00	0.000000000000e+00	0.000000000000e+00	0.000000000000e+00	0.000000000000e+00	0.000000000000e+00	0.000000000000e+00	0.000000000000e+00	0.000000000000e+00	0.000000000000e+00
3.793750000000e+00	0.000000000000e+00	0.000000000000e+00	0.000000000000e+00	0.000000000000e+00	0.000000000000e+00	0.000000000000e+00	0.000000000000e+00	0.000000000000e+00	0.000000000000e+00	0.000000000000e+00
3.795000000000e+00	0.000000000000e+00	0.000000000000e+00	0.000000000000e+00	0.000000000000e+00	0.000000000000e+00	0.000000000000e+00	0.000000000000e+00	0.000000000000e+00	0.000000000000e+00	0.000000000000e+00
3.796250000000e+00	0.000000000000e+00	0.000000000000e+00	0.000000000000e+00	0.000000000000e+00	0.000000000000e+00	0.000000000000e+00	0.000000000000e+00	0.000000000000e+00	0.000000000000e+00	0.000000000000e+00
3.797500000000e+00	0.000000000000e+00	0.000000000000e+00	0.000000000000e+00	0.000000000000e+00	0.000000000000e+00	0.000000000000e+00	0.000000000000e+00	0.000000000000e+00	0.000000000000e+00	0.000000000000e+00
3.798750000000e+00	0.000000000000e+00	0.000000000000e+00	0.000000000000e+00	0.000000000000e+00	0.000000000000e+00	0.000000000000e+00	0.000000000000e+00	0.000000000000e+00	0.000000000000e+00	0.000000000000e+00
3.800000000000e+00	0.000000000000e+00	0.000000000000e+00	0.000000000000e+00	0.000000000000e+00	0.000000000000e+00	0.000000000000e+00	0.000000000000e+00	0.000000000000e+00	0.000000000000e+00	0.000000000000e+00
3.801250000000e+00	0.000000000000e+00	0.000000000000e+00	0.000000000000e+00	0.000000000000e+00	0.000000000000e+00	0.000000000000e+00	0.000000000000e+00	0.000000000000e+00	0.000000000000e+00	0.000000000000e+00
3.802500000000e+00	0.000000000000e+00	0.000000000000e+00	0.000000000000e+00	0.000000000000e+00	0.000000000000e+00	0.000000000000e+00	0.000000000000e+00	0.000000000000e+00	0.000000000000e+00	0.000000000000e+00
3.803750000000e+00	0.000000000000e+00	0.000000000000e+00	0.000000000000e+00	0.000000000000e+00	0.000000000000e+00	0.000000000000e+00	0.000000000000e+00	0.000000000000e+00	0.000000000000e+00	0.000000000000e+00
3.805000000000e+00	0.000000000000e+00	0.000000000000e+00	0.000000000000e+00	0.000000000000e+00	0.000000000000e+00	0.000000000000e+00	0.000000000000e+00	0.000000000000e+00	0.000000000000e+00	0.000000000000e+00
3.806250000000e+00	0.000000000000e+00	0.000000000000e+00	0.000000000000e+00	0.000000000000e+00	0.000000000000e+00	0.000000000000e+00	0.000000000000e+00	0.000000000000e+00	0.000000000000e+00	0.000000000000e+00
3.807500000000e+00	0.000000000000e+00	0.000000000000e+00	0.000000000000e+00	0.000000000000e+00	0.000000000000e+00	0.000000000000e+00	0.000000000000e+00	0.000000000000e+00	0.000000000000e+00	0.000000000000e+00
3.808750000000e+00	0.000000000000e+00	0.000000000000e+00	0.000000000000e+00	0.000000000000e+00	0.000000000000e+00	0.000000000000e+00	0.000000000000e+00	0.000000000000e+00	0.000000000000e+00	0.000000000000e+00
3.810000000000e+00	0.000000000000e+00	0.000000000000e+00	0.000000000000e+00	0.000000000000e+00	0.000000000000e+00	0.000000000000e+00	0.000000000000e+00	0.000000000000e+00	0.000000000000e+00	0.000000000000e+00
3.811250000000e+00	0.000000000000e+00	0.000000000000e+00	0.000000000000e+00	0.000000000000e+00	0.000000000000e+00	0.000000000000e+00	0.000000000000e+00	0.000000000000e+00	0.000000000000e+00	0.000000000000e+00
3.812500000000e+00	0.000000000000e+00	0.000000000000e+00	0.000000000000e+00	0.000000000000e+00	0.000000000000e+00	0.000000000000e+00	0.000000000000e+00	0.000000000000e+00	0.000000000000e+00	0.000000000000e+00
3.813750000000e+00	0.000000000000e+00	0.000000000000e+00	0.000000000000e+00	0.000000000000e+00	0.000000000000e+00	0.000000000000e+00	0.000000000000e+00	0.000000000000e+00	0.000000000000e+00	0.000000000000e+00
3.815000000000e+00	0.000000000000e+00	0.000000000000e+00	0.000000000000e+00	0.000000000000e+00	0.000000000000e+00	0.000000000000e+00	0.000000000000e+00	0.000000000000e+00	0.000000000000e+00	0.000000000000e+00
3.816250000000e+00	0.000000000000e+00	0.000000000000e+00	0.000000000000e+00	0.000000000000e+00	0.000000000000e+00	0.000000000000e+00	0.000000000000e+00	0.000000000000e+00	0.000000000000e+00	0.000000000000e+00
3.817500000000e+00	0.000000000000e+00	0.000000000000e+00	0.000000000000e+00	0.000000000000e+00	0.000000000000e+00	0.000000000000e+00	0.000000000000e+00	0.000000000000e+00	0.000000000000e+00	0.000000000000e+00
3.818750000000e+00	0.000000000000e+00	0.000000000000e+00	0.000000000000e+00	0.000000000000e+00	0.000000000000e+00	0.000000000000e+00	0.000000000000e+00	0.000000000000e+00	0.000000000000e+00	0.000000000000e+00
3.820000000000e+00	0.000000000000e+00	0.000000000000e+00	0.000000000000e+00	0.000000000000e+00	0.000000000000e+00	0.000000000000e+00	0.000000000000e+00	0.000000000000e+00	0.000000000000e+00	0.000000000000e+00
3.821250000000e+00	0.000000000000e+00	0.000000000000e+00	0.000000000000e+00	0.000000000000e+00	0.000000000000e+00	0.000000000000e+00	0.000000000000e+00	0.000000000000e+00	0.000000000000e+00	0.000000000000e+00
3.822500000000e+00	0.000000000000e+00	0.000000000000e+00	0.000000000000e+00	0.000000000000e+00	0.000000000000e+00	0.000000000000e+00	0.000000000000e+00	0.000000000000e+00	0.000000000000e+00	0.000000000000e+00
3.823750000000e+00	0.000000000000e+00	0.000000000000e+00	0.000000000000e+00	0.000000000000e+00	0.000000000000e+00	0.000000000000e+00	0.000000000000e+00	0.000000000000e+00	0.000000000000e+00	0.000000000000e+00
3.825000000000e+00	0.000000000000e+00	0.000000000000e+00	0.000000000000e+00	0.000000000000e+00	0.000000000000e+00	0.000000000000e+00	0.000000000000e+00	0.000000000000e+00	0.000000000000e+00	0.000000000000e+00
3.826250000000e+00	0.000000000000e+00	0.000000000000e+00	0.000000000000e+00	0.000000000000e+00	0.000000000000e+00	0.000000000000e+00	0.000000000000e+00	0.000000000000e+00	0.000000000000e+00	0.000000000000e+00
3.827500000000e+00	0.000000000000e+00	0.000000000000e+00	0.000000000000e+00	0.000000000000e+00	0.000000000000e+00	0.000000000000e+00	0.000000000000e+00	0.000000000000e+00	0.000000000000e+00	0.000000000000e+00
3.828750000000e+00	0.000000000000e+00	0.000000000000e+00	0.000000000000e+00	0.000000000000e+00	0.000000000000e+00	0.000000000000e+00	0.000000000000e+00	0.000000000000e+00	0.000000000000e+00	0.000000000000e+00
3.830000000000e+00	0.000000000000e+00	0.000000000000e+00	0.000000000000e+00	0.000000000000e+00	0.000000000000e+00	0.000000000000e+00	0.000000000000e+00	0.000000000000e+00	0.000000000000e+00	0.000000000000e+00
3.831250000000e+00	0.000000000000e+00	0.000000000000e+00	0.000000000000e+00	0.000000000000e+00	0.000000000000e+00	0.000000000000e+00	0.000000000000e+00	0.000000000000e+00	0.000000000000e+00	0.000000000000e+00
3.832500000000e+00	0.000000000000e+00	0.000000000000e+00	0.000000000000e+00	0.000000000000e+00	0.000000000000e+00	0.000000000000e+00	0.000000000000e+00	0.000000000000e+00	0.000000000000e+00	0.000000000000e+00
3.833750000000e+00	0.000000000000e+00	0.000000000000e+00	0.000000000000e+00	0.000000000000e+00	0.000000000000e+00	0.000000000000e+00	0.000000000000e+00	0.000000000000e+00	0.000000000000e+00	0.000000000000e+00
3.835000000000e+00	0.000000000000e+00	0.000000000000e+00	0.000000000000e+00	0.000000000000e+00	0.000000000000e+00	0.000000000000e+00	0.000000000000e+00	0.000000000000e+00	0.000000000000e+00	0.000000000000e+00
3.836250000000e+00	0.000000000000e+00	0.000000000000e+00	0.000000000000e+00	0.000000000000e+00	0.000000000000e+00	0.000000000000e+00	0.000000000000e+00	0.000000000000e+00	0.000000000000e+00	0.000000000000e+00
3.837500000000e+00	0.000000000000e+00	0.000000000000e+00	0.000000000000e+00	0.000000000000e+00	0.000000000000e+00	0.000000000000e+00	0.000000000000e+00	0.000000000000e+00	0.000000000000e+00	0.000000000000e+00
3.838750000000e+00	0.000000000000e+00	0.000000000000e+00	0.000000000000e+00	0.000000000000e+00	0.000000000000e+00	0.000000000000e+00	0.000000000000e+00	0.000000000000e+00	0.000000000000e+00	0.000000000000e+00
3.840000000000e+00	0.000000000000e+00	0.000000000000e+00	0.000000000000e+00	0.000000000000e+00	0.000000000000e+00	0.000000000000e+00	0.000000000000e+00	0.000000000000e+00	0.000000000000e+00	0.000000000000e+00
3.841250000000e+00	0.000000000000e+00	0.000000000000e+00	0.000000000000e+00	0.000000000000e+00	0.000000000000e+00	0.000000000000e+00	0.000000000000e+00	0.000000000000e+00	0.000000000000e+00	0.000000000000e+00
3.842500000000e+00	0.000000000000e+00	0.000000000000e+00	0.000000000000e+00	0.000000000000e+00	0.000000000000e+00	0.000000000000e+00	0.000000000000e+00	0.000000000000e+00	0.000000000000e+00	0.000000000000e+00
3.843750000000e+00	0.000000000000e+00	0.000000000000e+00	0.000000000000e+00	0.000000000000e+00	0.000000000000e+00	0.000000000000e+00	0.000000000000e+00	0.000000000000e+00	0.000000000000e+00	0.000000000000e+00
3.845000000000e+00	0.000000000000e+00	0.000000000000e+00	0.000000000000e+00	0.000000000000e+00	0.000000000000e+00	0.000000000000e+00	0.000000000000e+00	0.000000000000e+00	0.000000000000e+00	0.000000000000e+00
3.846250000000e+00	0.000000000000e+00	0.000000000000e+00	0.000000000000e+00	0.000000000000e+00	0.000000000000e+00	0.000000000000e+00	0.000000000000e+00	0.000000000000e+00	0.000000000000e+00	0.000000000000e+00
3.847500000000e+00	0.000000000000e+00	0.000000000000e+00	0.000000000000e+00	0.000000000000e+00	0.000000000000e+00	0.000000000000e+00	0.000000000000e+00	0.000000000000e+00	0.000000000000e+00	0.000000000000e+00
3.848750000000e+00	0.000000000000e+00	0.000000000000e+00	0.000000000000e+00	0.000000000000e+00	0.000000000000e+00	0.000000000000e+00	0.000000000000e+00	0.000000000000e+00	0.000000000000e+00	0.000000000000e+00
3.850000000000e+00	0.000000000000e+00	0.000000000000e+00	0.000000000000e+00	0.000000000000e+00	0.000000000000e+00	0.000000000000e+00	0.000000000000e+00	0.000000000000e+00	0.000000000000e+00	0.000000000000e+00
3.851250000000e+00	0.000000000000e+00	0.000000000000e+00	0.000000000000e+00	0.000000000000e+00	0.000000000000e+00	0.000000000000e+00	0.000000000000e+00	0.000000000000e+00	0.000000000000e+00	0.000000000000e+00
3.852500000000e+00	0.000000000000e+00	0.000000000000e+00	0.000000000000e+00	0.000000000000e+00	0.000000000000e+00	0.000000000000e+00	0.000000000000e+00	0.000000000000e+00	0.000000000000e+00	0.000000000000e+00
3.853750000000e+00	0.000000000000e+00	0.000000000000e+00	0.000000000000e+00	0.000000000000e+00	0.000000000000e+00	0.000000000000e+00	0.000000000000e+00	0.000000000000e+00	0.000000000000e+00	0.000000000000e+00
3.855000000000e+00	0.000000000000e+00	0.000000000000e+00	0.000000000000e+00	0.000000000000e+00	0.000000000000e+00	0.000000000000e+00	0.000000000000e+00	0.000000000000e+00	0.000000000000e+00	0.000000000000e+00
3.856250000000e+00	0.000000000000e+00	0.000000000000e+00	0.000000000000e+00	0.000000000000e+00	0.000000000000e+00	0.000000000000e+00	0.000000000000e+00	0.000000000000e+00	0.000000000000e+00	0.000000000000e+00
3.857500000000e+00	0.000000000000e+00	0.000000000000e+00	0.000000000000e+00	0.000000000000e+00	0.000000000000e+00	0.000000000000e+00	0.000000000000e+00	0.000000000000e+00	0.000000000000e+00	0.000000000000e+00
3.858750000000e+00	0.000000000000e+00	0.000000000000e+00	0.000000000000e+00	0.000000000000e+00	0.000000000000e+00	0.000000000000e+00	0.000000000000e+00	0.000000000000e+00	0.000000000000e+00	0.000000000000e+00
3.860000000000e+00	0.000000000000e+00	0.000000000000e+00	0.000000000000e+00	0.000000000000e+00	0.000000000000e+00	0.000000000000e+00	0.000000000000e+00	0.000000000000e+00	0.000000000000e+00	0.000000000000e+00
3.861250000000e+00	0.000000000000e+00	0.000000000000e+00	0.000000000000e+00	0.000000000000e+00	0.000000000000e+00	0.000000000000e+00	0.000000000000e+00	0.000000000000e+00	0.000000000000e+00	0.000000000000e+00
3.862500000000e+00	0.000000000000e+00	0.000000000000e+00	0.000000000000e+00	0.000000000000e+00	0.000000000000e+00	0.000000000000e+00	0.000000000000e+00	0.000000000000e+00	0.000000000000e+00	0.000000000000e+00
3.863750000000e+00	0.000000000000e+00	0.000000000000e+00	0.000000000000e+00	0.000000000000e+00	0.000000000000e+00	0.000000000000e+00	0.000000000000e+00	0.000000000000e+00	0.000000000000e+00	0.000000000000e+00
3.865000000000e+00	0.000000000000e+00	0.000000000000e+00	0.000000000000e+00	0.000000000000e+00	0.000000000000e+00	0.000000000000e+00	0.000000000000e+00	0.000000000000e+00	0.000000000000e+00	0.000000000000e+00
3.866250000000e+00	0.000000000000e+00	0.000000000000e+00	0.000000000000e+00	0.000000000000e+00	0.000000000000e+00	0.000000000000e+00	0.000000000000e+00	0.000000000000e+00	0.000000000000e+00	0.000000000000e+00
3.867500000000e+00	0.000000000000e+00	0.000000000000e+00	0.000000000000e+00	0.000000000000e+00	0.000000000000e+00	0.000000000000e+00	0.000000000000e+00	0.000000000000e+00	0.000000000000e+00	0.000000000000e+00
3.868750000000e+00	0.000000000000e+00	0.000000000000e+00	0.000000000000e+00	0.000000000000e+00	0.000000000000e+00	0.000000000000e+00	0.000000000000e+00	0.000000000000e+00	0.000000000000e+00	0.000000000000e+00
3.870000000000e+00	0.000000000000e+00	0.000000000000e+00	0.000000000000e+00	0.000000000000e+00	0.000000000000e+00	0.000000000000e+00	0.000000000000e+00	0.000000000000e+00	0.000000000000e+00	0.000000000000e+00
3.871250000000e+00	0.000000000000e+00	0.000000000000e+00	0.000000000000e+00	0.000000000000e+00	0.000000000000e+00	0.000000000000e+00	0.000000000000e+00	0.000000000000e+00	0.000000000000e+00	0.000000000000e+00
3.872500000000e+00	0.000000000000e+00	0.000000000000e+00	0.000000000000e+00	0.000000000000e+00	0.000000000000e+00	0.000000000000e+00	0.000000000000e+00	0.000000000000e+00	0.000000000000e+00	0.000000000000e+00
3.873750000000e+00	0.000000000000e+00	0.000000000000e+00	0.000000000000e+00	0.000000000000e+00	0.000000000000e+00	0.000000000000e+00	0.000000000000e+00	0.000000000000e+00	0.000000000000e+00	0.000000000000e+00
3.875000000000e+00	0.000000000000e+00	0.000000000000e+00	0.000000000000e+00	0.000000000000e+00	0.000000000000e+00	0.000000000000e+00	0.000000000000e+00	0.000000000000e+00	0.000000000000e+00	0.000000000000e+00
3.876250000000e+00	0.000000000000e+00	0.000000000000e+00	0.000000000000e+00	0.000000000000e+00	0.000000000000e+00	0.000000000000e+00	0.000000000000e+00	0.000000000000e+00	0.000000000000e+00	0.000000000000e+00
3.877500000000e+00	0.000000000000e+00	0.000000000000e+00	0.000000000000e+00	0.000000000000e+00	0.000000000000e+00	0.000000000000e+00	0.000000000000e+00	0.000000000000e+00	0.000000000000e+00	0.000000000000e+00
3.878750000000e+00	0.000000000000e+00	0.000000000000e+00	0.000000000000e+00	0.000000000000e+00	0.000000000000e+00	0.000000000000e+00	0.000000000000e+00	0.000000000000e+00	0.000000000000e+00	0.000000000000e+00
3.880000000000e+00	0.000000000000e+00	0.000000000000e+00	0.000000000000e+00	0.000000000000e+00	0.000000000000e+00	0.000000000000e+00	0.000000000000e+00	0.000000000000e+00	0.000000000000e+00	0.000000000000e+00
3.881250000000e+00	0.000000000000e+00	0.000000000000e+00	0.000000000000e+00	0.000000000000e+00	0.000000000000e+00	0.000000000000e+00	0.000000000000e+00	0.000000000000e+00	0.000000000000e+00	0.000000000000e+00
3.882500000000e+00	0.000000000000e+00	0.000000000000e+00	0.000000000000e+00	0.000000000000e+00	0.000000000000e+00	0.000000000000e+00	0.000000000000e+00	0.000000000000e+00	0.000000000000e+00	0.000000000000e+00
3.883750000000e+00	0.000000000000e+00	0.000000000000e+00	0.000000000000e+00	0.000000000000e+00	0.000000000000e+00	0.000000000000e+00	0.000000000000e+00	0.000000000000e+00	0.000000000000e+00	0.000000000000e+00
3.885000000000e+00	0.000000000000e+00	0.000000000000e+00	0.000000000000e+00	0.000000000000e+00	0.000000000000e+00	0.000000000000e+00	0.000000000000e+00	0.000000000000e+00	0.000000000000e+00	0.000000000000e+00
3.886250000000e+00	0.000000000000e+00	0.000000000000e+00	0.000000000000e+00	0.000000000000e+00	0.000000000000e+00	0.000000000000e+00	0.000000000000e+00	0.000000000000e+00	0.000000000000e+00	0.000000000000e+00
3.887500000000e+00	0.000000000000e+00	0.000000000000e+00	0.000000000000e+00	0.000000000000e+00	0.000000000000e+00	0.000000000000e+00	0.000000000000e+00	0.000000000000e+00	0.000000000000e+00	0.000000000000e+00
3.888750000000e+00	0.000000000000e+00	0.000000000000e+00	0.000000000000e+00	0.000000000000e+00	0.000000000000e+00	0.000000000000e+00	0.000000000000e+00	0.000000000000e+00	0.000000000000e+00	0.000000000000e+00
3.890000000000e+00	0.000000000000e+00	0.000000000000e+00	0.000000000000e+00	0.000000000000e+00	0.000000000000e+00	0.000000000000e+00	0.000000000000e+00	0.000000000000e+00	0.000000000000e+00	0.000000000000e+00
3.891250000000e+00	0.000000000000e+00	0.000000000000e+00	0.000000000000e+00	0.000000000000e+00	0.000000000000e+00	0.000000000000e+00	0.000000000000e+00	0.000000000000e+00	0.000000000000e+00	0.000000000000e+00
3.892500000000e+00	0.000000000000e+00	0.000000000000e+00	0.000000000000e+00	0.000000000000e+00	0.000000000000e+00	0.000000000000e+00	0.000000000000e+00	0.000000000000e+00	0.000000000000e+00	0.000000000000e+00
3.893750000000e+00	0.000000000000e+00	0.000000000000e+00	0.000000000000e+00	0.000000000000e+00	0.000000000000e+00	0.000000000000e+00	0.000000000000e+00	0.000000000000e+00	0.000000000000e+00	0.000000000000e+00
3.895000000000e+00	0.000000000000e+00	0.000000000000e+00	0.000000000000e+00	0.000000000000e+00	0.000000000000e+00	0.000000000000e+00	0.000000000000e+00	0.000000000000e+00	0.000000000000e+00	0.000000000000e+00
3.896250000000e+00	0.000000000000e+00	0.000000000000e+00	0.000000000000e+00	0.000000000000e+00	0.000000000000e+00	0.000000000000e+00	0.000000000000e+00	0.000000000000e+00	0.000000000000e+00	0.000000000000e+00
3.897500000000e+00	0.000000000000e+00	0.000000000000e+00	0.000000000000e+00	0.000000000000e+00	0.000000000000e+00	0.000000000000e+00	0.000000000000e+00	0.000000000000e+00	0.000000000000e+00	0.000000000000e+00
3.898750000000e+00	0.000000000000e+00	0.000000000000e+00	0.000000000000e+00	0.000000000000e+00	0.000000000000e+00	0.000000000000e+00	0.000000000000e+00	0.000000000000e+00	0.000000000000e+00	0.000000000000e+00
3.900000000000e+00	0.000000000000e+00	0.000000000000e+00	0.000000000000e+00	0.000000000000e+00	0.000000000000e+00	0.000000000000e+00	0.000000000000e+00	0.000000000000e+00	0.000000000000e+00	0.000000000000e+00
3.901250000000e+00	0.000000000000e+00	0.000000000000e+00	0.000000000000e+00	0.000000000000e+00	0.000000000000e+00	0.000000000000e+00	0.000000000000e+00	0.000000000000e+00	0.000000000000e+00	0.000000000000e+00
3.902500000000e+00	0.000000000000e+00	0.000000000000e+00	0.000000000000e+00	0.000000000000e+00	0.000000000000e+00	0.000000000000e+00	0.000000000000e+00	0.000000000000e+00	0.000000000000e+00	0.000000000000e+00
3.903750000000e+00	0.000000000000e+00	0.000000000000e+00	0.000000000000e+00	0.000000000000e+00	0.000000000000e+00	0.000000000000e+00	0.000000000000e+00	0.000000000000e+00	0.000000000000e+00	0.000000000000e+00
3.905000000000e+00	0.000000000000e+00	0.000000000000e+00	0.000000000000e+00	0.000000000000e+00	0.000000000000e+00	0.000000000000e+00	0.000000000000e+00	0.000000000000e+00	0.000000000000e+00	0.000000000000e+00
3.906250000000e+00	0.000000000000e+00	0.000000000000e+00	0.000000000000e+00	0.000000000000e+00	0.000000000000e+00	0.000000000000e+00	0.000000000000e+00	0.000000000000e+00	0.000000000000e+00	0.000000000000e+00
3.907500000000e+00	0.000000000000e+00	0.000000000000e+00	0.000000000000e+00	0.000000000000e+00	0.000000000000e+00	0.000000000000e+00	0.000000000000e+00	0.000000000000e+00	0.000000000000e+00	0.000000000000e+00
3.908750000000e+00	0.000000000000e+00	0.000000000000e+00	0.000000000000e+00	0.000000000000e+00	0.000000000000e+00	0.000000000000e+00	0.000000000000e+00	0.000000000000e+00	0.000000000000e+00	0.000000000000e+00
3.910000000000e+00	0.000000000000e+00	0.000000000000e+00	0.000000000000e+00	0.000000000000e+00	0.000000000000e+00	0.000000000000e+00	0.000000000000e+00	0.000000000000e+00	0.000000000000e+00	0.000000000000e+00
3.911250000000e+00	0.000000000000e+00	0.000000000000e+00	0.000000000000e+00	0.000000000000e+00	0.000000000000e+00	0.000000000000e+00	0.000000000000e+00	0.000000000000e+00	0.000000000000e+00	0.000000000000e+00
3.912500000000e+00	0.000000000000e+00	0.000000000000e+00	0.000000000000e+00	0.000000000000e+00	0.000000000000e+00	0.000000000000e+00	0.000000000000e+00	0.000000000000e+00	0.000000000000e+00	0.000000000000e+00
3.913750000000e+00	0.000000000000e+00	0.000000000000e+00	0.000000000000e+00	0.000000000000e+00	0.000000000000e+00	0.000000000000e+00	0.000000000000e+00	0.000000000000e+00	0.000000000000e+00	0.000000000000e+00
3.915000000000e+00	0.000000000000e+00	0.000000000000e+00	0.000000000000e+00	0.000000000000e+00	0.000000000000e+00	0.000000000000e+00	0.000000000000e+00	0.000000000000e+00	0.000000000000e+00	0.000000000000e+00
3.916250000000e+00	0.000000000000e+00	0.000000000000e+00	0.000000000000e+00	0.000000000000e+00	0.000000000000e+00	0.000000000000e+00	0.000000000000e+00	0.000000000000e+00	0.000000000000e+00	0.000000000000e+00
3.917500000000e+00	0.000000000000e+00	0.000000000000e+00	0.000000000000e+00	0.000000000000e+00	0.000000000000e+00	0.000000000000e+00	0.000000000000e+00	0.000000000000e+00	0.000000000000e+00	0.000000000000e+00
3.918750000000e+00	0.000000000000e+00	0.000000000000e+00	0.000000000000e+00	0.000000000000e+00	0.000000000000e+00	0.000000000000e+00	0.000000000000e+00	0.000000000000e+00	0.000000000000e+00	0.000000000000e+00
3.920000000000e+00	0.000000000000e+00	0.000000000000e+00	0.000000000000e+00	0.000000000000e+00	0.000000000000e+00	0.000000000000e+00	0.000000000000e+00	0.000000000000e+00	0.000000000000e+00	0.000000000000e+00
3.921250000000e+00	0.000000000000e+00	0.000000000000e+00	0.000000000000e+00	0.000000000000e+00	0.000000000000e+00	0.000000000000e+00	0.000000000000e+00	0.000000000000e+00	0.000000000000e+00	0.000000000000e+00
3.922500000000e+00	0.000000000000e+00	0.000000000000e+00	0.000000000000e+00	0.000000000000e+00	0.000000000000e+00	0.000000000000e+00	0.000000000000e+00	0.000000000000e+00	0.000000000000e+00	0.000000000000e+00
3.923750000000e+00	0.000000000000e+00	0.000000000000e+00	0.000000000000e+00	0.000000000000e+00	0.000000000000e+00	0.000000000000e+00	0.000000000000e+00	0.000000000000e+00	0.000000000000e+00	0.000000000000e+00
3.925000000000e+00	0.000000000000e+00	0.000000000000e+00	0.000000000000e+00	0.000000000000e+00	0.000000000000e+00	0.000000000000e+00	0.000000000000e+00	0.000000000000e+00	0.000000000000e+00	0.000000000000e+00
3.926250000000e+00	0.000000000000e+00	0.000000000000e+00	0.000000000000e+00	0.000000000000e+00	0.000000000000e+00	0.000000000000e+00	0.000000000000e+00	0.000000000000e+00	0.000000000000e+00	0.000000000000e+00
3.927500000000e+00	0.000000000000e+00	0.000000000000e+00	0.000000000000e+00	0.000000000000e+00	0.000000000000e+00	0.000000000000e+00	0.000000000000e+00	0.000000000000e+00	0.000000000000e+00	0.000000000000e+00
3.928750000000e+00	0.000000000000e+00	0.000000000000e+00	0.000000000000e+00	0.000000000000e+00	0.000000000000e+00	0.000000000000e+00	0.000000000000e+00	0.000000000000e+00	0.000000000000e+00	0.000000000000e+00
3.930000000000e+00	0.000000000000e+00	0.000000000000e+00	0.000000000000e+00	0.000000000000e+00	0.000000000000e+00	0.000000000000e+00	0.000000000000e+00	0.000000000000e+00	0.000000000000e+00	0.000000000000e+00
3.931250000000e+00	0.000000000000e+00	0.000000000000e+00	0.000000000000e+00	0.000000000000e+00	0.000000000000e+00	0.000000000000e+00	0.000000000000e+00	0.000000000000e+00	0.000000000000e+00	0.000000000000e+00
3.932500000000e+00	0.000000000000e+00	0.000000000000e+00	0.000000000000e+00	0.000000000000e+00	0.000000000000e+00	0.000000000000e+00	0.000000000000e+00	0.000000000000e+00	0.000000000000e+00	0.000000000000e+00
3.933750000000e+00	0.000000000000e+00	0.000000000000e+00	0.000000000000e+00	0.000000000000e+00	0.000000000000e+00	0.000000000000e+00	0.000000000000e+00	0.000000000000e+00	0.000000000000e+00	0.000000000000e+00
3.935000000000e+00	0.000000000000e+00	0.000000000000e+00	0.000000000000e+00	0.000000000000e+00	0.000000000000e+00	0.000000000000e+00	0.000000000000e+00	0.000000000000e+00	0.000000000000e+00	0.000000000000e+00
3.936250000000e+00	0.000000000000e+00	0.000000000000e+00	0.000000000000e+00	0.000000000000e+00	0.000000000000e+00	0.000000000000e+00	0.000000000000e+00	0.000000000000e+00	0.000000000000e+00	0.000000000000e+00
3.937500000000e+00	0.000000000000e+00	0.000000000000e+00	0.000000000000e+00	0.000000000000e+00	0.000000000000e+00	0.000000000000e+00	0.000000000000e+00	0.000000000000e+00	0.000000000000e+00	0.000000000000e+00
3.938750000000e+00	0.000000000000e+00	0.000000000000e+00	0.000000000000e+00	0.000000000000e+00	0.000000000000e+00	0.000000000000e+00	0.000000000000e+00	0.000000000000e+00	0.000000000000e+00	0.000000000000e+00
3.940000000000e+00	0.000000000000e+00	0.000000000000e+00	0.000000000000e+00	0.000000000000e+00	0.000000000000e+00	0.000000000000e+00	0.000000000000e+00	0.000000000000e+00	0.000000000000e+00	0.000000000000e+00
3.941250000000e+00	0.000000000000e+00	0.000000000000e+00	0.000000000000e+00	0.000000000000e+00	0.000000000000e+00	0.000000000000e+00	0.000000000000e+00	0.000000000000e+00	0.000000000000e+00	0.000000000000e+00
3.942500000000e+00	0.000000000000e+00	0.000000000000e+00	0.000000000000e+00	0.000000000000e+00	0.000000000000e+00	0.000000000000e+00	0.000000000000e+00	0.000000000000e+00	0.000000000000e+00	0.000000000000e+00
3.943750000000e+00	0.000000000000e+00	0.000000000000e+00	0.000000000000e+00	0.000000000000e+00	0.000000000000e+00	0.000000000000e+00	0.000000000000e+00	0.000000000000e+00	0.000000000000e+00	0.000000000000e+00
3.945000000000e+00	0.000000000000e+00	0.000000000000e+00	0.000000000000e+00	0.000000000000e+00	0.000000000000e+00	0.000000000000e+00	0.000000000000e+00	0.000000000000e+00	0.000000000000e+00	0.000000000000e+00
3.946250000000e+00	0.000000000000e+00	0.000000000000e+00	0.000000000000e+00	0.000000000000e+00	0.000000000000e+00	0.000000000000e+00	0.000000000000e+00	0.000000000000e+00	0.000000000000e+00	0.000000000000e+00
3.947500000000e+00	0.000000000000e+00	0.000000000000e+00	0.000000000000e+00	0.000000000000e+00	0.000000000000e+00	0.000000000000e+00	0.000000000000e+00	0.000000000000e+00	0.000000000000e+00	0.000000000000e+00
3.948750000000e+00	0.000000000000e+00	0.000000000000e+00	0.000000000000e+00	0.000000000000e+00	0.000000000000e+00	0.000000000000e+00	0.000000000000e+00	0.000000000000e+00	0.000000000000e+00	0.000000000000e+00
3.950000000000e+00	0.000000000000e+00	0.000000000000e+00	0.000000000000e+00	0.000000000000e+00	0.000000000000e+00	0.000000000000e+00	0.000000000000e+00	0.000000000000e+00	0.000000000000e+00	0.000000000000e+00
3.951250000000e+00	0.000000000000e+00	0.000000000000e+00	0.000000000000e+00	0.000000000000e+00	0.000000000000e+00	0.000000000000e+00	0.000000000000e+00	0.000000000000e+00	0.000000000000e+00	0.000000000000e+00
3.952500000000e+00	0.000000000000e+00	0.000000000000e+00	0.000000000000e+00	0.000000000000e+00	0.000000000000e+00	0.000000000000e+00	0.000000000000e+00	0.000000000000e+00	0.000000000000e+00	0.000000000000e+00
3.953750000000e+00	0.000000000000e+00	0.000000000000e+00	0.000000000000e+00	0.000000000000e+00	0.000000000000e+00	0.000000000000e+00	0.000000000000e+00	0.000000000000e+00	0.000000000000e+00	0.000000000000e+00
3.955000000000e+00	0.000000000000e+00	0.000000000000e+00	0.000000000000e+00	0.000000000000e+00	0.000000000000e+00	0.000000000000e+00	0.000000000000e+00	0.000000000000e+00	0.000000000000e+00	0.000000000000e+00
3.956250000000e+00	0.000000000000e+00	0.000000000000e+00	0.000000000000e+00	0.000000000000e+00	0.000000000000e+00	0.000000000000e+00	0.000000000000e+00	0.000000000000e+00	0.000000000000e+00	0.000000000000e+00
3.957500000000e+00	0.000000000000e+00	0.000000000000e+00	0.000000000000e+00	0.000000000000e+00	0.000000000000e+00	0.000000000000e+00	0.000000000000e+00	0.000000000000e+00	0.000000000000e+00	0.000000000000e+00
3.958750000000e+00	0.000000000000e+00	0.000000000000e+00	0.000000000000e+00	0.000000000000e+00	0.000000000000e+00	0.000000000000e+00	0.000000000000e+00	0.000000000000e+00	0.000000000000e+00	0.000000000000e+00
3.960000000000e+00	0.000000000000e+00	0.000000000000e+00	0.000000000000e+00	0.000000000000e+00	0.000000000000e+00	0.000000000000e+00	0.000000000000e+00	0.000000000000e+00	0.000000000000e+00	0.000000000000e+00
3.961250000000e+00	0.000000000000e+00	0.000000000000e+00	0.000000000000e+00	0.000000000000e+00	0.000000000000e+00	0.000000000000e+00	0.000000000000e+00	0.000000000000e+00	0.000000000000e+00	0.000000000000e+00
3.962500000000e+00	0.000000000000e+00	0.000000000000e+00	0.000000000000e+00	0.000000000000e+00	0.000000000000e+00	0.000000000000e+00	0.000000000000e+00	0.000000000000e+00	0.000000000000e+00	0.000000000000e+00
3.963750000000e+00	0.000000000000e+00	0.000000000000e+00	0.000000000000e+00	0.000000000000e+00	0.000000000000e+00	0.000000000000e+00	0.000000000000e+00	0.000000000000e+00	0.000000000000e+00	0.000000000000e+00
3.965000000000e+00	0.000000000000e+00	0.000000000000e+00	0.000000000000e+00	0.000000000000e+00	0.000000000000e+00	0.000000000000e+00	0.000000000000e+00	0.000000000000e+00	0.000000000000e+00	0.000000000000e+00
3.966250000000e+00	0.000000000000e+00	0.000000000000e+00	0.000000000000e+00	0.000000000000e+00	0.000000000000e+00	0.000000000000e+00	0.000000000000e+00	0.000000000000e+00	0.000000000000e+00	0.000000000000e+00
3.967500000000e+00	0.000000000000e+00	0.000000000000e+00	0.000000000000e+00	0.000000000000e+00	0.000000000000e+00	0.000000000000e+00	0.000000000000e+00	0.000000000000e+00	0.000000000000e+00	0.000000000000e+00
3.968750000000e+00	0.000000000000e+00	0.000000000000e+00	0.000000000000e+00	0.000000000000e+00	0.000000000000e+00	0.000000000000e+00	0.000000000000e+00	0.000000000000e+00	0.000000000000e+00	0.000000000000e+00
3.970000000000e+00	0.000000000000e+00	0.000000000000e+00	0.000000000000e+00	0.000000000000e+00	0.000000000000e+00	0.000000000000e+00	0.000000000000e+00	0.000000000000e+00	0.000000000000e+00	0.000000000000e+00
3.971250000000e+00	0.000000000000e+00	0.000000000000e+00	0.000000000000e+00	0.000000000000e+00	0.000000000000e+00	0.000000000000e+00	0.000000000000e+00	0.000000000000e+00	0.000000000000e+00	0.000000000000e+00
3.972500000000e+00	0.000000000000e+00	0.000000000000e+00	0.000000000000e+00	0.000000000000e+00	0.000000000000e+00	0.000000000000e+00	0.000000000000e+00	0.000000000000e+00	0.000000000000e+00	0.000000000000e+00
3.973750000000e+00	0.000000000000e+00	0.000000000000e+00	0.000000000000e+00	0.000000000000e+00	0.000000000000e+00	0.000000000000e+00	0.000000000000e+00	0.000000000000e+00	0.000000000000e+00	0.000000000000e+00
3.975000000000e+00	0.000000000000e+00	0.000000000000e+00	0.000000000000e+00	0.000000000000e+00	0.000000000000e+00	0.000000000000e+00	0.000000000000e+00	0.000000000000e+00	0.000000000000e+00	0.000000000000e+00
3.976250000000e+00	0.000000000000e+00	0.000000000000e+00	0.000000000000e+00	0.000000000000e+00	0.000000000000e+00	0.000000000000e+00	0.000000000000e+00	0.000000000000e+00	0.000000000000e+00	0.000000000000e+00
3.977500000000e+00	0.000000000000e+00	0.000000000000e+00	0.000000000000e+00	0.000000000000e+00	0.000000000000e+00	0.000000000000e+00	0.000000000000e+00	0.000000000000e+00	0.000000000000e+00	0.000000000000e+00
3.978750000000e+00	0.000000000000e+00	0.000000000000e+00	0.000000000000e+00	0.000000000000e+00	0.000000000000e+00	0.000000000000e+00	0.000000000000e+00	0.000000000000e+00	0.000000000000e+00	0.000000000000e+00
3.980000000000e+00	0.000000000000e+00	0.000000000000e+00	0.000000000000e+00	0.000000000000e+00	0.000000000000e+00	0.000000000000e+00	0.000000000000e+00	0.000000000000e+00	0.000000000000e+00	0.000000000000e+00
3.981250000000e+00	0.000000000000e+00	0.000000000000e+00	0.000000000000e+00	0.000000000000e+00	0.000000000000e+00	0.000000000000e+00	0.000000000000e+00	0.000000000000e+00	0.000000000000e+00	0.000000000000e+00
3.982500000000e+00	0.000000000000e+00	0.000000000000e+00	0.000000000000e+00	0.000000000000e+00	0.000000000000e+00	0.000000000000e+00	0.000000000000e+00	0.000000000000e+00	0.000000000000e+00	0.000000000000e+00
3.983750000000e+00	0.000000000000e+00	0.000000000000e+00	0.000000000000e+00	0.000000000000e+00	0.000000000000e+00	0.000000000000e+00	0.000000000000e+00	0.000000000000e+00	0.000000000000e+00	0.000000000000e+00
3.985000000000e+00	0.000000000000e+00	0.000000000000e+00	0.000000000000e+00	0.000000000000e+00	0.000000000000e+00	0.000000000000e+00	0.000000000000e+00	0.000000000000e+00	0.000000000000e+00	0.000000000000e+00
3.986250000000e+00	0.000000000000e+00	0.000000000000e+00	0.000000000000e+00	0.000000000000e+00	0.000000000000e+00	0.000000000000e+00	0.000000000000e+00	0.000000000000e+00	0.000000000000e+00	0.000000000000e+00
3.987500000000e+00	0.000000000000e+00	0.000000000000e+00	0.000000000000e+00	0.000000000000e+00	0.000000000000e+00	0.000000000000e+00	0.000000000000e+00	0.000000000000e+00	0.000000000000e+00	0.000000000000e+00
3.988750000000e+00	0.000000000000e+00	0.000000000000e+00	0.000000000000e+00	0.000000000000e+00	0.000000000000e+00	0.000000000000e+00	0.000000000000e+00	0.000000000000e+00	0.000000000000e+00	0.000000000000e+00
3.990000000000e+00	0.000000000000e+00	0.000000000000e+00	0.000000000000e+00	0.000000000000e+00	0.000000000000e+00	0.000000000000e+00	0.000000000000e+00	0.000000000000e+00	0.000000000000e+00	0.000000000000e+00
3.991250000000e+00	0.000000000000e+00	0.000000000000e+00	0.000000000000e+00	0.000000000000e+00	0.000000000000e+00	0.000000000000e+00	0.000000000000e+00	0.000000000000e+00	0.000000000000e+00	0.000000000000e+00
3.992500000000e+00	0.000000000000e+00	0.000000000000e+00	0.000000000000e+00	0.000000000000e+00	0.000000000000e+00	0.000000000000e+00	0.000000000000e+00	0.000000000000e+00	0.000000000000e+00	0.000000000000e+00
3.993750000000e+00	0.000000000000e+00	0.000000000000e+00	0.000000000000e+00	0.000000000000e+00	0.000000000000e+00	0.000000000000e+00	0.000000000000e+00	0.000000000000e+00	0.000000000000e+00	0.000000000000e+00
3.995000000000e+00	0.000000000000e+00	0.000000000000e+00	0.000000000000e+00	0.000000000000e+00	0.000000000000e+00	0.000000000000e+00	0.000000000000e+00	0.000000000000e+00	0.000000000000e+00	0.000000000000e+00
3.996250000000e+00	0.000000000000e+00	0.000000000000e+00	0.000000000000e+00	0.000000000000e+00	0.000000000000e+00	0.000000000000e+00	0.000000000000e+00	0.000000000000e+00	0.000000000000e+00	0.000000000000e+00
3.997500000000e+00	0.000000000000e+00	0.000000000000e+00	0.000000000000e+00	0.000000000000e+00	0.000000000000e+00	0.000000000000e+00	0.000000000000e+00	0.000000000000e+00	0.000000000000e+00	0.000000000000e+00
3.998750000000e+00	0.000000000000e+00	0.000000000000e+00	0.000000000000e+00	0.000000000000e+00	0.000000000000e+00	0.000000000000e+00	0.000000000000e+00	0.000000000000e+00	0.000000000000e+00	0.000000000000e+00
4.000000000000e+00	0.000000000000e+00	0.000000000000e+00	0.000000000000e+00	0.000000000000e+00	0.000000000000e+00	0.000000000000e+00	0.000000000000e+00	0.000000000000e+00	0.000000000000e+00	0.000000000000e+00
4.001250000000e+00	0.000000000000e+00	0.000000000000e+00	0.000000000000e+00	0.000000000000e+00	0.000000000000e+00	0.000000000000e+00	0.000000000000e+00	0.000000000000e+00	0.000000000000e+00	0.000000000000e+00
4.002500000000e+00	0.000000000000e+00	0.000000000000e+00	0.000000000000e+00	0.000000000000e+00	0.000000000000e+00	0.000000000000e+00	0.000000000000e+00	0.000000000000e+00	0.000000000000e+00	0.000000000000e+00
4.003750000000e+00	0.000000000000e+00	0.000000000000e+00	0.000000000000e+00	0.000000000000e+00	0.000000000000e+00	0.000000000000e+00	0.000000000000e+00	0.000000000000e+00	0.000000000000e+00	0.000000000000e+00
4.005000000000e+00	0.000000000000e+00	0.000000000000e+00	0.000000000000e+00	0.000000000000e+00	0.000000000000e+00	0.000000000000e+00	0.000000000000e+00	0.000000000000e+00	0.000000000000e+00	0.000000000000e+00
4.006250000000e+00	0.000000000000e+00	0.000000000000e+00	0.000000000000e+00	0.000000000000e+00	0.000000000000e+00	0.000000000000e+00	0.000000000000e+00	0.000000000000e+00	0.000000000000e+00	0.000000000000e+00
4.007500000000e+00	0.000000000000e+00	0.000000000000e+00	0.000000000000e+00	0.000000000000e+00	0.000000000000e+00	0.000000000000e+00	0.000000000000e+00	0.000000000000e+00	0.000000000000e+00	0.000000000000e+00
4.008750000000e+00	0.000000000000e+00	0.000000000000e+00	0.000000000000e+00	0.000000000000e+00	0.000000000000e+00	0.000000000000e+00	0.000000000000e+00	0.000000000000e+00	0.000000000000e+00	0.000000000000e+00
4.010000000000e+00	0.000000000000e+00	0.000000000000e+00	0.000000000000e+00	0.000000000000e+00	0.000000000000e+00	0.000000000000e+00	0.000000000000e+00	0.000000000000e+00	0.000000000000e+00	0.000000000000e+00
4.011250000000e+00	0.000000000000e+00	0.000000000000e+00	0.000000000000e+00	0.000000000000e+00	0.000000000000e+00	0.000000000000e+00	0.000000000000e+00	0.000000000000e+00	0.000000000000e+00	0.000000000000e+00
4.012500000000e+00	0.000000000000e+00	0.000000000000e+00	0.000000000000e+00	0.000000000000e+00	0.000000000000e+00	0.000000000000e+00	0.000000000000e+00	0.000000000000e+00	0.000000000000e+00	0.000000000000e+00
4.013750000000e+00	0.000000000000e+00	0.000000000000e+00	0.000000000000e+00	0.000000000000e+00	0.000000000000e+00	0.000000000000e+00	0.000000000000e+00	0.000000000000e+00	0.000000000000e+00	0.000000000000e+00
4.015000000000e+00	0.000000000000e+00	0.000000000000e+00	0.000000000000e+00	0.000000000000e+00	0.000000000000e+00	0.000000000000e+00	0.000000000000e+00	0.000000000000e+00	0.000000000000e+00	0.000000000000e+00
4.016250000000e+00	0.000000000000e+00	0.000000000000e+00	0.000000000000e+00	0.000000000000e+00	0.000000000000e+00	0.000000000000e+00	0.000000000000e+00	0.000000000000e+00	0.000000000000e+00	0.000000000000e+00
4.017500000000e+00	0.000000000000e+00	0.000000000000e+00	0.000000000000e+00	0.000000000000e+00	0.000000000000e+00	0.000000000000e+00	0.000000000000e+00	0.000000000000e+00	0.000000000000e+00	0.000000000000e+00
4.018750000000e+00	0.000000000000e+00	0.000000000000e+00	0.000000000000e+00	0.000000000000e+00	0.000000000000e+00	0.000000000000e+00	0.000000000000e+00	0.000000000000e+00	0.000000000000e+00	0.000000000000e+00
4.020000000000e+00	0.000000000000e+00	0.000000000000e+00	0.000000000000e+00	0.000000000000e+00	0.000000000000e+00	0.000000000000e+00	0.000000000000e+00	0.000000000000e+00	0.000000000000e+00	0.000000000000e+00
4.021250000000e+00	0.000000000000e+00	0.000000000000e+00	0.000000000000e+00	0.000000000000e+00	0.000000000000e+00	0.000000000000e+00	0.000000000000e+00	0.000000000000e+00	0.000000000000e+00	0.000000000000e+00
4.022500000000e+00	0.000000000000e+00	0.000000000000e+00	0.000000000000e+00	0.000000000000e+00	0.000000000000e+00	0.000000000000e+00	0.000000000000e+00	0.000000000000e+00	0.000000000000e+00	0.000000000000e+00
4.023750000000e+00	0.000000000000e+00	0.000000000000e+00	0.000000000000e+00	0.000000000000e+00	0.000000000000e+00	0.000000000000e+00	0.000000000000e+00	0.000000000000e+00	0.000000000000e+00	0.000000000000e+00
4.025000000000e+00	0.000000000000e+00	0.000000000000e+00	0.000000000000e+00	0.000000000000e+00	0.000000000000e+00	0.000000000000e+00	0.000000000000e+00	0.000000000000e+00	0.000000000000e+00	0.000000000000e+00
4.026250000000e+00	0.000000000000e+00	0.000000000000e+00	0.000000000000e+00	0.000000000000e+00	0.000000000000e+00	0.000000000000e+00	0.000000000000e+00	0.000000000000e+00	0.000000000000e+00	0.000000000000e+00
4.027500000000e+00	0.000000000000e+00	0.000000000000e+00	0.000000000000e+00	0.000000000000e+00	0.000000000000e+00	0.000000000000e+00	0.000000000000e+00	0.000000000000e+00	0.000000000000e+00	0.000000000000e+00
4.028750000000e+00	0.000000000000e+00	0.000000000000e+00	0.000000000000e+00	0.000000000000e+00	0.000000000000e+00	0.000000000000e+00	0.000000000000e+00	0.000000000000e+00	0.000000000000e+00	0.000000000000e+00
4.030000000000e+00	0.000000000000e+00	0.000000000000e+00	0.000000000000e+00	0.000000000000e+00	0.000000000000e+00	0.000000000000e+00	0.000000000000e+00	0.000000000000e+00	0.000000000000e+00	0.000000000000e+00
4.031250000000e+00	0.000000000000e+00	0.000000000000e+00	0.000000000000e+00	0.000000000000e+00	0.000000000000e+00	0.000000000000e+00	0.000000000000e+00	0.000000000000e+00	0.000000000000e+00	0.000000000000e+00
4.032500000000e+00	0.000000000000e+00	0.000000000000e+00	0.000000000000e+00	0.000000000000e+00	0.000000000000e+00	0.000000000000e+00	0.000000000000e+00	0.000000000000e+00	0.000000000000e+00	0.000000000000e+00
4.033750000000e+00	0.000000000000e+00	0.000000000000e+00	0.000000000000e+00	0.000000000000e+00	0.000000000000e+00	0.000000000000e+00	0.000000000000e+00	0.000000000000e+00	0.000000000000e+00	0.000000000000e+00
4.035000000000e+00	0.000000000000e+00	0.000000000000e+00	0.000000000000e+00	0.000000000000e+00	0.000000000000e+00	0.000000000000e+00	0.000000000000e+00	0.000000000000e+00	0.000000000000e+00	0.000000000000e+00
4.036250000000e+00	0.000000000000e+00	0.000000000000e+00	0.000000000000e+00	0.000000000000e+00	0.000000000000e+00	0.000000000000e+00	0.000000000000e+00	0.000000000000e+00	0.000000000000e+00	0.000000000000e+00
4.037500000000e+00	0.000000000000e+00	0.000000000000e+00	0.000000000000e+00	0.000000000000e+00	0.000000000000e+00	0.000000000000e+00	0.000000000000e+00	0.000000000000e+00	0.000000000000e+00	0.000000000000e+00
4.038750000000e+00	0.000000000000e+00	0.000000000000e+00	0.000000000000e+00	0.000000000000e+00	0.000000000000e+00	0.000000000000e+00	0.000000000000e+00	0.000000000000e+00	0.000000000000e+00	0.000000000000e+00
4.040000000000e+00	0.000000000000e+00	0.000000000000e+00	0.000000000000e+00	0.000000000000e+00	0.000000000000e+00	0.000000000000e+00	0.000000000000e+00	0.000000000000e+00	0.000000000000e+00	0.000000000000e+00
4.041250000000e+00	0.000000000000e+00	0.000000000000e+00	0.000000000000e+00	0.000000000000e+00	0.000000000000e+00	0.000000000000e+00	0.000000000000e+00	0.000000000000e+00	0.000000000000e+00	0.000000000000e+00
4.042500000000e+00	0.000000000000e+00	0.000000000000e+00	0.000000000000e+00	0.000000000000e+00	0.000000000000e+00	0.000000000000e+00	0.000000000000e+00	0.000000000000e+00	0.000000000000e+00	0.000000000000e+00
4.043750000000e+00	0.000000000000e+00	0.000000000000e+00	0.000000000000e+00	0.000000000000e+00	0.000000000000e+00	0.000000000000e+00	0.000000000000e+00	0.000000000000e+00	0.000000000000e+00	0.000000000000e+00
4.045000000000e+00	0.000000000000e+00	0.000000000000e+00	0.000000000000e+00	0.000000000000e+00	0.000000000000e+00	0.000000000000e+00	0.000000000000e+00	0.000000000000e+00	0.000000000000e+00	0.000000000000e+00
4.046250000000e+00	0.000000000000e+00	0.000000000000e+00	0.000000000000e+00	0.000000000000e+00	0.000000000000e+00	0.000000000000e+00	0.000000000000e+00	0.000000000000e+00	0.000000000000e+00	0.000000000000e+00
4.047500000000e+00	0.000000000000e+00	0.000000000000e+00	0.000000000000e+00	0.000000000000e+00	0.000000000000e+00	0.000000000000e+00	0.000000000000e+00	0.000000000000e+00	0.000000000000e+00	0.000000000000e+00
4.048750000000e+00	0.000000000000e+00	0.000000000000e+00	0.000000000000e+00	0.000000000000e+00	0.000000000000e+00	0.000000000000e+00	0.000000000000e+00	0.000000000000e+00	0.000000000000e+00	0.000000000000e+00
4.050000000000e+00	0.000000000000e+00	0.000000000000e+00	0.000000000000e+00	0.000000000000e+00	0.000000000000e+00	0.000000000000e+00	0.000000000000e+00	0.000000000000e+00	0.000000000000e+00	0.000000000000e+00
4.051250000000e+00	0.000000000000e+00	0.000000000000e+00	0.000000000000e+00	0.000000000000e+00	0.000000000000e+00	0.000000000000e+00	0.000000000000e+00	0.000000000000e+00	0.000000000000e+00	0.000000000000e+00
4.052500000000e+00	0.000000000000e+00	0.000000000000e+00	0.000000000000e+00	0.000000000000e+00	0.000000000000e+00	0.000000000000e+00	0.000000000000e+00	0.000000000000e+00	0.000000000000e+00	0.000000000000e+00
4.053750000000e+00	0.000000000000e+00	0.000000000000e+00	0.000000000000e+00	0.000000000000e+00	0.000000000000e+00	0.000000000000e+00	0.000000000000e+00	0.000000000000e+00	0.000000000000e+00	0.000000000000e+00
4.055000000000e+00	0.000000000000e+00	0.000000000000e+00	0.000000000000e+00	0.000000000000e+00	0.000000000000e+00	0.000000000000e+00	0.000000000000e+00	0.000000000000e+00	0.000000000000e+00	0.000000000000e+00
4.056250000000e+00	0.000000000000e+00	0.000000000000e+00	0.000000000000e+00	0.000000000000e+00	0.000000000000e+00	0.000000000000e+00	0.000000000000e+00	0.000000000000e+00	0.000000000000e+00	0.000000000000e+00
4.057500000000e+00	0.000000000000e+00	0.000000000000e+00	0.000000000000e+00	0.000000000000e+00	0.000000000000e+00	0.000000000000e+00	0.000000000000e+00	0.000000000000e+00	0.000000000000e+00	0.000000000000e+00
4.058750000000e+00	0.000000000000e+00	0.000000000000e+00	0.000000000000e+00	0.000000000000e+00	0.000000000000e+00	0.000000000000e+00	0.000000000000e+00	0.000000000000e+00	0.000000000000e+00	0.000000000000e+00
4.060000000000e+00	0.000000000000e+00	0.000000000000e+00	0.000000000000e+00	0.000000000000e+00	0.000000000000e+00	0.000000000000e+00	0.000000000000e+00	0.000000000000e+00	0.000000000000e+00	0.000000000000e+00
4.061250000000e+00	0.000000000000e+00	0.000000000000e+00	0.000000000000e+00	0.000000000000e+00	0.000000000000e+00	0.000000000000e+00	0.000000000000e+00	0.000000000000e+00	0.000000000000e+00	0.000000000000e+00
4.062500000000e+00	0.000000000000e+00	0.000000000000e+00	0.000000000000e+00	0.000000000000e+00	0.000000000000e+00	0.000000000000e+00	0.000000000000e+00	0.000000000000e+00	0.000000000000e+00	0.000000000000e+00
4.063750000000e+00	0.000000000000e+00	0.000000000000e+00	0.000000000000e+00	0.000000000000e+00	0.000000000000e+00	0.000000000000e+00	0.000000000000e+00	0.000000000000e+00	0.000000000000e+00	0.000000000000e+00
4.065000000000e+00	0.000000000000e+00	0.000000000000e+00	0.000000000000e+00	0.000000000000e+00	0.000000000000e+00	0.000000000000e+00	0.000000000000e+00	0.000000000000e+00	0.000000000000e+00	0.000000000000e+00
4.066250000000e+00	0.000000000000e+00	0.000000000000e+00	0.000000000000e+00	0.000000000000e+00	0.000000000000e+00	0.000000000000e+00	0.000000000000e+00	0.000000000000e+00	0.000000000000e+00	0.000000000000e+00
4.067500000000e+00	0.000000000000e+00	0.000000000000e+00	0.000000000000e+00	0.000000000000e+00	0.000000000000e+00	0.000000000000e+00	0.000000000000e+00	0.000000000000e+00	0.000000000000e+00	0.000000000000e+00
4.068750000000e+00	0.000000000000e+00	0.000000000000e+00	0.000000000000e+00	0.000000000000e+00	0.000000000000e+00	0.000000000000e+00	0.000000000000e+00	0.000000000000e+00	0.000000000000e+00	0.000000000000e+00
4.070000000000e+00	0.000000000000e+00	0.000000000000e+00	0.000000000000e+00	0.000000000000e+00	0.000000000000e+00	0.000000000000e+00	0.000000000000e+00	0.000000000000e+00	0.000000000000e+00	0.000000000000e+00
4.071250000000e+00	0.000000000000e+00	0.000000000000e+00	0.000000000000e+00	0.000000000000e+00	0.000000000000e+00	0.000000000000e+00	0.000000000000e+00	0.000000000000e+00	0.000000000000e+00	0.000000000000e+00
4.072500000000e+00	0.000000000000e+00	0.000000000000e+00	0.000000000000e+00	0.000000000000e+00	0.000000000000e+00	0.000000000000e+00	0.000000000000e+00	0.000000000000e+00	0.000000000000e+00	0.000000000000e+00
4.073750000000e+00	0.000000000000e+00	0.000000000000e+00	0.000000000000e+00	0.000000000000e+00	0.000000000000e+00	0.000000000000e+00	0.000000000000e+00	0.000000000000e+00	0.000000000000e+00	0.000000000000e+00
4.075000000000e+00	0.000000000000e+00	0.000000000000e+00	0.000000000000e+00	0.000000000000e+00	0.000000000000e+00	0.000000000000e+00	0.000000000000e+00	0.000000000000e+00	0.000000000000e+00	0.000000000000e+00
4.076250000000e+00	0.000000000000e+00	0.000000000000e+00	0.000000000000e+00	0.000000000000e+00	0.000000000000e+00	0.000000000000e+00	0.000000000000e+00	0.000000000000e+00	0.000000000000e+00	0.000000000000e+00
4.077500000000e+00	0.000000000000e+00	0.000000000000e+00	0.000000000000e+00	0.000000000000e+00	0.000000000000e+00	0.000000000000e+00	0.000000000000e+00	0.000000000000e+00	0.000000000000e+00	0.000000000000e+00
4.078750000000e+00	0.000000000000e+00	0.000000000000e+00	0.000000000000e+00	0.000000000000e+00	0.000000000000e+00	0.000000000000e+00	0.000000000000e+00	0.000000000000e+00	0.000000000000e+00	0.000000000000e+00
4.080000000000e+00	0.000000000000e+00	0.000000000000e+00	0.000000000000e+00	0.000000000000e+00	0.000000000000e+00	0.000000000000e+00	0.000000000000e+00	0.000000000000e+00	0.000000000000e+00	0.000000000000e+00
4.081250000000e+00	0.000000000000e+00	0.000000000000e+00	0.000000000000e+00	0.000000000000e+00	0.000000000000e+00	0.000000000000e+00	0.000000000000e+00	0.000000000000e+00	0.000000000000e+00	0.000000000000e+00
4.082500000000e+00	0.000000000000e+00	0.000000000000e+00	0.000000000000e+00	0.000000000000e+00	0.000000000000e+00	0.000000000000e+00	0.000000000000e+00	0.000000000000e+00	0.000000000000e+00	0.000000000000e+00
4.083750000000e+00	0.000000000000e+00	0.000000000000e+00	0.000000000000e+00	0.000000000000e+00	0.000000000000e+00	0.000000000000e+00	0.000000000000e+00	0.000000000000e+00	0.000000000000e+00	0.000000000000e+00
4.085000000000e+00	0.000000000000e+00	0.000000000000e+00	0.000000000000e+00	0.000000000000e+00	0.000000000000e+00	0.000000000000e+00	0.000000000000e+00	0.000000000000e+00	0.000000000000e+00	0.000000000000e+00
4.086250000000e+00	0.000000000000e+00	0.000000000000e+00	0.000000000000e+00	0.000000000000e+00	0.000000000000e+00	0.000000000000e+00	0.000000000000e+00	0.000000000000e+00	0.000000000000e+00	0.000000000000e+00
4.087500000000e+00	0.000000000000e+00	0.000000000000e+00	0.000000000000e+00	0.000000000000e+00	0.000000000000e+00	0.000000000000e+00	0.000000000000e+00	0.000000000000e+00	0.000000000000e+00	0.000000000000e+00
4.088750000000e+00	0.000000000000e+00	0.000000000000e+00	0.000000000000e+00	0.000000000000e+00	0.000000000000e+00	0.000000000000e+00	0.000000000000e+00	0.000000000000e+00	0.000000000000e+00	0.000000000000e+00
4.090000000000e+00	0.000000000000e+00	0.000000000000e+00	0.000000000000e+00	0.000000000000e+00	0.000000000000e+00	0.000000000000e+00	0.000000000000e+00	0.000000000000e+00	0.000000000000e+00	0.000000000000e+00
4.091250000000e+00	0.000000000000e+00	0.000000000000e+00	0.000000000000e+00	0.000000000000e+00	0.000000000000e+00	0.000000000000e+00	0.000000000000e+00	0.000000000000e+00	0.000000000000e+00	0.000000000000e+00
4.092500000000e+00	0.000000000000e+00	0.000000000000e+00	0.000000000000e+00	0.000000000000e+00	0.000000000000e+00	0.000000000000e+00	0.000000000000e+00	0.000000000000e+00	0.000000000000e+00	0.000000000000e+00
4.093750000000e+00	0.000000000000e+00	0.000000000000e+00	0.000000000000e+00	0.000000000000e+00	0.000000000000e+00	0.000000000000e+00	0.000000000000e+00	0.000000000000e+00	0.000000000000e+00	0.000000000000e+00
4.095000000000e+00	0.000000000000e+00	0.000000000000e+00	0.000000000000e+00	0.000000000000e+00	0.000000000000e+00	0.000000000000e+00	0.000000000000e+00	0.000000000000e+00	0.000000000000e+00	0.000000000000e+00
4.096250000000e+00	0.000000000000e+00	0.000000000000e+00	0.000000000000e+00	0.000000000000e+00	0.000000000000e+00	0.000000000000e+00	0.000000000000e+00	0.000000000000e+00	0.000000000000e+00	0.000000000000e+00
4.097500000000e+00	0.000000000000e+00	0.000000000000e+00	0.000000000000e+00	0.000000000000e+00	0.000000000000e+00	0.000000000000e+00	0.000000000000e+00	0.000000000000e+00	0.000000000000e+00	0.000000000000e+00
4.098750000000e+00	0.000000000000e+00	0.000000000000e+00	0.000000000000e+00	0.000000000000e+00	0.000000000000e+00	0.000000000000e+00	0.000000000000e+00	0.000000000000e+00	0.000000000000e+00	0.000000000000e+00
4.100000000000e+00	0.000000000000e+00	0.000000000000e+00	0.000000000000e+00	0.000000000000e+00	0.000000000000e+00	0.000000000000e+00	0.000000000000e+00	0.000000000000e+00	0.000000000000e+00	0.000000000000e+00
4.101250000000e+00	0.000000000000e+00	0.000000000000e+00	0.000000000000e+00	0.000000000000e+00	0.000000000000e+00	0.000000000000e+00	0.000000000000e+00	0.000000000000e+00	0.000000000000e+00	0.000000000000e+00
4.102500000000e+00	0.000000000000e+00	0.000000000000e+00	0.000000000000e+00	0.000000000000e+00	0.000000000000e+00	0.000000000000e+00	0.000000000000e+00	0.000000000000e+00	0.000000000000e+00	0.000000000000e+00
4.103750000000e+00	0.000000000000e+00	0.000000000000e+00	0.000000000000e+00	0.000000000000e+00	0.000000000000e+00	0.000000000000e+00	0.000000000000e+00	0.000000000000e+00	0.000000000000e+00	0.000000000000e+00
4.105000000000e+00	0.000000000000e+00	0.000000000000e+00	0.000000000000e+00	0.000000000000e+00	0.000000000000e+00	0.000000000000e+00	0.000000000000e+00	0.000000000000e+00	0.000000000000e+00	0.000000000000e+00
4.106250000000e+00	0.000000000000e+00	0.000000000000e+00	0.000000000000e+00	0.000000000000e+00	0.000000000000e+00	0.000000000000e+00	0.000000000000e+00	0.000000000000e+00	0.000000000000e+00	0.000000000000e+00
4.107500000000e+00	0.000000000000e+00	0.000000000000e+00	0.000000000000e+00	0.000000000000e+00	0.000000000000e+00	0.000000000000e+00	0.000000000000e+00	0.000000000000e+00	0.000000000000e+00	0.000000000000e+00
4.108750000000e+00	0.000000000000e+00	0.000000000000e+00	0.000000000000e+00	0.000000000000e+00	0.000000000000e+00	0.000000000000e+00	0.000000000000e+00	0.000000000000e+00	0.000000000000e+00	0.000000000000e+00
4.110000000000e+00	0.000000000000e+00	0.000000000000e+00	0.000000000000e+00	0.000000000000e+00	0.000000000000e+00	0.000000000000e+00	0.000000000000e+00	0.000000000000e+00	0.000000000000e+00	0.000000000000e+00
4.111250000000e+00	0.000000000000e+00	0.000000000000e+00	0.000000000000e+00	0.000000000000e+00	0.000000000000e+00	0.000000000000e+00	0.000000000000e+00	0.000000000000e+00	0.000000000000e+00	0.000000000000e+00
4.112500000000e+00	0.000000000000e+00	0.000000000000e+00	0.000000000000e+00	0.000000000000e+00	0.000000000000e+00	0.000000000000e+00	0.000000000000e+00	0.000000000000e+00	0.000000000000e+00	0.000000000000e+00
4.113750000000e+00	0.000000000000e+00	0.000000000000e+00	0.000000000000e+00	0.000000000000e+00	0.000000000000e+00	0.000000000000e+00	0.000000000000e+00	0.000000000000e+00	0.000000000000e+00	0.000000000000e+00
4.115000000000e+00	0.000000000000e+00	0.000000000000e+00	0.000000000000e+00	0.000000000000e+00	0.000000000000e+00	0.000000000000e+00	0.000000000000e+00	0.000000000000e+00	0.000000000000e+00	0.000000000000e+00
4.116250000000e+00	0.000000000000e+00	0.000000000000e+00	0.000000000000e+00	0.000000000000e+00	0.000000000000e+00	0.000000000000e+00	0.000000000000e+00	0.000000000000e+00	0.000000000000e+00	0.000000000000e+00
4.117500000000e+00	0.000000000000e+00	0.000000000000e+00	0.000000000000e+00	0.000000000000e+00	0.000000000000e+00	0.000000000000e+00	0.000000000000e+00	0.000000000000e+00	0.000000000000e+00	0.000000000000e+00
4.118750000000e+00	0.000000000000e+00	0.000000000000e+00	0.000000000000e+00	0.000000000000e+00	0.000000000000e+00	0.000000000000e+00	0.000000000000e+00	0.000000000000e+00	0.000000000000e+00	0.000000000000e+00
4.120000000000e+00	0.000000000000e+00	0.000000000000e+00	0.000000000000e+00	0.000000000000e+00	0.000000000000e+00	0.000000000000e+00	0.000000000000e+00	0.000000000000e+00	0.000000000000e+00	0.000000000000e+00
4.121250000000e+00	0.000000000000e+00	0.000000000000e+00	0.000000000000e+00	0.000000000000e+00	0.000000000000e+00	0.000000000000e+00	0.000000000000e+00	0.000000000000e+00	0.000000000000e+00	0.000000000000e+00
4.122500000000e+00	0.000000000000e+00	0.000000000000e+00	0.000000000000e+00	0.000000000000e+00	0.000000000000e+00	0.000000000000e+00	0.000000000000e+00	0.000000000000e+00	0.000000000000e+00	0.000000000000e+00
4.123750000000e+00	0.000000000000e+00	0.000000000000e+00	0.000000000000e+00	0.000000000000e+00	0.000000000000e+00	0.000000000000e+00	0.000000000000e+00	0.000000000000e+00	0.000000000000e+00	0.000000000000e+00
4.125000000000e+00	0.000000000000e+00	0.000000000000e+00	0.000000000000e+00	0.000000000000e+00	0.000000000000e+00	0.000000000000e+00	0.000000000000e+00	0.000000000000e+00	0.000000000000e+00	0.000000000000e+00
4.126250000000e+00	0.000000000000e+00	0.000000000000e+00	0.000000000000e+00	0.000000000000e+00	0.000000000000e+00	0.000000000000e+00	0.000000000000e+00	0.000000000000e+00	0.000000000000e+00	0.000000000000e+00
4.127500000000e+00	0.000000000000e+00	0.000000000000e+00	0.000000000000e+00	0.000000000000e+00	0.000000000000e+00	0.000000000000e+00	0.000000000000e+00	0.000000000000e+00	0.000000000000e+00	0.000000000000e+00
4.128750000000e+00	0.000000000000e+00	0.000000000000e+00	0.000000000000e+00	0.000000000000e+00	0.000000000000e+00	0.000000000000e+00	0.000000000000e+00	0.000000000000e+00	0.000000000000e+00	0.000000000000e+00
4.130000000000e+00	0.000000000000e+00	0.000000000000e+00	0.000000000000e+00	0.000000000000e+00	0.000000000000e+00	0.000000000000e+00	0.000000000000e+00	0.000000000000e+00	0.000000000000e+00	0.000000000000e+00
4.131250000000e+00	0.000000000000e+00	0.000000000000e+00	0.000000000000e+00	0.000000000000e+00	0.000000000000e+00	0.000000000000e+00	0.000000000000e+00	0.000000000000e+00	0.000000000000e+00	0.000000000000e+00
4.132500000000e+00	0.000000000000e+00	0.000000000000e+00	0.000000000000e+00	0.000000000000e+00	0.000000000000e+00	0.000000000000e+00	0.000000000000e+00	0.000000000000e+00	0.000000000000e+00	0.000000000000e+00
4.133750000000e+00	0.000000000000e+00	0.000000000000e+00	0.000000000000e+00	0.000000000000e+00	0.000000000000e+00	0.000000000000e+00	0.000000000000e+00	0.000000000000e+00	0.000000000000e+00	0.000000000000e+00
4.135000000000e+00	0.000000000000e+00	0.000000000000e+00	0.000000000000e+00	0.000000000000e+00	0.000000000000e+00	0.000000000000e+00	0.000000000000e+00	0.000000000000e+00	0.000000000000e+00	0.000000000000e+00
4.136250000000e+00	0.000000000000e+00	0.000000000000e+00	0.000000000000e+00	0.000000000000e+00	0.000000000000e+00	0.000000000000e+00	0.000000000000e+00	0.000000000000e+00	0.000000000000e+00	0.000000000000e+00
4.137500000000e+00	0.000000000000e+00	0.000000000000e+00	0.000000000000e+00	0.000000000000e+00	0.000000000000e+00	0.000000000000e+00	0.000000000000e+00	0.000000000000e+00	0.000000000000e+00	0.000000000000e+00
4.138750000000e+00	0.000000000000e+00	0.000000000000e+00	0.000000000000e+00	0.000000000000e+00	0.000000000000e+00	0.000000000000e+00	0.000000000000e+00	0.000000000000e+00	0.000000000000e+00	0.000000000000e+00
4.140000000000e+00	0.000000000000e+00	0.000000000000e+00	0.000000000000e+00	0.000000000000e+00	0.000000000000e+00	0.000000000000e+00	0.000000000000e+00	0.000000000000e+00	0.000000000000e+00	0.000000000000e+00
4.141250000000e+00	0.000000000000e+00	0.000000000000e+00	0.000000000000e+00	0.000000000000e+00	0.000000000000e+00	0.000000000000e+00	0.000000000000e+00	0.000000000000e+00	0.000000000000e+00	0.000000000000e+00
4.142500000000e+00	0.000000000000e+00	0.000000000000e+00	0.000000000000e+00	0.000000000000e+00	0.000000000000e+00	0.000000000000e+00	0.000000000000e+00	0.000000000000e+00	0.000000000000e+00	0.000000000000e+00
4.143750000000e+00	0.000000000000e+00	0.000000000000e+00	0.000000000000e+00	0.000000000000e+00	0.000000000000e+00	0.000000000000e+00	0.000000000000e+00	0.000000000000e+00	0.000000000000e+00	0.000000000000e+00
4.145000000000e+00	0.000000000000e+00	0.000000000000e+00	0.000000000000e+00	0.000000000000e+00	0.000000000000e+00	0.000000000000e+00	0.000000000000e+00	0.000000000000e+00	0.000000000000e+00	0.000000000000e+00
4.146250000000e+00	0.000000000000e+00	0.000000000000e+00	0.000000000000e+00	0.000000000000e+00	0.000000000000e+00	0.000000000000e+00	0.000000000000e+00	0.000000000000e+00	0.000000000000e+00	0.000000000000e+00
4.147500000000e+00	0.000000000000e+00	0.000000000000e+00	0.000000000000e+00	0.000000000000e+00	0.000000000000e+00	0.000000000000e+00	0.000000000000e+00	0.000000000000e+00	0.000000000000e+00	0.000000000000e+00
4.148750000000e+00	0.000000000000e+00	0.000000000000e+00	0.000000000000e+00	0.000000000000e+00	0.000000000000e+00	0.000000000000e+00	0.000000000000e+00	0.000000000000e+00	0.000000000000e+00	0.000000000000e+00
4.150000000000e+00	0.000000000000e+00	0.000000000000e+00	0.000000000000e+00	0.000000000000e+00	0.000000000000e+00	0.000000000000e+00	0.000000000000e+00	0.000000000000e+00	0.000000000000e+00	0.000000000000e+00
4.151250000000e+00	0.000000000000e+00	0.000000000000e+00	0.000000000000e+00	0.000000000000e+00	0.000000000000e+00	0.000000000000e+00	0.000000000000e+00	0.000000000000e+00	0.000000000000e+00	0.000000000000e+00
4.152500000000e+00	0.000000000000e+00	0.000000000000e+00	0.000000000000e+00	0.000000000000e+00	0.000000000000e+00	0.000000000000e+00	0.000000000000e+00	0.000000000000e+00	0.000000000000e+00	0.000000000000e+00
4.153750000000e+00	0.000000000000e+00	0.000000000000e+00	0.000000000000e+00	0.000000000000e+00	0.000000000000e+00	0.000000000000e+00	0.000000000000e+00	0.000000000000e+00	0.000000000000e+00	0.000000000000e+00
4.155000000000e+00	0.000000000000e+00	0.000000000000e+00	0.000000000000e+00	0.000000000000e+00	0.000000000000e+00	0.000000000000e+00	0.000000000000e+00	0.000000000000e+00	0.000000000000e+00	0.000000000000e+00
4.156250000000e+00	0.000000000000e+00	0.000000000000e+00	0.000000000000e+00	0.000000000000e+00	0.000000000000e+00	0.000000000000e+00	0.000000000000e+00	0.000000000000e+00	0.000000000000e+00	0.000000000000e+00
4.157500000000e+00	0.000000000000e+00	0.000000000000e+00	0.000000000000e+00	0.000000000000e+00	0.000000000000e+00	0.000000000000e+00	0.000000000000e+00	0.000000000000e+00	0.000000000000e+00	0.000000000000e+00
4.158750000000e+00	0.000000000000e+00	0.000000000000e+00	0.000000000000e+00	0.000000000000e+00	0.000000000000e+00	0.000000000000e+00	0.000000000000e+00	0.000000000000e+00	0.000000000000e+00	0.000000000000e+00
4.160000000000e+00	0.000000000000e+00	0.000000000000e+00	0.000000000000e+00	0.000000000000e+00	0.000000000000e+00	0.000000000000e+00	0.000000000000e+00	0.000000000000e+00	0.000000000000e+00	0.000000000000e+00
4.161250000000e+00	0.000000000000e+00	0.000000000000e+00	0.000000000000e+00	0.000000000000e+00	0.000000000000e+00	0.000000000000e+00	0.000000000000e+00	0.000000000000e+00	0.000000000000e+00	0.000000000000e+00
4.162500000000e+00	0.000000000000e+00	0.000000000000e+00	0.000000000000e+00	0.000000000000e+00	0.000000000000e+00	0.000000000000e+00	0.000000000000e+00	0.000000000000e+00	0.000000000000e+00	0.000000000000e+00
4.163750000000e+00	0.000000000000e+00	0.000000000000e+00	0.000000000000e+00	0.000000000000e+00	0.000000000000e+00	0.000000000000e+00	0.000000000000e+00	0.000000000000e+00	0.000000000000e+00	0.000000000000e+00
4.165000000000e+00	0.000000000000e+00	0.000000000000e+00	0.000000000000e+00	0.000000000000e+00	0.000000000000e+00	0.000000000000e+00	0.000000000000e+00	0.000000000000e+00	0.000000000000e+00	0.000000000000e+00
4.166250000000e+00	0.000000000000e+00	0.000000000000e+00	0.000000000000e+00	0.000000000000e+00	0.000000000000e+00	0.000000000000e+00	0.000000000000e+00	0.000000000000e+00	0.000000000000e+00	0.000000000000e+00
4.167500000000e+00	0.000000000000e+00	0.000000000000e+00	0.000000000000e+00	0.000000000000e+00	0.000000000000e+00	0.000000000000e+00	0.000000000000e+00	0.000000000000e+00	0.000000000000e+00	0.000000000000e+00
4.168750000000e+00	0.000000000000e+00	0.000000000000e+00	0.000000000000e+00	0.000000000000e+00	0.000000000000e+00	0.000000000000e+00	0.000000000000e+00	0.000000000000e+00	0.000000000000e+00	0.000000000000e+00
4.170000000000e+00	0.000000000000e+00	0.000000000000e+00	0.000000000000e+00	0.000000000000e+00	0.000000000000e+00	0.000000000000e+00	0.000000000000e+00	0.000000000000e+00	0.000000000000e+00	0.000000000000e+00
4.171250000000e+00	0.000000000000e+00	0.000000000000e+00	0.000000000000e+00	0.000000000000e+00	0.000000000000e+00	0.000000000000e+00	0.000000000000e+00	0.000000000000e+00	0.000000000000e+00	0.000000000000e+00
4.172500000000e+00	0.000000000000e+00	0.000000000000e+00	0.000000000000e+00	0.000000000000e+00	0.000000000000e+00	0.000000000000e+00	0.000000000000e+00	0.000000000000e+00	0.000000000000e+00	0.000000000000e+00
4.173750000000e+00	0.000000000000e+00	0.000000000000e+00	0.000000000000e+00	0.000000000000e+00	0.000000000000e+00	0.000000000000e+00	0.000000000000e+00	0.000000000000e+00	0.000000000000e+00	0.000000000000e+00
4.175000000000e+00	0.000000000000e+00	0.000000000000e+00	0.000000000000e+00	0.000000000000e+00	0.000000000000e+00	0.000000000000e+00	0.000000000000e+00	0.000000000000e+00	0.000000000000e+00	0.000000000000e+00
4.176250000000e+00	0.000000000000e+00	0.000000000000e+00	0.000000000000e+00	0.000000000000e+00	0.000000000000e+00	0.000000000000e+00	0.000000000000e+00	0.000000000000e+00	0.000000000000e+00	0.000000000000e+00
4.177500000000e+00	0.000000000000e+00	0.000000000000e+00	0.000000000000e+00	0.000000000000e+00	0.000000000000e+00	0.000000000000e+00	0.000000000000e+00	0.000000000000e+00	0.000000000000e+00	0.000000000000e+00
4.178750000000e+00	0.000000000000e+00	0.000000000000e+00	0.000000000000e+00	0.000000000000e+00	0.000000000000e+00	0.000000000000e+00	0.000000000000e+00	0.000000000000e+00	0.000000000000e+00	0.000000000000e+00
4.180000000000e+00	0.000000000000e+00	0.000000000000e+00	0.000000000000e+00	0.000000000000e+00	0.000000000000e+00	0.000000000000e+00	0.000000000000e+00	0.000000000000e+00	0.000000000000e+00	0.000000000000e+00
4.181250000000e+00	0.000000000000e+00	0.000000000000e+00	0.000000000000e+00	0.000000000000e+00	0.000000000000e+00	0.000000000000e+00	0.000000000000e+00	0.000000000000e+00	0.000000000000e+00	0.000000000000e+00
4.182500000000e+00	0.000000000000e+00	0.000000000000e+00	0.000000000000e+00	0.000000000000e+00	0.000000000000e+00	0.000000000000e+00	0.000000000000e+00	0.000000000000e+00	0.000000000000e+00	0.000000000000e+00
4.183750000000e+00	0.000000000000e+00	0.000000000000e+00	0.000000000000e+00	0.000000000000e+00	0.000000000000e+00	0.000000000000e+00	0.000000000000e+00	0.000000000000e+00	0.000000000000e+00	0.000000000000e+00
4.185000000000e+00	0.000000000000e+00	0.000000000000e+00	0.000000000000e+00	0.000000000000e+00	0.000000000000e+00	0.000000000000e+00	0.000000000000e+00	0.000000000000e+00	0.000000000000e+00	0.000000000000e+00
4.186250000000e+00	0.000000000000e+00	0.000000000000e+00	0.000000000000e+00	0.000000000000e+00	0.000000000000e+00	0.000000000000e+00	0.000000000000e+00	0.000000000000e+00	0.000000000000e+00	0.000000000000e+00
4.187500000000e+00	0.000000000000e+00	0.000000000000e+00	0.000000000000e+00	0.000000000000e+00	0.000000000000e+00	0.000000000000e+00	0.000000000000e+00	0.000000000000e+00	0.000000000000e+00	0.000000000000e+00
4.188750000000e+00	0.000000000000e+00	0.000000000000e+00	0.000000000000e+00	0.000000000000e+00	0.000000000000e+00	0.000000000000e+00	0.000000000000e+00	0.000000000000e+00	0.000000000000e+00	0.000000000000e+00
4.190000000000e+00	0.000000000000e+00	0.000000000000e+00	0.000000000000e+00	0.000000000000e+00	0.000000000000e+00	0.000000000000e+00	0.000000000000e+00	0.000000000000e+00	0.000000000000e+00	0.000000000000e+00
4.191250000000e+00	0.000000000000e+00	0.000000000000e+00	0.000000000000e+00	0.000000000000e+00	0.000000000000e+00	0.000000000000e+00	0.000000000000e+00	0.000000000000e+00	0.000000000000e+00	0.000000000000e+00
4.192500000000e+00	0.000000000000e+00	0.000000000000e+00	0.000000000000e+00	0.000000000000e+00	0.000000000000e+00	0.000000000000e+00	0.000000000000e+00	0.000000000000e+00	0.000000000000e+00	0.000000000000e+00
4.193750000000e+00	0.000000000000e+00	0.000000000000e+00	0.000000000000e+00	0.000000000000e+00	0.000000000000e+00	0.000000000000e+00	0.000000000000e+00	0.000000000000e+00	0.000000000000e+00	0.000000000000e+00
4.195000000000e+00	0.000000000000e+00	0.000000000000e+00	0.000000000000e+00	0.000000000000e+00	0.000000000000e+00	0.000000000000e+00	0.000000000000e+00	0.000000000000e+00	0.000000000000e+00	0.000000000000e+00
4.196250000000e+00	0.000000000000e+00	0.000000000000e+00	0.000000000000e+00	0.000000000000e+00	0.000000000000e+00	0.000000000000e+00	0.000000000000e+00	0.000000000000e+00	0.000000000000e+00	0.000000000000e+00
4.197500000000e+00	0.000000000000e+00	0.000000000000e+00	0.000000000000e+00	0.000000000000e+00	0.000000000000e+00	0.000000000000e+00	0.000000000000e+00	0.000000000000e+00	0.000000000000e+00	0.000000000000e+00
4.198750000000e+00	0.000000000000e+00	0.000000000000e+00	0.000000000000e+00	0.000000000000e+00	0.000000000000e+00	0.000000000000e+00	0.000000000000e+00	0.000000000000e+00	0.000000000000e+00	0.000000000000e+00
4.200000000000e+00	0.000000000000e+00	0.000000000000e+00	0.000000000000e+00	0.000000000000e+00	0.000000000000e+00	0.000000000000e+00	0.000000000000e+00	0.000000000000e+00	0.000000000000e+00	0.000000000000e+00
4.201250000000e+00	0.000000000000e+00	0.000000000000e+00	0.000000000000e+00	0.000000000000e+00	0.000000000000e+00	0.000000000000e+00	0.000000000000e+00	0.000000000000e+00	0.000000000000e+00	0.000000000000e+00
4.202500000000e+00	0.000000000000e+00	0.000000000000e+00	0.000000000000e+00	0.000000000000e+00	0.000000000000e+00	0.000000000000e+00	0.000000000000e+00	0.000000000000e+00	0.000000000000e+00	0.000000000000e+00
4.203750000000e+00	0.000000000000e+00	0.000000000000e+00	0.000000000000e+00	0.000000000000e+00	0.000000000000e+00	0.000000000000e+00	0.000000000000e+00	0.000000000000e+00	0.000000000000e+00	0.000000000000e+00
4.205000000000e+00	0.000000000000e+00	0.000000000000e+00	0.000000000000e+00	0.000000000000e+00	0.000000000000e+00	0.000000000000e+00	0.000000000000e+00	0.000000000000e+00	0.000000000000e+00	0.000000000000e+00
4.206250000000e+00	0.000000000000e+00	0.000000000000e+00	0.000000000000e+00	0.000000000000e+00	0.000000000000e+00	0.000000000000e+00	0.000000000000e+00	0.000000000000e+00	0.000000000000e+00	0.000000000000e+00
4.207500000000e+00	0.000000000000e+00	0.000000000000e+00	0.000000000000e+00	0.000000000000e+00	0.000000000000e+00	0.000000000000e+00	0.000000000000e+00	0.000000000000e+00	0.000000000000e+00	0.000000000000e+00
4.208750000000e+00	0.000000000000e+00	0.000000000000e+00	0.000000000000e+00	0.000000000000e+00	0.000000000000e+00	0.000000000000e+00	0.000000000000e+00	0.000000000000e+00	0.000000000000e+00	0.000000000000e+00
4.210000000000e+00	0.000000000000e+00	0.000000000000e+00	0.000000000000e+00	0.000000000000e+00	0.000000000000e+00	0.000000000000e+00	0.000000000000e+00	0.000000000000e+00	0.000000000000e+00	0.000000000000e+00
4.211250000000e+00	0.000000000000e+00	0.000000000000e+00	0.000000000000e+00	0.000000000000e+00	0.000000000000e+00	0.000000000000e+00	0.000000000000e+00	0.000000000000e+00	0.000000000000e+00	0.000000000000e+00
4.212500000000e+00	0.000000000000e+00	0.000000000000e+00	0.000000000000e+00	0.000000000000e+00	0.000000000000e+00	0.000000000000e+00	0.000000000000e+00	0.000000000000e+00	0.000000000000e+00	0.000000000000e+00
4.213750000000e+00	0.000000000000e+00	0.000000000000e+00	0.000000000000e+00	0.000000000000e+00	0.000000000000e+00	0.000000000000e+00	0.000000000000e+00	0.000000000000e+00	0.000000000000e+00	0.000000000000e+00
4.215000000000e+00	0.000000000000e+00	0.000000000000e+00	0.000000000000e+00	0.000000000000e+00	0.000000000000e+00	0.000000000000e+00	0.000000000000e+00	0.000000000000e+00	0.000000000000e+00	0.000000000000e+00
4.216250000000e+00	0.000000000000e+00	0.000000000000e+00	0.000000000000e+00	0.000000000000e+00	0.000000000000e+00	0.000000000000e+00	0.000000000000e+00	0.000000000000e+00	0.000000000000e+00	0.000000000000e+00
4.217500000000e+00	0.000000000000e+00	0.000000000000e+00	0.000000000000e+00	0.000000000000e+00	0.000000000000e+00	0.000000000000e+00	0.000000000000e+00	0.000000000000e+00	0.000000000000e+00	0.000000000000e+00
4.218750000000e+00	0.000000000000e+00	0.000000000000e+00	0.000000000000e+00	0.000000000000e+00	0.000000000000e+00	0.000000000000e+00	0.000000000000e+00	0.000000000000e+00	0.000000000000e+00	0.000000000000e+00
4.220000000000e+00	0.000000000000e+00	0.000000000000e+00	0.000000000000e+00	0.000000000000e+00	0.000000000000e+00	0.000000000000e+00	0.000000000000e+00	0.000000000000e+00	0.000000000000e+00	0.000000000000e+00
4.221250000000e+00	0.000000000000e+00	0.000000000000e+00	0.000000000000e+00	0.000000000000e+00	0.000000000000e+00	0.000000000000e+00	0.000000000000e+00	0.000000000000e+00	0.000000000000e+00	0.000000000000e+00
4.222500000000e+00	0.000000000000e+00	0.000000000000e+00	0.000000000000e+00	0.000000000000e+00	0.000000000000e+00	0.000000000000e+00	0.000000000000e+00	0.000000000000e+00	0.000000000000e+00	0.000000000000e+00
4.223750000000e+00	0.000000000000e+00	0.000000000000e+00	0.000000000000e+00	0.000000000000e+00	0.000000000000e+00	0.000000000000e+00	0.000000000000e+00	0.000000000000e+00	0.000000000000e+00	0.000000000000e+00
4.225000000000e+00	0.000000000000e+00	0.000000000000e+00	0.000000000000e+00	0.000000000000e+00	0.000000000000e+00	0.000000000000e+00	0.000000000000e+00	0.000000000000e+00	0.000000000000e+00	0.000000000000e+00
4.226250000000e+00	0.000000000000e+00	0.000000000000e+00	0.000000000000e+00	0.000000000000e+00	0.000000000000e+00	0.000000000000e+00	0.000000000000e+00	0.000000000000e+00	0.000000000000e+00	0.000000000000e+00
4.227500000000e+00	0.000000000000e+00	0.000000000000e+00	0.000000000000e+00	0.000000000000e+00	0.000000000000e+00	0.000000000000e+00	0.000000000000e+00	0.000000000000e+00	0.000000000000e+00	0.000000000000e+00
4.228750000000e+00	0.000000000000e+00	0.000000000000e+00	0.000000000000e+00	0.000000000000e+00	0.000000000000e+00	0.000000000000e+00	0.000000000000e+00	0.000000000000e+00	0.000000000000e+00	0.000000000000e+00
4.230000000000e+00	0.000000000000e+00	0.000000000000e+00	0.000000000000e+00	0.000000000000e+00	0.000000000000e+00	0.000000000000e+00	0.000000000000e+00	0.000000000000e+00	0.000000000000e+00	0.000000000000e+00
4.231250000000e+00	0.000000000000e+00	0.000000000000e+00	0.000000000000e+00	0.000000000000e+00	0.000000000000e+00	0.000000000000e+00	0.000000000000e+00	0.000000000000e+00	0.000000000000e+00	0.000000000000e+00
4.232500000000e+00	0.000000000000e+00	0.000000000000e+00	0.000000000000e+00	0.000000000000e+00	0.000000000000e+00	0.000000000000e+00	0.000000000000e+00	0.000000000000e+00	0.000000000000e+00	0.000000000000e+00
4.233750000000e+00	0.000000000000e+00	0.000000000000e+00	0.000000000000e+00	0.000000000000e+00	0.000000000000e+00	0.000000000000e+00	0.000000000000e+00	0.000000000000e+00	0.000000000000e+00	0.000000000000e+00
4.235000000000e+00	0.000000000000e+00	0.000000000000e+00	0.000000000000e+00	0.000000000000e+00	0.000000000000e+00	0.000000000000e+00	0.000000000000e+00	0.000000000000e+00	0.000000000000e+00	0.000000000000e+00
4.236250000000e+00	0.000000000000e+00	0.000000000000e+00	0.000000000000e+00	0.000000000000e+00	0.000000000000e+00	0.000000000000e+00	0.000000000000e+00	0.000000000000e+00	0.000000000000e+00	0.000000000000e+00
4.237500000000e+00	0.000000000000e+00	0.000000000000e+00	0.000000000000e+00	0.000000000000e+00	0.000000000000e+00	0.000000000000e+00	0.000000000000e+00	0.000000000000e+00	0.000000000000e+00	0.000000000000e+00
4.238750000000e+00	0.000000000000e+00	0.000000000000e+00	0.000000000000e+00	0.000000000000e+00	0.000000000000e+00	0.000000000000e+00	0.000000000000e+00	0.000000000000e+00	0.000000000000e+00	0.000000000000e+00
4.240000000000e+00	0.000000000000e+00	0.000000000000e+00	0.000000000000e+00	0.000000000000e+00	0.000000000000e+00	0.000000000000e+00	0.000000000000e+00	0.000000000000e+00	0.000000000000e+00	0.000000000000e+00
4.241250000000e+00	0.000000000000e+00	0.000000000000e+00	0.000000000000e+00	0.000000000000e+00	0.000000000000e+00	0.000000000000e+00	0.000000000000e+00	0.000000000000e+00	0.000000000000e+00	0.000000000000e+00
4.242500000000e+00	0.000000000000e+00	0.000000000000e+00	0.000000000000e+00	0.000000000000e+00	0.000000000000e+00	0.000000000000e+00	0.000000000000e+00	0.000000000000e+00	0.000000000000e+00	0.000000000000e+00
4.243750000000e+00	0.000000000000e+00	0.000000000000e+00	0.000000000000e+00	0.000000000000e+00	0.000000000000e+00	0.000000000000e+00	0.000000000000e+00	0.000000000000e+00	0.000000000000e+00	0.000000000000e+00
4.245000000000e+00	0.000000000000e+00	0.000000000000e+00	0.000000000000e+00	0.000000000000e+00	0.000000000000e+00	0.000000000000e+00	0.000000000000e+00	0.000000000000e+00	0.000000000000e+00	0.000000000000e+00
4.246250000000e+00	0.000000000000e+00	0.000000000000e+00	0.000000000000e+00	0.000000000000e+00	0.000000000000e+00	0.000000000000e+00	0.000000000000e+00	0.000000000000e+00	0.000000000000e+00	0.000000000000e+00
4.247500000000e+00	0.000000000000e+00	0.000000000000e+00	0.000000000000e+00	0.000000000000e+00	0.000000000000e+00	0.000000000000e+00	0.000000000000e+00	0.000000000000e+00	0.000000000000e+00	0.000000000000e+00
4.248750000000e+00	0.000000000000e+00	0.000000000000e+00	0.000000000000e+00	0.000000000000e+00	0.000000000000e+00	0.000000000000e+00	0.000000000000e+00	0.000000000000e+00	0.000000000000e+00	0.000000000000e+00
4.250000000000e+00	0.000000000000e+00	0.000000000000e+00	0.000000000000e+00	0.000000000000e+00	0.000000000000e+00	0.000000000000e+00	0.000000000000e+00	0.000000000000e+00	0.000000000000e+00	0.000000000000e+00
4.251250000000e+00	0.000000000000e+00	0.000000000000e+00	0.000000000000e+00	0.000000000000e+00	0.000000000000e+00	0.000000000000e+00	0.000000000000e+00	0.000000000000e+00	0.000000000000e+00	0.000000000000e+00
4.252500000000e+00	0.000000000000e+00	0.000000000000e+00	0.000000000000e+00	0.000000000000e+00	0.000000000000e+00	0.000000000000e+00	0.000000000000e+00	0.000000000000e+00	0.000000000000e+00	0.000000000000e+00
4.253750000000e+00	0.000000000000e+00	0.000000000000e+00	0.000000000000e+00	0.000000000000e+00	0.000000000000e+00	0.000000000000e+00	0.000000000000e+00	0.000000000000e+00	0.000000000000e+00	0.000000000000e+00
4.255000000000e+00	0.000000000000e+00	0.000000000000e+00	0.000000000000e+00	0.000000000000e+00	0.000000000000e+00	0.000000000000e+00	0.000000000000e+00	0.000000000000e+00	0.000000000000e+00	0.000000000000e+00
4.256250000000e+00	0.000000000000e+00	0.000000000000e+00	0.000000000000e+00	0.000000000000e+00	0.000000000000e+00	0.000000000000e+00	0.000000000000e+00	0.000000000000e+00	0.000000000000e+00	0.000000000000e+00
4.257500000000e+00	0.000000000000e+00	0.000000000000e+00	0.000000000000e+00	0.000000000000e+00	0.000000000000e+00	0.000000000000e+00	0.000000000000e+00	0.000000000000e+00	0.000000000000e+00	0.000000000000e+00
4.258750000000e+00	0.000000000000e+00	0.000000000000e+00	0.000000000000e+00	0.000000000000e+00	0.000000000000e+00	0.000000000000e+00	0.000000000000e+00	0.000000000000e+00	0.000000000000e+00	0.000000000000e+00
4.260000000000e+00	0.000000000000e+00	0.000000000000e+00	0.000000000000e+00	0.000000000000e+00	0.000000000000e+00	0.000000000000e+00	0.000000000000e+00	0.000000000000e+00	0.000000000000e+00	0.000000000000e+00
4.261250000000e+00	0.000000000000e+00	0.000000000000e+00	0.000000000000e+00	0.000000000000e+00	0.000000000000e+00	0.000000000000e+00	0.000000000000e+00	0.000000000000e+00	0.000000000000e+00	0.000000000000e+00
4.262500000000e+00	0.000000000000e+00	0.000000000000e+00	0.000000000000e+00	0.000000000000e+00	0.000000000000e+00	0.000000000000e+00	0.000000000000e+00	0.000000000000e+00	0.000000000000e+00	0.000000000000e+00
4.263750000000e+00	0.000000000000e+00	0.000000000000e+00	0.000000000000e+00	0.000000000000e+00	0.000000000000e+00	0.000000000000e+00	0.000000000000e+00	0.000000000000e+00	0.000000000000e+00	0.000000000000e+00
4.265000000000e+00	0.000000000000e+00	0.000000000000e+00	0.000000000000e+00	0.000000000000e+00	0.000000000000e+00	0.000000000000e+00	0.000000000000e+00	0.000000000000e+00	0.000000000000e+00	0.000000000000e+00
4.266250000000e+00	0.000000000000e+00	0.000000000000e+00	0.000000000000e+00	0.000000000000e+00	0.000000000000e+00	0.000000000000e+00	0.000000000000e+00	0.000000000000e+00	0.000000000000e+00	0.000000000000e+00
4.267500000000e+00	0.000000000000e+00	0.000000000000e+00	0.000000000000e+00	0.000000000000e+00	0.000000000000e+00	0.000000000000e+00	0.000000000000e+00	0.000000000000e+00	0.000000000000e+00	0.000000000000e+00
4.268750000000e+00	0.000000000000e+00	0.000000000000e+00	0.000000000000e+00	0.000000000000e+00	0.000000000000e+00	0.000000000000e+00	0.000000000000e+00	0.000000000000e+00	0.000000000000e+00	0.000000000000e+00
4.270000000000e+00	0.000000000000e+00	0.000000000000e+00	0.000000000000e+00	0.000000000000e+00	0.000000000000e+00	0.000000000000e+00	0.000000000000e+00	0.000000000000e+00	0.000000000000e+00	0.000000000000e+00
4.271250000000e+00	0.000000000000e+00	0.000000000000e+00	0.000000000000e+00	0.000000000000e+00	0.000000000000e+00	0.000000000000e+00	0.000000000000e+00	0.000000000000e+00	0.000000000000e+00	0.000000000000e+00
4.272500000000e+00	0.000000000000e+00	0.000000000000e+00	0.000000000000e+00	0.000000000000e+00	0.000000000000e+00	0.000000000000e+00	0.000000000000e+00	0.000000000000e+00	0.000000000000e+00	0.000000000000e+00
4.273750000000e+00	0.000000000000e+00	0.000000000000e+00	0.000000000000e+00	0.000000000000e+00	0.000000000000e+00	0.000000000000e+00	0.000000000000e+00	0.000000000000e+00	0.000000000000e+00	0.000000000000e+00
4.275000000000e+00	0.000000000000e+00	0.000000000000e+00	0.000000000000e+00	0.000000000000e+00	0.000000000000e+00	0.000000000000e+00	0.000000000000e+00	0.000000000000e+00	0.000000000000e+00	0.000000000000e+00
4.276250000000e+00	0.000000000000e+00	0.000000000000e+00	0.000000000000e+00	0.000000000000e+00	0.000000000000e+00	0.000000000000e+00	0.000000000000e+00	0.000000000000e+00	0.000000000000e+00	0.000000000000e+00
4.277500000000e+00	0.000000000000e+00	0.000000000000e+00	0.000000000000e+00	0.000000000000e+00	0.000000000000e+00	0.000000000000e+00	0.000000000000e+00	0.000000000000e+00	0.000000000000e+00	0.000000000000e+00
4.278750000000e+00	0.000000000000e+00	0.000000000000e+00	0.000000000000e+00	0.000000000000e+00	0.000000000000e+00	0.000000000000e+00	0.000000000000e+00	0.000000000000e+00	0.000000000000e+00	0.000000000000e+00
4.280000000000e+00	0.000000000000e+00	0.000000000000e+00	0.000000000000e+00	0.000000000000e+00	0.000000000000e+00	0.000000000000e+00	0.000000000000e+00	0.000000000000e+00	0.000000000000e+00	0.000000000000e+00
4.281250000000e+00	0.000000000000e+00	0.000000000000e+00	0.000000000000e+00	0.000000000000e+00	0.000000000000e+00	0.000000000000e+00	0.000000000000e+00	0.000000000000e+00	0.000000000000e+00	0.000000000000e+00
4.282500000000e+00	0.000000000000e+00	0.000000000000e+00	0.000000000000e+00	0.000000000000e+00	0.000000000000e+00	0.000000000000e+00	0.000000000000e+00	0.000000000000e+00	0.000000000000e+00	0.000000000000e+00
4.283750000000e+00	0.000000000000e+00	0.000000000000e+00	0.000000000000e+00	0.000000000000e+00	0.000000000000e+00	0.000000000000e+00	0.000000000000e+00	0.000000000000e+00	0.000000000000e+00	0.000000000000e+00
4.285000000000e+00	0.000000000000e+00	0.000000000000e+00	0.000000000000e+00	0.000000000000e+00	0.000000000000e+00	0.000000000000e+00	0.000000000000e+00	0.000000000000e+00	0.000000000000e+00	0.000000000000e+00
4.286250000000e+00	0.000000000000e+00	0.000000000000e+00	0.000000000000e+00	0.000000000000e+00	0.000000000000e+00	0.000000000000e+00	0.000000000000e+00	0.000000000000e+00	0.000000000000e+00	0.000000000000e+00
4.287500000000e+00	0.000000000000e+00	0.000000000000e+00	0.000000000000e+00	0.000000000000e+00	0.000000000000e+00	0.000000000000e+00	0.000000000000e+00	0.000000000000e+00	0.000000000000e+00	0.000000000000e+00
4.288750000000e+00	0.000000000000e+00	0.000000000000e+00	0.000000000000e+00	0.000000000000e+00	0.000000000000e+00	0.000000000000e+00	0.000000000000e+00	0.000000000000e+00	0.000000000000e+00	0.000000000000e+00
4.290000000000e+00	0.000000000000e+00	0.000000000000e+00	0.000000000000e+00	0.000000000000e+00	0.000000000000e+00	0.000000000000e+00	0.000000000000e+00	0.000000000000e+00	0.000000000000e+00	0.000000000000e+00
4.291250000000e+00	0.000000000000e+00	0.000000000000e+00	0.000000000000e+00	0.000000000000e+00	0.000000000000e+00	0.000000000000e+00	0.000000000000e+00	0.000000000000e+00	0.000000000000e+00	0.000000000000e+00
4.292500000000e+00	0.000000000000e+00	0.000000000000e+00	0.000000000000e+00	0.000000000000e+00	0.000000000000e+00	0.000000000000e+00	0.000000000000e+00	0.000000000000e+00	0.000000000000e+00	0.000000000000e+00
4.293750000000e+00	0.000000000000e+00	0.000000000000e+00	0.000000000000e+00	0.000000000000e+00	0.000000000000e+00	0.000000000000e+00	0.000000000000e+00	0.000000000000e+00	0.000000000000e+00	0.000000000000e+00
4.295000000000e+00	0.000000000000e+00	0.000000000000e+00	0.000000000000e+00	0.000000000000e+00	0.000000000000e+00	0.000000000000e+00	0.000000000000e+00	0.000000000000e+00	0.000000000000e+00	0.000000000000e+00
4.296250000000e+00	0.000000000000e+00	0.000000000000e+00	0.000000000000e+00	0.000000000000e+00	0.000000000000e+00	0.000000000000e+00	0.000000000000e+00	0.000000000000e+00	0.000000000000e+00	0.000000000000e+00
4.297500000000e+00	0.000000000000e+00	0.000000000000e+00	0.000000000000e+00	0.000000000000e+00	0.000000000000e+00	0.000000000000e+00	0.000000000000e+00	0.000000000000e+00	0.000000000000e+00	0.000000000000e+00
4.298750000000e+00	0.000000000000e+00	0.000000000000e+00	0.000000000000e+00	0.000000000000e+00	0.000000000000e+00	0.000000000000e+00	0.000000000000e+00	0.000000000000e+00	0.000000000000e+00	0.000000000000e+00
4.300000000000e+00	0.000000000000e+00	0.000000000000e+00	0.000000000000e+00	0.000000000000e+00	0.000000000000e+00	0.000000000000e+00	0.000000000000e+00	0.000000000000e+00	0.000000000000e+00	0.000000000000e+00
4.301250000000e+00	0.000000000000e+00	0.000000000000e+00	0.000000000000e+00	0.000000000000e+00	0.000000000000e+00	0.000000000000e+00	0.000000000000e+00	0.000000000000e+00	0.000000000000e+00	0.000000000000e+00
4.302500000000e+00	0.000000000000e+00	0.000000000000e+00	0.000000000000e+00	0.000000000000e+00	0.000000000000e+00	0.000000000000e+00	0.000000000000e+00	0.000000000000e+00	0.000000000000e+00	0.000000000000e+00
4.303750000000e+00	0.000000000000e+00	0.000000000000e+00	0.000000000000e+00	0.000000000000e+00	0.000000000000e+00	0.000000000000e+00	0.000000000000e+00	0.000000000000e+00	0.000000000000e+00	0.000000000000e+00
4.305000000000e+00	0.000000000000e+00	0.000000000000e+00	0.000000000000e+00	0.000000000000e+00	0.000000000000e+00	0.000000000000e+00	0.000000000000e+00	0.000000000000e+00	0.000000000000e+00	0.000000000000e+00
4.306250000000e+00	0.000000000000e+00	0.000000000000e+00	0.000000000000e+00	0.000000000000e+00	0.000000000000e+00	0.000000000000e+00	0.000000000000e+00	0.000000000000e+00	0.000000000000e+00	0.000000000000e+00
4.307500000000e+00	0.000000000000e+00	0.000000000000e+00	0.000000000000e+00	0.000000000000e+00	0.000000000000e+00	0.000000000000e+00	0.000000000000e+00	0.000000000000e+00	0.000000000000e+00	0.000000000000e+00
4.308750000000e+00	0.000000000000e+00	0.000000000000e+00	0.000000000000e+00	0.000000000000e+00	0.000000000000e+00	0.000000000000e+00	0.000000000000e+00	0.000000000000e+00	0.000000000000e+00	0.000000000000e+00
4.310000000000e+00	0.000000000000e+00	0.000000000000e+00	0.000000000000e+00	0.000000000000e+00	0.000000000000e+00	0.000000000000e+00	0.000000000000e+00	0.000000000000e+00	0.000000000000e+00	0.000000000000e+00
4.311250000000e+00	0.000000000000e+00	0.000000000000e+00	0.000000000000e+00	0.000000000000e+00	0.000000000000e+00	0.000000000000e+00	0.000000000000e+00	0.000000000000e+00	0.000000000000e+00	0.000000000000e+00
4.312500000000e+00	0.000000000000e+00	0.000000000000e+00	0.000000000000e+00	0.000000000000e+00	0.000000000000e+00	0.000000000000e+00	0.000000000000e+00	0.000000000000e+00	0.000000000000e+00	0.000000000000e+00
4.313750000000e+00	0.000000000000e+00	0.000000000000e+00	0.000000000000e+00	0.000000000000e+00	0.000000000000e+00	0.000000000000e+00	0.000000000000e+00	0.000000000000e+00	0.000000000000e+00	0.000000000000e+00
4.315000000000e+00	0.000000000000e+00	0.000000000000e+00	0.000000000000e+00	0.000000000000e+00	0.000000000000e+00	0.000000000000e+00	0.000000000000e+00	0.000000000000e+00	0.000000000000e+00	0.000000000000e+00
4.316250000000e+00	0.000000000000e+00	0.000000000000e+00	0.000000000000e+00	0.000000000000e+00	0.000000000000e+00	0.000000000000e+00	0.000000000000e+00	0.000000000000e+00	0.000000000000e+00	0.000000000000e+00
4.317500000000e+00	0.000000000000e+00	0.000000000000e+00	0.000000000000e+00	0.000000000000e+00	0.000000000000e+00	0.000000000000e+00	0.000000000000e+00	0.000000000000e+00	0.000000000000e+00	0.000000000000e+00
4.318750000000e+00	0.000000000000e+00	0.000000000000e+00	0.000000000000e+00	0.000000000000e+00	0.000000000000e+00	0.000000000000e+00	0.000000000000e+00	0.000000000000e+00	0.000000000000e+00	0.000000000000e+00
4.320000000000e+00	0.000000000000e+00	0.000000000000e+00	0.000000000000e+00	0.000000000000e+00	0.000000000000e+00	0.000000000000e+00	0.000000000000e+00	0.000000000000e+00	0.000000000000e+00	0.000000000000e+00
4.321250000000e+00	0.000000000000e+00	0.000000000000e+00	0.000000000000e+00	0.000000000000e+00	0.000000000000e+00	0.000000000000e+00	0.000000000000e+00	0.000000000000e+00	0.000000000000e+00	0.000000000000e+00
4.322500000000e+00	0.000000000000e+00	0.000000000000e+00	0.000000000000e+00	0.000000000000e+00	0.000000000000e+00	0.000000000000e+00	0.000000000000e+00	0.000000000000e+00	0.000000000000e+00	0.000000000000e+00
4.323750000000e+00	0.000000000000e+00	0.000000000000e+00	0.000000000000e+00	0.000000000000e+00	0.000000000000e+00	0.000000000000e+00	0.000000000000e+00	0.000000000000e+00	0.000000000000e+00	0.000000000000e+00
4.325000000000e+00	0.000000000000e+00	0.000000000000e+00	0.000000000000e+00	0.000000000000e+00	0.000000000000e+00	0.000000000000e+00	0.000000000000e+00	0.000000000000e+00	0.000000000000e+00	0.000000000000e+00
4.326250000000e+00	0.000000000000e+00	0.000000000000e+00	0.000000000000e+00	0.000000000000e+00	0.000000000000e+00	0.000000000000e+00	0.000000000000e+00	0.000000000000e+00	0.000000000000e+00	0.000000000000e+00
4.327500000000e+00	0.000000000000e+00	0.000000000000e+00	0.000000000000e+00	0.000000000000e+00	0.000000000000e+00	0.000000000000e+00	0.000000000000e+00	0.000000000000e+00	0.000000000000e+00	0.000000000000e+00
4.328750000000e+00	0.000000000000e+00	0.000000000000e+00	0.000000000000e+00	0.000000000000e+00	0.000000000000e+00	0.000000000000e+00	0.000000000000e+00	0.000000000000e+00	0.000000000000e+00	0.000000000000e+00
4.330000000000e+00	0.000000000000e+00	0.000000000000e+00	0.000000000000e+00	0.000000000000e+00	0.000000000000e+00	0.000000000000e+00	0.000000000000e+00	0.000000000000e+00	0.000000000000e+00	0.000000000000e+00
4.331250000000e+00	0.000000000000e+00	0.000000000000e+00	0.000000000000e+00	0.000000000000e+00	0.000000000000e+00	0.000000000000e+00	0.000000000000e+00	0.000000000000e+00	0.000000000000e+00	0.000000000000e+00
4.332500000000e+00	0.000000000000e+00	0.000000000000e+00	0.000000000000e+00	0.000000000000e+00	0.000000000000e+00	0.000000000000e+00	0.000000000000e+00	0.000000000000e+00	0.000000000000e+00	0.000000000000e+00
4.333750000000e+00	0.000000000000e+00	0.000000000000e+00	0.000000000000e+00	0.000000000000e+00	0.000000000000e+00	0.000000000000e+00	0.000000000000e+00	0.000000000000e+00	0.000000000000e+00	0.000000000000e+00
4.335000000000e+00	0.000000000000e+00	0.000000000000e+00	0.000000000000e+00	0.000000000000e+00	0.000000000000e+00	0.000000000000e+00	0.000000000000e+00	0.000000000000e+00	0.000000000000e+00	0.000000000000e+00
4.336250000000e+00	0.000000000000e+00	0.000000000000e+00	0.000000000000e+00	0.000000000000e+00	0.000000000000e+00	0.000000000000e+00	0.000000000000e+00	0.000000000000e+00	0.000000000000e+00	0.000000000000e+00
4.337500000000e+00	0.000000000000e+00	0.000000000000e+00	0.000000000000e+00	0.000000000000e+00	0.000000000000e+00	0.000000000000e+00	0.000000000000e+00	0.000000000000e+00	0.000000000000e+00	0.000000000000e+00
4.338750000000e+00	0.000000000000e+00	0.000000000000e+00	0.000000000000e+00	0.000000000000e+00	0.000000000000e+00	0.000000000000e+00	0.000000000000e+00	0.000000000000e+00	0.000000000000e+00	0.000000000000e+00
4.340000000000e+00	0.000000000000e+00	0.000000000000e+00	0.000000000000e+00	0.000000000000e+00	0.000000000000e+00	0.000000000000e+00	0.000000000000e+00	0.000000000000e+00	0.000000000000e+00	0.000000000000e+00
4.341250000000e+00	0.000000000000e+00	0.000000000000e+00	0.000000000000e+00	0.000000000000e+00	0.000000000000e+00	0.000000000000e+00	0.000000000000e+00	0.000000000000e+00	0.000000000000e+00	0.000000000000e+00
4.342500000000e+00	0.000000000000e+00	0.000000000000e+00	0.000000000000e+00	0.000000000000e+00	0.000000000000e+00	0.000000000000e+00	0.000000000000e+00	0.000000000000e+00	0.000000000000e+00	0.000000000000e+00
4.343750000000e+00	0.000000000000e+00	0.000000000000e+00	0.000000000000e+00	0.000000000000e+00	0.000000000000e+00	0.000000000000e+00	0.000000000000e+00	0.000000000000e+00	0.000000000000e+00	0.000000000000e+00
4.345000000000e+00	0.000000000000e+00	0.000000000000e+00	0.000000000000e+00	0.000000000000e+00	0.000000000000e+00	0.000000000000e+00	0.000000000000e+00	0.000000000000e+00	0.000000000000e+00	0.000000000000e+00
4.346250000000e+00	0.000000000000e+00	0.000000000000e+00	0.000000000000e+00	0.000000000000e+00	0.000000000000e+00	0.000000000000e+00	0.000000000000e+00	0.000000000000e+00	0.000000000000e+00	0.000000000000e+00
4.347500000000e+00	0.000000000000e+00	0.000000000000e+00	0.000000000000e+00	0.000000000000e+00	0.000000000000e+00	0.000000000000e+00	0.000000000000e+00	0.000000000000e+00	0.000000000000e+00	0.000000000000e+00
4.348750000000e+00	0.000000000000e+00	0.000000000000e+00	0.000000000000e+00	0.000000000000e+00	0.000000000000e+00	0.000000000000e+00	0.000000000000e+00	0.000000000000e+00	0.000000000000e+00	0.000000000000e+00
4.350000000000e+00	0.000000000000e+00	0.000000000000e+00	0.000000000000e+00	0.000000000000e+00	0.000000000000e+00	0.000000000000e+00	0.000000000000e+00	0.000000000000e+00	0.000000000000e+00	0.000000000000e+00
4.351250000000e+00	0.000000000000e+00	0.000000000000e+00	0.000000000000e+00	0.000000000000e+00	0.000000000000e+00	0.000000000000e+00	0.000000000000e+00	0.000000000000e+00	0.000000000000e+00	0.000000000000e+00
4.352500000000e+00	0.000000000000e+00	0.000000000000e+00	0.000000000000e+00	0.000000000000e+00	0.000000000000e+00	0.000000000000e+00	0.000000000000e+00	0.000000000000e+00	0.000000000000e+00	0.000000000000e+00
4.353750000000e+00	0.000000000000e+00	0.000000000000e+00	0.000000000000e+00	0.000000000000e+00	0.000000000000e+00	0.000000000000e+00	0.000000000000e+00	0.000000000000e+00	0.000000000000e+00	0.000000000000e+00
4.355000000000e+00	0.000000000000e+00	0.000000000000e+00	0.000000000000e+00	0.000000000000e+00	0.000000000000e+00	0.000000000000e+00	0.000000000000e+00	0.000000000000e+00	0.000000000000e+00	0.000000000000e+00
4.356250000000e+00	0.000000000000e+00	0.000000000000e+00	0.000000000000e+00	0.000000000000e+00	0.000000000000e+00	0.000000000000e+00	0.000000000000e+00	0.000000000000e+00	0.000000000000e+00	0.000000000000e+00
4.357500000000e+00	0.000000000000e+00	0.000000000000e+00	0.000000000000e+00	0.000000000000e+00	0.000000000000e+00	0.000000000000e+00	0.000000000000e+00	0.000000000000e+00	0.000000000000e+00	0.000000000000e+00
4.358750000000e+00	0.000000000000e+00	0.000000000000e+00	0.000000000000e+00	0.000000000000e+00	0.000000000000e+00	0.000000000000e+00	0.000000000000e+00	0.000000000000e+00	0.000000000000e+00	0.000000000000e+00
4.360000000000e+00	0.000000000000e+00	0.000000000000e+00	0.000000000000e+00	0.000000000000e+00	0.000000000000e+00	0.000000000000e+00	0.000000000000e+00	0.000000000000e+00	0.000000000000e+00	0.000000000000e+00
4.361250000000e+00	0.000000000000e+00	0.000000000000e+00	0.000000000000e+00	0.000000000000e+00	0.000000000000e+00	0.000000000000e+00	0.000000000000e+00	0.000000000000e+00	0.000000000000e+00	0.000000000000e+00
4.362500000000e+00	0.000000000000e+00	0.000000000000e+00	0.000000000000e+00	0.000000000000e+00	0.000000000000e+00	0.000000000000e+00	0.000000000000e+00	0.000000000000e+00	0.000000000000e+00	0.000000000000e+00
4.363750000000e+00	0.000000000000e+00	0.000000000000e+00	0.000000000000e+00	0.000000000000e+00	0.000000000000e+00	0.000000000000e+00	0.000000000000e+00	0.000000000000e+00	0.000000000000e+00	0.000000000000e+00
4.365000000000e+00	0.000000000000e+00	0.000000000000e+00	0.000000000000e+00	0.000000000000e+00	0.000000000000e+00	0.000000000000e+00	0.000000000000e+00	0.000000000000e+00	0.000000000000e+00	0.000000000000e+00
4.366250000000e+00	0.000000000000e+00	0.000000000000e+00	0.000000000000e+00	0.000000000000e+00	0.000000000000e+00	0.000000000000e+00	0.000000000000e+00	0.000000000000e+00	0.000000000000e+00	0.000000000000e+00
4.367500000000e+00	0.000000000000e+00	0.000000000000e+00	0.000000000000e+00	0.000000000000e+00	0.000000000000e+00	0.000000000000e+00	0.000000000000e+00	0.000000000000e+00	0.000000000000e+00	0.000000000000e+00
4.368750000000e+00	0.000000000000e+00	0.000000000000e+00	0.000000000000e+00	0.000000000000e+00	0.000000000000e+00	0.000000000000e+00	0.000000000000e+00	0.000000000000e+00	0.000000000000e+00	0.000000000000e+00
4.370000000000e+00	0.000000000000e+00	0.000000000000e+00	0.000000000000e+00	0.000000000000e+00	0.000000000000e+00	0.000000000000e+00	0.000000000000e+00	0.000000000000e+00	0.000000000000e+00	0.000000000000e+00
4.371250000000e+00	0.000000000000e+00	0.000000000000e+00	0.000000000000e+00	0.000000000000e+00	0.000000000000e+00	0.000000000000e+00	0.000000000000e+00	0.000000000000e+00	0.000000000000e+00	0.000000000000e+00
4.372500000000e+00	0.000000000000e+00	0.000000000000e+00	0.000000000000e+00	0.000000000000e+00	0.000000000000e+00	0.000000000000e+00	0.000000000000e+00	0.000000000000e+00	0.000000000000e+00	0.000000000000e+00
4.373750000000e+00	0.000000000000e+00	0.000000000000e+00	0.000000000000e+00	0.000000000000e+00	0.000000000000e+00	0.000000000000e+00	0.000000000000e+00	0.000000000000e+00	0.000000000000e+00	0.000000000000e+00
4.375000000000e+00	0.000000000000e+00	0.000000000000e+00	0.000000000000e+00	0.000000000000e+00	0.000000000000e+00	0.000000000000e+00	0.000000000000e+00	0.000000000000e+00	0.000000000000e+00	0.000000000000e+00
4.376250000000e+00	0.000000000000e+00	0.000000000000e+00	0.000000000000e+00	0.000000000000e+00	0.000000000000e+00	0.000000000000e+00	0.000000000000e+00	0.000000000000e+00	0.000000000000e+00	0.000000000000e+00
4.377500000000e+00	0.000000000000e+00	0.000000000000e+00	0.000000000000e+00	0.000000000000e+00	0.000000000000e+00	0.000000000000e+00	0.000000000000e+00	0.000000000000e+00	0.000000000000e+00	0.000000000000e+00
4.378750000000e+00	0.000000000000e+00	0.000000000000e+00	0.000000000000e+00	0.000000000000e+00	0.000000000000e+00	0.000000000000e+00	0.000000000000e+00	0.000000000000e+00	0.000000000000e+00	0.000000000000e+00
4.380000000000e+00	0.000000000000e+00	0.000000000000e+00	0.000000000000e+00	0.000000000000e+00	0.000000000000e+00	0.000000000000e+00	0.000000000000e+00	0.000000000000e+00	0.000000000000e+00	0.000000000000e+00
4.381250000000e+00	0.000000000000e+00	0.000000000000e+00	0.000000000000e+00	0.000000000000e+00	0.000000000000e+00	0.000000000000e+00	0.000000000000e+00	0.000000000000e+00	0.000000000000e+00	0.000000000000e+00
4.382500000000e+00	0.000000000000e+00	0.000000000000e+00	0.000000000000e+00	0.000000000000e+00	0.000000000000e+00	0.000000000000e+00	0.000000000000e+00	0.000000000000e+00	0.000000000000e+00	0.000000000000e+00
4.383750000000e+00	0.000000000000e+00	0.000000000000e+00	0.000000000000e+00	0.000000000000e+00	0.000000000000e+00	0.000000000000e+00	0.000000000000e+00	0.000000000000e+00	0.000000000000e+00	0.000000000000e+00
4.385000000000e+00	0.000000000000e+00	0.000000000000e+00	0.000000000000e+00	0.000000000000e+00	0.000000000000e+00	0.000000000000e+00	0.000000000000e+00	0.000000000000e+00	0.000000000000e+00	0.000000000000e+00
4.386250000000e+00	0.000000000000e+00	0.000000000000e+00	0.000000000000e+00	0.000000000000e+00	0.000000000000e+00	0.000000000000e+00	0.000000000000e+00	0.000000000000e+00	0.000000000000e+00	0.000000000000e+00
4.387500000000e+00	0.000000000000e+00	0.000000000000e+00	0.000000000000e+00	0.000000000000e+00	0.000000000000e+00	0.000000000000e+00	0.000000000000e+00	0.000000000000e+00	0.000000000000e+00	0.000000000000e+00
4.388750000000e+00	0.000000000000e+00	0.000000000000e+00	0.000000000000e+00	0.000000000000e+00	0.000000000000e+00	0.000000000000e+00	0.000000000000e+00	0.000000000000e+00	0.000000000000e+00	0.000000000000e+00
4.390000000000e+00	0.000000000000e+00	0.000000000000e+00	0.000000000000e+00	0.000000000000e+00	0.000000000000e+00	0.000000000000e+00	0.000000000000e+00	0.000000000000e+00	0.000000000000e+00	0.000000000000e+00
4.391250000000e+00	0.000000000000e+00	0.000000000000e+00	0.000000000000e+00	0.000000000000e+00	0.000000000000e+00	0.000000000000e+00	0.000000000000e+00	0.000000000000e+00	0.000000000000e+00	0.000000000000e+00
4.392500000000e+00	0.000000000000e+00	0.000000000000e+00	0.000000000000e+00	0.000000000000e+00	0.000000000000e+00	0.000000000000e+00	0.000000000000e+00	0.000000000000e+00	0.000000000000e+00	0.000000000000e+00
4.393750000000e+00	0.000000000000e+00	0.000000000000e+00	0.000000000000e+00	0.000000000000e+00	0.000000000000e+00	0.000000000000e+00	0.000000000000e+00	0.000000000000e+00	0.000000000000e+00	0.000000000000e+00
4.395000000000e+00	0.000000000000e+00	0.000000000000e+00	0.000000000000e+00	0.000000000000e+00	0.000000000000e+00	0.000000000000e+00	0.000000000000e+00	0.000000000000e+00	0.000000000000e+00	0.000000000000e+00
4.396250000000e+00	0.000000000000e+00	0.000000000000e+00	0.000000000000e+00	0.000000000000e+00	0.000000000000e+00	0.000000000000e+00	0.000000000000e+00	0.000000000000e+00	0.000000000000e+00	0.000000000000e+00
4.397500000000e+00	0.000000000000e+00	0.000000000000e+00	0.000000000000e+00	0.000000000000e+00	0.000000000000e+00	0.000000000000e+00	0.000000000000e+00	0.000000000000e+00	0.000000000000e+00	0.000000000000e+00
4.398750000000e+00	0.000000000000e+00	0.000000000000e+00	0.000000000000e+00	0.000000000000e+00	0.000000000000e+00	0.000000000000e+00	0.000000000000e+00	0.000000000000e+00	0.000000000000e+00	0.000000000000e+00
4.400000000000e+00	0.000000000000e+00	0.000000000000e+00	0.000000000000e+00	0.000000000000e+00	0.000000000000e+00	0.000000000000e+00	0.000000000000e+00	0.000000000000e+00	0.000000000000e+00	0.000000000000e+00
4.401250000000e+00	0.000000000000e+00	0.000000000000e+00	0.000000000000e+00	0.000000000000e+00	0.000000000000e+00	0.000000000000e+00	0.000000000000e+00	0.000000000000e+00	0.000000000000e+00	0.000000000000e+00
4.402500000000e+00	0.000000000000e+00	0.000000000000e+00	0.000000000000e+00	0.000000000000e+00	0.000000000000e+00	0.000000000000e+00	0.000000000000e+00	0.000000000000e+00	0.000000000000e+00	0.000000000000e+00
4.403750000000e+00	0.000000000000e+00	0.000000000000e+00	0.000000000000e+00	0.000000000000e+00	0.000000000000e+00	0.000000000000e+00	0.000000000000e+00	0.000000000000e+00	0.000000000000e+00	0.000000000000e+00
4.405000000000e+00	0.000000000000e+00	0.000000000000e+00	0.000000000000e+00	0.000000000000e+00	0.000000000000e+00	0.000000000000e+00	0.000000000000e+00	0.000000000000e+00	0.000000000000e+00	0.000000000000e+00
4.406250000000e+00	0.000000000000e+00	0.000000000000e+00	0.000000000000e+00	0.000000000000e+00	0.000000000000e+00	0.000000000000e+00	0.000000000000e+00	0.000000000000e+00	0.000000000000e+00	0.000000000000e+00
4.407500000000e+00	0.000000000000e+00	0.000000000000e+00	0.000000000000e+00	0.000000000000e+00	0.000000000000e+00	0.000000000000e+00	0.000000000000e+00	0.000000000000e+00	0.000000000000e+00	0.000000000000e+00
4.408750000000e+00	0.000000000000e+00	0.000000000000e+00	0.000000000000e+00	0.000000000000e+00	0.000000000000e+00	0.000000000000e+00	0.000000000000e+00	0.000000000000e+00	0.000000000000e+00	0.000000000000e+00
4.410000000000e+00	0.000000000000e+00	0.000000000000e+00	0.000000000000e+00	0.000000000000e+00	0.000000000000e+00	0.000000000000e+00	0.000000000000e+00	0.000000000000e+00	0.000000000000e+00	0.000000000000e+00
4.411250000000e+00	0.000000000000e+00	0.000000000000e+00	0.000000000000e+00	0.000000000000e+00	0.000000000000e+00	0.000000000000e+00	0.000000000000e+00	0.000000000000e+00	0.000000000000e+00	0.000000000000e+00
4.412500000000e+00	0.000000000000e+00	0.000000000000e+00	0.000000000000e+00	0.000000000000e+00	0.000000000000e+00	0.000000000000e+00	0.000000000000e+00	0.000000000000e+00	0.000000000000e+00	0.000000000000e+00
4.413750000000e+00	0.000000000000e+00	0.000000000000e+00	0.000000000000e+00	0.000000000000e+00	0.000000000000e+00	0.000000000000e+00	0.000000000000e+00	0.000000000000e+00	0.000000000000e+00	0.000000000000e+00
4.415000000000e+00	0.000000000000e+00	0.000000000000e+00	0.000000000000e+00	0.000000000000e+00	0.000000000000e+00	0.000000000000e+00	0.000000000000e+00	0.000000000000e+00	0.000000000000e+00	0.000000000000e+00
4.416250000000e+00	0.000000000000e+00	0.000000000000e+00	0.000000000000e+00	0.000000000000e+00	0.000000000000e+00	0.000000000000e+00	0.000000000000e+00	0.000000000000e+00	0.000000000000e+00	0.000000000000e+00
4.417500000000e+00	0.000000000000e+00	0.000000000000e+00	0.000000000000e+00	0.000000000000e+00	0.000000000000e+00	0.000000000000e+00	0.000000000000e+00	0.000000000000e+00	0.000000000000e+00	0.000000000000e+00
4.418750000000e+00	0.000000000000e+00	0.000000000000e+00	0.000000000000e+00	0.000000000000e+00	0.000000000000e+00	0.000000000000e+00	0.000000000000e+00	0.000000000000e+00	0.000000000000e+00	0.000000000000e+00
4.420000000000e+00	0.000000000000e+00	0.000000000000e+00	0.000000000000e+00	0.000000000000e+00	0.000000000000e+00	0.000000000000e+00	0.000000000000e+00	0.000000000000e+00	0.000000000000e+00	0.000000000000e+00
4.421250000000e+00	0.000000000000e+00	0.000000000000e+00	0.000000000000e+00	0.000000000000e+00	0.000000000000e+00	0.000000000000e+00	0.000000000000e+00	0.000000000000e+00	0.000000000000e+00	0.000000000000e+00
4.422500000000e+00	0.000000000000e+00	0.000000000000e+00	0.000000000000e+00	0.000000000000e+00	0.000000000000e+00	0.000000000000e+00	0.000000000000e+00	0.000000000000e+00	0.000000000000e+00	0.000000000000e+00
4.423750000000e+00	0.000000000000e+00	0.000000000000e+00	0.000000000000e+00	0.000000000000e+00	0.000000000000e+00	0.000000000000e+00	0.000000000000e+00	0.000000000000e+00	0.000000000000e+00	0.000000000000e+00
4.425000000000e+00	0.000000000000e+00	0.000000000000e+00	0.000000000000e+00	0.000000000000e+00	0.000000000000e+00	0.000000000000e+00	0.000000000000e+00	0.000000000000e+00	0.000000000000e+00	0.000000000000e+00
4.426250000000e+00	0.000000000000e+00	0.000000000000e+00	0.000000000000e+00	0.000000000000e+00	0.000000000000e+00	0.000000000000e+00	0.000000000000e+00	0.000000000000e+00	0.000000000000e+00	0.000000000000e+00
4.427500000000e+00	0.000000000000e+00	0.000000000000e+00	0.000000000000e+00	0.000000000000e+00	0.000000000000e+00	0.000000000000e+00	0.000000000000e+00	0.000000000000e+00	0.000000000000e+00	0.000000000000e+00
4.428750000000e+00	0.000000000000e+00	0.000000000000e+00	0.000000000000e+00	0.000000000000e+00	0.000000000000e+00	0.000000000000e+00	0.000000000000e+00	0.000000000000e+00	0.000000000000e+00	0.000000000000e+00
4.430000000000e+00	0.000000000000e+00	0.000000000000e+00	0.000000000000e+00	0.000000000000e+00	0.000000000000e+00	0.000000000000e+00	0.000000000000e+00	0.000000000000e+00	0.000000000000e+00	0.000000000000e+00
4.431250000000e+00	0.000000000000e+00	0.000000000000e+00	0.000000000000e+00	0.000000000000e+00	0.000000000000e+00	0.000000000000e+00	0.000000000000e+00	0.000000000000e+00	0.000000000000e+00	0.000000000000e+00
4.432500000000e+00	0.000000000000e+00	0.000000000000e+00	0.000000000000e+00	0.000000000000e+00	0.000000000000e+00	0.000000000000e+00	0.000000000000e+00	0.000000000000e+00	0.000000000000e+00	0.000000000000e+00
4.433750000000e+00	0.000000000000e+00	0.000000000000e+00	0.000000000000e+00	0.000000000000e+00	0.000000000000e+00	0.000000000000e+00	0.000000000000e+00	0.000000000000e+00	0.000000000000e+00	0.000000000000e+00
4.435000000000e+00	0.000000000000e+00	0.000000000000e+00	0.000000000000e+00	0.000000000000e+00	0.000000000000e+00	0.000000000000e+00	0.000000000000e+00	0.000000000000e+00	0.000000000000e+00	0.000000000000e+00
4.436250000000e+00	0.000000000000e+00	0.000000000000e+00	0.000000000000e+00	0.000000000000e+00	0.000000000000e+00	0.000000000000e+00	0.000000000000e+00	0.000000000000e+00	0.000000000000e+00	0.000000000000e+00
4.437500000000e+00	0.000000000000e+00	0.000000000000e+00	0.000000000000e+00	0.000000000000e+00	0.000000000000e+00	0.000000000000e+00	0.000000000000e+00	0.000000000000e+00	0.000000000000e+00	0.000000000000e+00
4.438750000000e+00	0.000000000000e+00	0.000000000000e+00	0.000000000000e+00	0.000000000000e+00	0.000000000000e+00	0.000000000000e+00	0.000000000000e+00	0.000000000000e+00	0.000000000000e+00	0.000000000000e+00
4.440000000000e+00	0.000000000000e+00	0.000000000000e+00	0.000000000000e+00	0.000000000000e+00	0.000000000000e+00	0.000000000000e+00	0.000000000000e+00	0.000000000000e+00	0.000000000000e+00	0.000000000000e+00
4.441250000000e+00	0.000000000000e+00	0.000000000000e+00	0.000000000000e+00	0.000000000000e+00	0.000000000000e+00	0.000000000000e+00	0.000000000000e+00	0.000000000000e+00	0.000000000000e+00	0.000000000000e+00
4.442500000000e+00	0.000000000000e+00	0.000000000000e+00	0.000000000000e+00	0.000000000000e+00	0.000000000000e+00	0.000000000000e+00	0.000000000000e+00	0.000000000000e+00	0.000000000000e+00	0.000000000000e+00
4.443750000000e+00	0.000000000000e+00	0.000000000000e+00	0.000000000000e+00	0.000000000000e+00	0.000000000000e+00	0.000000000000e+00	0.000000000000e+00	0.000000000000e+00	0.000000000000e+00	0.000000000000e+00
4.445000000000e+00	0.000000000000e+00	0.000000000000e+00	0.000000000000e+00	0.000000000000e+00	0.000000000000e+00	0.000000000000e+00	0.000000000000e+00	0.000000000000e+00	0.000000000000e+00	0.000000000000e+00
4.446250000000e+00	0.000000000000e+00	0.000000000000e+00	0.000000000000e+00	0.000000000000e+00	0.000000000000e+00	0.000000000000e+00	0.000000000000e+00	0.000000000000e+00	0.000000000000e+00	0.000000000000e+00
4.447500000000e+00	0.000000000000e+00	0.000000000000e+00	0.000000000000e+00	0.000000000000e+00	0.000000000000e+00	0.000000000000e+00	0.000000000000e+00	0.000000000000e+00	0.000000000000e+00	0.000000000000e+00
4.448750000000e+00	0.000000000000e+00	0.000000000000e+00	0.000000000000e+00	0.000000000000e+00	0.000000000000e+00	0.000000000000e+00	0.000000000000e+00	0.000000000000e+00	0.000000000000e+00	0.000000000000e+00
4.450000000000e+00	0.000000000000e+00	0.000000000000e+00	0.000000000000e+00	0.000000000000e+00	0.000000000000e+00	0.000000000000e+00	0.000000000000e+00	0.000000000000e+00	0.000000000000e+00	0.000000000000e+00
4.451250000000e+00	0.000000000000e+00	0.000000000000e+00	0.000000000000e+00	0.000000000000e+00	0.000000000000e+00	0.000000000000e+00	0.000000000000e+00	0.000000000000e+00	0.000000000000e+00	0.000000000000e+00
4.452500000000e+00	0.000000000000e+00	0.000000000000e+00	0.000000000000e+00	0.000000000000e+00	0.000000000000e+00	0.000000000000e+00	0.000000000000e+00	0.000000000000e+00	0.000000000000e+00	0.000000000000e+00
4.453750000000e+00	0.000000000000e+00	0.000000000000e+00	0.000000000000e+00	0.000000000000e+00	0.000000000000e+00	0.000000000000e+00	0.000000000000e+00	0.000000000000e+00	0.000000000000e+00	0.000000000000e+00
4.455000000000e+00	0.000000000000e+00	0.000000000000e+00	0.000000000000e+00	0.000000000000e+00	0.000000000000e+00	0.000000000000e+00	0.000000000000e+00	0.000000000000e+00	0.000000000000e+00	0.000000000000e+00
4.456250000000e+00	0.000000000000e+00	0.000000000000e+00	0.000000000000e+00	0.000000000000e+00	0.000000000000e+00	0.000000000000e+00	0.000000000000e+00	0.000000000000e+00	0.000000000000e+00	0.000000000000e+00
4.457500000000e+00	0.000000000000e+00	0.000000000000e+00	0.000000000000e+00	0.000000000000e+00	0.000000000000e+00	0.000000000000e+00	0.000000000000e+00	0.000000000000e+00	0.000000000000e+00	0.000000000000e+00
4.458750000000e+00	0.000000000000e+00	0.000000000000e+00	0.000000000000e+00	0.000000000000e+00	0.000000000000e+00	0.000000000000e+00	0.000000000000e+00	0.000000000000e+00	0.000000000000e+00	0.000000000000e+00
4.460000000000e+00	0.000000000000e+00	0.000000000000e+00	0.000000000000e+00	0.000000000000e+00	0.000000000000e+00	0.000000000000e+00	0.000000000000e+00	0.000000000000e+00	0.000000000000e+00	0.000000000000e+00
4.461250000000e+00	0.000000000000e+00	0.000000000000e+00	0.000000000000e+00	0.000000000000e+00	0.000000000000e+00	0.000000000000e+00	0.000000000000e+00	0.000000000000e+00	0.000000000000e+00	0.000000000000e+00
4.462500000000e+00	0.000000000000e+00	0.000000000000e+00	0.000000000000e+00	0.000000000000e+00	0.000000000000e+00	0.000000000000e+00	0.000000000000e+00	0.000000000000e+00	0.000000000000e+00	0.000000000000e+00
4.463750000000e+00	0.000000000000e+00	0.000000000000e+00	0.000000000000e+00	0.000000000000e+00	0.000000000000e+00	0.000000000000e+00	0.000000000000e+00	0.000000000000e+00	0.000000000000e+00	0.000000000000e+00
4.465000000000e+00	0.000000000000e+00	0.000000000000e+00	0.000000000000e+00	0.000000000000e+00	0.000000000000e+00	0.000000000000e+00	0.000000000000e+00	0.000000000000e+00	0.000000000000e+00	0.000000000000e+00
4.466250000000e+00	0.000000000000e+00	0.000000000000e+00	0.000000000000e+00	0.000000000000e+00	0.000000000000e+00	0.000000000000e+00	0.000000000000e+00	0.000000000000e+00	0.000000000000e+00	0.000000000000e+00
4.467500000000e+00	0.000000000000e+00	0.000000000000e+00	0.000000000000e+00	0.000000000000e+00	0.000000000000e+00	0.000000000000e+00	0.000000000000e+00	0.000000000000e+00	0.000000000000e+00	0.000000000000e+00
4.468750000000e+00	0.000000000000e+00	0.000000000000e+00	0.000000000000e+00	0.000000000000e+00	0.000000000000e+00	0.000000000000e+00	0.000000000000e+00	0.000000000000e+00	0.000000000000e+00	0.000000000000e+00
4.470000000000e+00	0.000000000000e+00	0.000000000000e+00	0.000000000000e+00	0.000000000000e+00	0.000000000000e+00	0.000000000000e+00	0.000000000000e+00	0.000000000000e+00	0.000000000000e+00	0.000000000000e+00
4.471250000000e+00	0.000000000000e+00	0.000000000000e+00	0.000000000000e+00	0.000000000000e+00	0.000000000000e+00	0.000000000000e+00	0.000000000000e+00	0.000000000000e+00	0.000000000000e+00	0.000000000000e+00
4.472500000000e+00	0.000000000000e+00	0.000000000000e+00	0.000000000000e+00	0.000000000000e+00	0.000000000000e+00	0.000000000000e+00	0.000000000000e+00	0.000000000000e+00	0.000000000000e+00	0.000000000000e+00
4.473750000000e+00	0.000000000000e+00	0.000000000000e+00	0.000000000000e+00	0.000000000000e+00	0.000000000000e+00	0.000000000000e+00	0.000000000000e+00	0.000000000000e+00	0.000000000000e+00	0.000000000000e+00
4.475000000000e+00	0.000000000000e+00	0.000000000000e+00	0.000000000000e+00	0.000000000000e+00	0.000000000000e+00	0.000000000000e+00	0.000000000000e+00	0.000000000000e+00	0.000000000000e+00	0.000000000000e+00
4.476250000000e+00	0.000000000000e+00	0.000000000000e+00	0.000000000000e+00	0.000000000000e+00	0.000000000000e+00	0.000000000000e+00	0.000000000000e+00	0.000000000000e+00	0.000000000000e+00	0.000000000000e+00
4.477500000000e+00	0.000000000000e+00	0.000000000000e+00	0.000000000000e+00	0.000000000000e+00	0.000000000000e+00	0.000000000000e+00	0.000000000000e+00	0.000000000000e+00	0.000000000000e+00	0.000000000000e+00
4.478750000000e+00	0.000000000000e+00	0.000000000000e+00	0.000000000000e+00	0.000000000000e+00	0.000000000000e+00	0.000000000000e+00	0.000000000000e+00	0.000000000000e+00	0.000000000000e+00	0.000000000000e+00
4.480000000000e+00	0.000000000000e+00	0.000000000000e+00	0.000000000000e+00	0.000000000000e+00	0.000000000000e+00	0.000000000000e+00	0.000000000000e+00	0.000000000000e+00	0.000000000000e+00	0.000000000000e+00
4.481250000000e+00	0.000000000000e+00	0.000000000000e+00	0.000000000000e+00	0.000000000000e+00	0.000000000000e+00	0.000000000000e+00	0.000000000000e+00	0.000000000000e+00	0.000000000000e+00	0.000000000000e+00
4.482500000000e+00	0.000000000000e+00	0.000000000000e+00	0.000000000000e+00	0.000000000000e+00	0.000000000000e+00	0.000000000000e+00	0.000000000000e+00	0.000000000000e+00	0.000000000000e+00	0.000000000000e+00
4.483750000000e+00	0.000000000000e+00	0.000000000000e+00	0.000000000000e+00	0.000000000000e+00	0.000000000000e+00	0.000000000000e+00	0.000000000000e+00	0.000000000000e+00	0.000000000000e+00	0.000000000000e+00
4.485000000000e+00	0.000000000000e+00	0.000000000000e+00	0.000000000000e+00	0.000000000000e+00	0.000000000000e+00	0.000000000000e+00	0.000000000000e+00	0.000000000000e+00	0.000000000000e+00	0.000000000000e+00
4.486250000000e+00	0.000000000000e+00	0.000000000000e+00	0.000000000000e+00	0.000000000000e+00	0.000000000000e+00	0.000000000000e+00	0.000000000000e+00	0.000000000000e+00	0.000000000000e+00	0.000000000000e+00
4.487500000000e+00	0.000000000000e+00	0.000000000000e+00	0.000000000000e+00	0.000000000000e+00	0.000000000000e+00	0.000000000000e+00	0.000000000000e+00	0.000000000000e+00	0.000000000000e+00	0.000000000000e+00
4.488750000000e+00	0.000000000000e+00	0.000000000000e+00	0.000000000000e+00	0.000000000000e+00	0.000000000000e+00	0.000000000000e+00	0.000000000000e+00	0.000000000000e+00	0.000000000000e+00	0.000000000000e+00
4.490000000000e+00	0.000000000000e+00	0.000000000000e+00	0.000000000000e+00	0.000000000000e+00	0.000000000000e+00	0.000000000000e+00	0.000000000000e+00	0.000000000000e+00	0.000000000000e+00	0.000000000000e+00
4.491250000000e+00	0.000000000000e+00	0.000000000000e+00	0.000000000000e+00	0.000000000000e+00	0.000000000000e+00	0.000000000000e+00	0.000000000000e+00	0.000000000000e+00	0.000000000000e+00	0.000000000000e+00
4.492500000000e+00	0.000000000000e+00	0.000000000000e+00	0.000000000000e+00	0.000000000000e+00	0.000000000000e+00	0.000000000000e+00	0.000000000000e+00	0.000000000000e+00	0.000000000000e+00	0.000000000000e+00
4.493750000000e+00	0.000000000000e+00	0.000000000000e+00	0.000000000000e+00	0.000000000000e+00	0.000000000000e+00	0.000000000000e+00	0.000000000000e+00	0.000000000000e+00	0.000000000000e+00	0.000000000000e+00
4.495000000000e+00	0.000000000000e+00	0.000000000000e+00	0.000000000000e+00	0.000000000000e+00	0.000000000000e+00	0.000000000000e+00	0.000000000000e+00	0.000000000000e+00	0.000000000000e+00	0.000000000000e+00
4.496250000000e+00	0.000000000000e+00	0.000000000000e+00	0.000000000000e+00	0.000000000000e+00	0.000000000000e+00	0.000000000000e+00	0.000000000000e+00	0.000000000000e+00	0.000000000000e+00	0.000000000000e+00
4.497500000000e+00	0.000000000000e+00	0.000000000000e+00	0.000000000000e+00	0.000000000000e+00	0.000000000000e+00	0.000000000000e+00	0.000000000000e+00	0.000000000000e+00	0.000000000000e+00	0.000000000000e+00
4.498750000000e+00	0.000000000000e+00	0.000000000000e+00	0.000000000000e+00	0.000000000000e+00	0.000000000000e+00	0.000000000000e+00	0.000000000000e+00	0.000000000000e+00	0.000000000000e+00	0.000000000000e+00
4.500000000000e+00	0.000000000000e+00	0.000000000000e+00	0.000000000000e+00	0.000000000000e+00	0.000000000000e+00	0.000000000000e+00	0.000000000000e+00	0.000000000000e+00	0.000000000000e+00	0.000000000000e+00
4.501250000000e+00	0.000000000000e+00	0.000000000000e+00	0.000000000000e+00	0.000000000000e+00	0.000000000000e+00	0.000000000000e+00	0.000000000000e+00	0.000000000000e+00	0.000000000000e+00	0.000000000000e+00
4.502500000000e+00	0.000000000000e+00	0.000000000000e+00	0.000000000000e+00	0.000000000000e+00	0.000000000000e+00	0.000000000000e+00	0.000000000000e+00	0.000000000000e+00	0.000000000000e+00	0.000000000000e+00
4.503750000000e+00	0.000000000000e+00	0.000000000000e+00	0.000000000000e+00	0.000000000000e+00	0.000000000000e+00	0.000000000000e+00	0.000000000000e+00	0.000000000000e+00	0.000000000000e+00	0.000000000000e+00
4.505000000000e+00	0.000000000000e+00	0.000000000000e+00	0.000000000000e+00	0.000000000000e+00	0.000000000000e+00	0.000000000000e+00	0.000000000000e+00	0.000000000000e+00	0.000000000000e+00	0.000000000000e+00
4.506250000000e+00	0.000000000000e+00	0.000000000000e+00	0.000000000000e+00	0.000000000000e+00	0.000000000000e+00	0.000000000000e+00	0.000000000000e+00	0.000000000000e+00	0.000000000000e+00	0.000000000000e+00
4.507500000000e+00	0.000000000000e+00	0.000000000000e+00	0.000000000000e+00	0.000000000000e+00	0.000000000000e+00	0.000000000000e+00	0.000000000000e+00	0.000000000000e+00	0.000000000000e+00	0.000000000000e+00
4.508750000000e+00	0.000000000000e+00	0.000000000000e+00	0.000000000000e+00	0.000000000000e+00	0.000000000000e+00	0.000000000000e+00	0.000000000000e+00	0.000000000000e+00	0.000000000000e+00	0.000000000000e+00
4.510000000000e+00	0.000000000000e+00	0.000000000000e+00	0.000000000000e+00	0.000000000000e+00	0.000000000000e+00	0.000000000000e+00	0.000000000000e+00	0.000000000000e+00	0.000000000000e+00	0.000000000000e+00
4.511250000000e+00	0.000000000000e+00	0.000000000000e+00	0.000000000000e+00	0.000000000000e+00	0.000000000000e+00	0.000000000000e+00	0.000000000000e+00	0.000000000000e+00	0.000000000000e+00	0.000000000000e+00
4.512500000000e+00	0.000000000000e+00	0.000000000000e+00	0.000000000000e+00	0.000000000000e+00	0.000000000000e+00	0.000000000000e+00	0.000000000000e+00	0.000000000000e+00	0.000000000000e+00	0.000000000000e+00
4.513750000000e+00	0.000000000000e+00	0.000000000000e+00	0.000000000000e+00	0.000000000000e+00	0.000000000000e+00	0.000000000000e+00	0.000000000000e+00	0.000000000000e+00	0.000000000000e+00	0.000000000000e+00
4.515000000000e+00	0.000000000000e+00	0.000000000000e+00	0.000000000000e+00	0.000000000000e+00	0.000000000000e+00	0.000000000000e+00	0.000000000000e+00	0.000000000000e+00	0.000000000000e+00	0.000000000000e+00
4.516250000000e+00	0.000000000000e+00	0.000000000000e+00	0.000000000000e+00	0.000000000000e+00	0.000000000000e+00	0.000000000000e+00	0.000000000000e+00	0.000000000000e+00	0.000000000000e+00	0.000000000000e+00
4.517500000000e+00	0.000000000000e+00	0.000000000000e+00	0.000000000000e+00	0.000000000000e+00	0.000000000000e+00	0.000000000000e+00	0.000000000000e+00	0.000000000000e+00	0.000000000000e+00	0.000000000000e+00
4.518750000000e+00	0.000000000000e+00	0.000000000000e+00	0.000000000000e+00	0.000000000000e+00	0.000000000000e+00	0.000000000000e+00	0.000000000000e+00	0.000000000000e+00	0.000000000000e+00	0.000000000000e+00
4.520000000000e+00	0.000000000000e+00	0.000000000000e+00	0.000000000000e+00	0.000000000000e+00	0.000000000000e+00	0.000000000000e+00	0.000000000000e+00	0.000000000000e+00	0.000000000000e+00	0.000000000000e+00
4.521250000000e+00	0.000000000000e+00	0.000000000000e+00	0.000000000000e+00	0.000000000000e+00	0.000000000000e+00	0.000000000000e+00	0.000000000000e+00	0.000000000000e+00	0.000000000000e+00	0.000000000000e+00
4.522500000000e+00	0.000000000000e+00	0.000000000000e+00	0.000000000000e+00	0.000000000000e+00	0.000000000000e+00	0.000000000000e+00	0.000000000000e+00	0.000000000000e+00	0.000000000000e+00	0.000000000000e+00
4.523750000000e+00	0.000000000000e+00	0.000000000000e+00	0.000000000000e+00	0.000000000000e+00	0.000000000000e+00	0.000000000000e+00	0.000000000000e+00	0.000000000000e+00	0.000000000000e+00	0.000000000000e+00
4.525000000000e+00	0.000000000000e+00	0.000000000000e+00	0.000000000000e+00	0.000000000000e+00	0.000000000000e+00	0.000000000000e+00	0.000000000000e+00	0.000000000000e+00	0.000000000000e+00	0.000000000000e+00
4.526250000000e+00	0.000000000000e+00	0.000000000000e+00	0.000000000000e+00	0.000000000000e+00	0.000000000000e+00	0.000000000000e+00	0.000000000000e+00	0.000000000000e+00	0.000000000000e+00	0.000000000000e+00
4.527500000000e+00	0.000000000000e+00	0.000000000000e+00	0.000000000000e+00	0.000000000000e+00	0.000000000000e+00	0.000000000000e+00	0.000000000000e+00	0.000000000000e+00	0.000000000000e+00	0.000000000000e+00
4.528750000000e+00	0.000000000000e+00	0.000000000000e+00	0.000000000000e+00	0.000000000000e+00	0.000000000000e+00	0.000000000000e+00	0.000000000000e+00	0.000000000000e+00	0.000000000000e+00	0.000000000000e+00
4.530000000000e+00	0.000000000000e+00	0.000000000000e+00	0.000000000000e+00	0.000000000000e+00	0.000000000000e+00	0.000000000000e+00	0.000000000000e+00	0.000000000000e+00	0.000000000000e+00	0.000000000000e+00
4.531250000000e+00	0.000000000000e+00	0.000000000000e+00	0.000000000000e+00	0.000000000000e+00	0.000000000000e+00	0.000000000000e+00	0.000000000000e+00	0.000000000000e+00	0.000000000000e+00	0.000000000000e+00
4.532500000000e+00	0.000000000000e+00	0.000000000000e+00	0.000000000000e+00	0.000000000000e+00	0.000000000000e+00	0.000000000000e+00	0.000000000000e+00	0.000000000000e+00	0.000000000000e+00	0.000000000000e+00
4.533750000000e+00	0.000000000000e+00	0.000000000000e+00	0.000000000000e+00	0.000000000000e+00	0.000000000000e+00	0.000000000000e+00	0.000000000000e+00	0.000000000000e+00	0.000000000000e+00	0.000000000000e+00
4.535000000000e+00	0.000000000000e+00	0.000000000000e+00	0.000000000000e+00	0.000000000000e+00	0.000000000000e+00	0.000000000000e+00	0.000000000000e+00	0.000000000000e+00	0.000000000000e+00	0.000000000000e+00
4.536250000000e+00	0.000000000000e+00	0.000000000000e+00	0.000000000000e+00	0.000000000000e+00	0.000000000000e+00	0.000000000000e+00	0.000000000000e+00	0.000000000000e+00	0.000000000000e+00	0.000000000000e+00
4.537500000000e+00	0.000000000000e+00	0.000000000000e+00	0.000000000000e+00	0.000000000000e+00	0.000000000000e+00	0.000000000000e+00	0.000000000000e+00	0.000000000000e+00	0.000000000000e+00	0.000000000000e+00
4.538750000000e+00	0.000000000000e+00	0.000000000000e+00	0.000000000000e+00	0.000000000000e+00	0.000000000000e+00	0.000000000000e+00	0.000000000000e+00	0.000000000000e+00	0.000000000000e+00	0.000000000000e+00
4.540000000000e+00	0.000000000000e+00	0.000000000000e+00	0.000000000000e+00	0.000000000000e+00	0.000000000000e+00	0.000000000000e+00	0.000000000000e+00	0.000000000000e+00	0.000000000000e+00	0.000000000000e+00
4.541250000000e+00	0.000000000000e+00	0.000000000000e+00	0.000000000000e+00	0.000000000000e+00	0.000000000000e+00	0.000000000000e+00	0.000000000000e+00	0.000000000000e+00	0.000000000000e+00	0.000000000000e+00
4.542500000000e+00	0.000000000000e+00	0.000000000000e+00	0.000000000000e+00	0.000000000000e+00	0.000000000000e+00	0.000000000000e+00	0.000000000000e+00	0.000000000000e+00	0.000000000000e+00	0.000000000000e+00
4.543750000000e+00	0.000000000000e+00	0.000000000000e+00	0.000000000000e+00	0.000000000000e+00	0.000000000000e+00	0.000000000000e+00	0.000000000000e+00	0.000000000000e+00	0.000000000000e+00	0.000000000000e+00
4.545000000000e+00	0.000000000000e+00	0.000000000000e+00	0.000000000000e+00	0.000000000000e+00	0.000000000000e+00	0.000000000000e+00	0.000000000000e+00	0.000000000000e+00	0.000000000000e+00	0.000000000000e+00
4.546250000000e+00	0.000000000000e+00	0.000000000000e+00	0.000000000000e+00	0.000000000000e+00	0.000000000000e+00	0.000000000000e+00	0.000000000000e+00	0.000000000000e+00	0.000000000000e+00	0.000000000000e+00
4.547500000000e+00	0.000000000000e+00	0.000000000000e+00	0.000000000000e+00	0.000000000000e+00	0.000000000000e+00	0.000000000000e+00	0.000000000000e+00	0.000000000000e+00	0.000000000000e+00	0.000000000000e+00
4.548750000000e+00	0.000000000000e+00	0.000000000000e+00	0.000000000000e+00	0.000000000000e+00	0.000000000000e+00	0.000000000000e+00	0.000000000000e+00	0.000000000000e+00	0.000000000000e+00	0.000000000000e+00
4.550000000000e+00	0.000000000000e+00	0.000000000000e+00	0.000000000000e+00	0.000000000000e+00	0.000000000000e+00	0.000000000000e+00	0.000000000000e+00	0.000000000000e+00	0.000000000000e+00	0.000000000000e+00
4.551250000000e+00	0.000000000000e+00	0.000000000000e+00	0.000000000000e+00	0.000000000000e+00	0.000000000000e+00	0.000000000000e+00	0.000000000000e+00	0.000000000000e+00	0.000000000000e+00	0.000000000000e+00
4.552500000000e+00	0.000000000000e+00	0.000000000000e+00	0.000000000000e+00	0.000000000000e+00	0.000000000000e+00	0.000000000000e+00	0.000000000000e+00	0.000000000000e+00	0.000000000000e+00	0.000000000000e+00
4.553750000000e+00	0.000000000000e+00	0.000000000000e+00	0.000000000000e+00	0.000000000000e+00	0.000000000000e+00	0.000000000000e+00	0.000000000000e+00	0.000000000000e+00	0.000000000000e+00	0.000000000000e+00
4.555000000000e+00	0.000000000000e+00	0.000000000000e+00	0.000000000000e+00	0.000000000000e+00	0.000000000000e+00	0.000000000000e+00	0.000000000000e+00	0.000000000000e+00	0.000000000000e+00	0.000000000000e+00
4.556250000000e+00	0.000000000000e+00	0.000000000000e+00	0.000000000000e+00	0.000000000000e+00	0.000000000000e+00	0.000000000000e+00	0.000000000000e+00	0.000000000000e+00	0.000000000000e+00	0.000000000000e+00
4.557500000000e+00	0.000000000000e+00	0.000000000000e+00	0.000000000000e+00	0.000000000000e+00	0.000000000000e+00	0.000000000000e+00	0.000000000000e+00	0.000000000000e+00	0.000000000000e+00	0.000000000000e+00
4.558750000000e+00	0.000000000000e+00	0.000000000000e+00	0.000000000000e+00	0.000000000000e+00	0.000000000000e+00	0.000000000000e+00	0.000000000000e+00	0.000000000000e+00	0.000000000000e+00	0.000000000000e+00
4.560000000000e+00	0.000000000000e+00	0.000000000000e+00	0.000000000000e+00	0.000000000000e+00	0.000000000000e+00	0.000000000000e+00	0.000000000000e+00	0.000000000000e+00	0.000000000000e+00	0.000000000000e+00
4.561250000000e+00	0.000000000000e+00	0.000000000000e+00	0.000000000000e+00	0.000000000000e+00	0.000000000000e+00	0.000000000000e+00	0.000000000000e+00	0.000000000000e+00	0.000000000000e+00	0.000000000000e+00
4.562500000000e+00	0.000000000000e+00	0.000000000000e+00	0.000000000000e+00	0.000000000000e+00	0.000000000000e+00	0.000000000000e+00	0.000000000000e+00	0.000000000000e+00	0.000000000000e+00	0.000000000000e+00
4.563750000000e+00	0.000000000000e+00	0.000000000000e+00	0.000000000000e+00	0.000000000000e+00	0.000000000000e+00	0.000000000000e+00	0.000000000000e+00	0.000000000000e+00	0.000000000000e+00	0.000000000000e+00
4.565000000000e+00	0.000000000000e+00	0.000000000000e+00	0.000000000000e+00	0.000000000000e+00	0.000000000000e+00	0.000000000000e+00	0.000000000000e+00	0.000000000000e+00	0.000000000000e+00	0.000000000000e+00
4.566250000000e+00	0.000000000000e+00	0.000000000000e+00	0.000000000000e+00	0.000000000000e+00	0.000000000000e+00	0.000000000000e+00	0.000000000000e+00	0.000000000000e+00	0.000000000000e+00	0.000000000000e+00
4.567500000000e+00	0.000000000000e+00	0.000000000000e+00	0.000000000000e+00	0.000000000000e+00	0.000000000000e+00	0.000000000000e+00	0.000000000000e+00	0.000000000000e+00	0.000000000000e+00	0.000000000000e+00
4.568750000000e+00	0.000000000000e+00	0.000000000000e+00	0.000000000000e+00	0.000000000000e+00	0.000000000000e+00	0.000000000000e+00	0.000000000000e+00	0.000000000000e+00	0.000000000000e+00	0.000000000000e+00
4.570000000000e+00	0.000000000000e+00	0.000000000000e+00	0.000000000000e+00	0.000000000000e+00	0.000000000000e+00	0.000000000000e+00	0.000000000000e+00	0.000000000000e+00	0.000000000000e+00	0.000000000000e+00
4.571250000000e+00	0.000000000000e+00	0.000000000000e+00	0.000000000000e+00	0.000000000000e+00	0.000000000000e+00	0.000000000000e+00	0.000000000000e+00	0.000000000000e+00	0.000000000000e+00	0.000000000000e+00
4.572500000000e+00	0.000000000000e+00	0.000000000000e+00	0.000000000000e+00	0.000000000000e+00	0.000000000000e+00	0.000000000000e+00	0.000000000000e+00	0.000000000000e+00	0.000000000000e+00	0.000000000000e+00
4.573750000000e+00	0.000000000000e+00	0.000000000000e+00	0.000000000000e+00	0.000000000000e+00	0.000000000000e+00	0.000000000000e+00	0.000000000000e+00	0.000000000000e+00	0.000000000000e+00	0.000000000000e+00
4.575000000000e+00	0.000000000000e+00	0.000000000000e+00	0.000000000000e+00	0.000000000000e+00	0.000000000000e+00	0.000000000000e+00	0.000000000000e+00	0.000000000000e+00	0.000000000000e+00	0.000000000000e+00
4.576250000000e+00	0.000000000000e+00	0.000000000000e+00	0.000000000000e+00	0.000000000000e+00	0.000000000000e+00	0.000000000000e+00	0.000000000000e+00	0.000000000000e+00	0.000000000000e+00	0.000000000000e+00
4.577500000000e+00	0.000000000000e+00	0.000000000000e+00	0.000000000000e+00	0.000000000000e+00	0.000000000000e+00	0.000000000000e+00	0.000000000000e+00	0.000000000000e+00	0.000000000000e+00	0.000000000000e+00
4.578750000000e+00	0.000000000000e+00	0.000000000000e+00	0.000000000000e+00	0.000000000000e+00	0.000000000000e+00	0.000000000000e+00	0.000000000000e+00	0.000000000000e+00	0.000000000000e+00	0.000000000000e+00
4.580000000000e+00	0.000000000000e+00	0.000000000000e+00	0.000000000000e+00	0.000000000000e+00	0.000000000000e+00	0.000000000000e+00	0.000000000000e+00	0.000000000000e+00	0.000000000000e+00	0.000000000000e+00
4.581250000000e+00	0.000000000000e+00	0.000000000000e+00	0.000000000000e+00	0.000000000000e+00	0.000000000000e+00	0.000000000000e+00	0.000000000000e+00	0.000000000000e+00	0.000000000000e+00	0.000000000000e+00
4.582500000000e+00	0.000000000000e+00	0.000000000000e+00	0.000000000000e+00	0.000000000000e+00	0.000000000000e+00	0.000000000000e+00	0.000000000000e+00	0.000000000000e+00	0.000000000000e+00	0.000000000000e+00
4.583750000000e+00	0.000000000000e+00	0.000000000000e+00	0.000000000000e+00	0.000000000000e+00	0.000000000000e+00	0.000000000000e+00	0.000000000000e+00	0.000000000000e+00	0.000000000000e+00	0.000000000000e+00
4.585000000000e+00	0.000000000000e+00	0.000000000000e+00	0.000000000000e+00	0.000000000000e+00	0.000000000000e+00	0.000000000000e+00	0.000000000000e+00	0.000000000000e+00	0.000000000000e+00	0.000000000000e+00
4.586250000000e+00	0.000000000000e+00	0.000000000000e+00	0.000000000000e+00	0.000000000000e+00	0.000000000000e+00	0.000000000000e+00	0.000000000000e+00	0.000000000000e+00	0.000000000000e+00	0.000000000000e+00
4.587500000000e+00	0.000000000000e+00	0.000000000000e+00	0.000000000000e+00	0.000000000000e+00	0.000000000000e+00	0.000000000000e+00	0.000000000000e+00	0.000000000000e+00	0.000000000000e+00	0.000000000000e+00
4.588750000000e+00	0.000000000000e+00	0.000000000000e+00	0.000000000000e+00	0.000000000000e+00	0.000000000000e+00	0.000000000000e+00	0.000000000000e+00	0.000000000000e+00	0.000000000000e+00	0.000000000000e+00
4.590000000000e+00	0.000000000000e+00	0.000000000000e+00	0.000000000000e+00	0.000000000000e+00	0.000000000000e+00	0.000000000000e+00	0.000000000000e+00	0.000000000000e+00	0.000000000000e+00	0.000000000000e+00
4.591250000000e+00	0.000000000000e+00	0.000000000000e+00	0.000000000000e+00	0.000000000000e+00	0.000000000000e+00	0.000000000000e+00	0.000000000000e+00	0.000000000000e+00	0.000000000000e+00	0.000000000000e+00
4.592500000000e+00	0.000000000000e+00	0.000000000000e+00	0.000000000000e+00	0.000000000000e+00	0.000000000000e+00	0.000000000000e+00	0.000000000000e+00	0.000000000000e+00	0.000000000000e+00	0.000000000000e+00
4.593750000000e+00	0.000000000000e+00	0.000000000000e+00	0.000000000000e+00	0.000000000000e+00	0.000000000000e+00	0.000000000000e+00	0.000000000000e+00	0.000000000000e+00	0.000000000000e+00	0.000000000000e+00
4.595000000000e+00	0.000000000000e+00	0.000000000000e+00	0.000000000000e+00	0.000000000000e+00	0.000000000000e+00	0.000000000000e+00	0.000000000000e+00	0.000000000000e+00	0.000000000000e+00	0.000000000000e+00
4.596250000000e+00	0.000000000000e+00	0.000000000000e+00	0.000000000000e+00	0.000000000000e+00	0.000000000000e+00	0.000000000000e+00	0.000000000000e+00	0.000000000000e+00	0.000000000000e+00	0.000000000000e+00
4.597500000000e+00	0.000000000000e+00	0.000000000000e+00	0.000000000000e+00	0.000000000000e+00	0.000000000000e+00	0.000000000000e+00	0.000000000000e+00	0.000000000000e+00	0.000000000000e+00	0.000000000000e+00
4.598750000000e+00	0.000000000000e+00	0.000000000000e+00	0.000000000000e+00	0.000000000000e+00	0.000000000000e+00	0.000000000000e+00	0.000000000000e+00	0.000000000000e+00	0.000000000000e+00	0.000000000000e+00
4.600000000000e+00	0.000000000000e+00	0.000000000000e+00	0.000000000000e+00	0.000000000000e+00	0.000000000000e+00	0.000000000000e+00	0.000000000000e+00	0.000000000000e+00	0.000000000000e+00	0.000000000000e+00
4.601250000000e+00	0.000000000000e+00	0.000000000000e+00	0.000000000000e+00	0.000000000000e+00	0.000000000000e+00	0.000000000000e+00	0.000000000000e+00	0.000000000000e+00	0.000000000000e+00	0.000000000000e+00
4.602500000000e+00	0.000000000000e+00	0.000000000000e+00	0.000000000000e+00	0.000000000000e+00	0.000000000000e+00	0.000000000000e+00	0.000000000000e+00	0.000000000000e+00	0.000000000000e+00	0.000000000000e+00
4.603750000000e+00	0.000000000000e+00	0.000000000000e+00	0.000000000000e+00	0.000000000000e+00	0.000000000000e+00	0.000000000000e+00	0.000000000000e+00	0.000000000000e+00	0.000000000000e+00	0.000000000000e+00
4.605000000000e+00	0.000000000000e+00	0.000000000000e+00	0.000000000000e+00	0.000000000000e+00	0.000000000000e+00	0.000000000000e+00	0.000000000000e+00	0.000000000000e+00	0.000000000000e+00	0.000000000000e+00
4.606250000000e+00	0.000000000000e+00	0.000000000000e+00	0.000000000000e+00	0.000000000000e+00	0.000000000000e+00	0.000000000000e+00	0.000000000000e+00	0.000000000000e+00	0.000000000000e+00	0.000000000000e+00
4.607500000000e+00	0.000000000000e+00	0.000000000000e+00	0.000000000000e+00	0.000000000000e+00	0.000000000000e+00	0.000000000000e+00	0.000000000000e+00	0.000000000000e+00	0.000000000000e+00	0.000000000000e+00
4.608750000000e+00	0.000000000000e+00	0.000000000000e+00	0.000000000000e+00	0.000000000000e+00	0.000000000000e+00	0.000000000000e+00	0.000000000000e+00	0.000000000000e+00	0.000000000000e+00	0.000000000000e+00
4.610000000000e+00	0.000000000000e+00	0.000000000000e+00	0.000000000000e+00	0.000000000000e+00	0.000000000000e+00	0.000000000000e+00	0.000000000000e+00	0.000000000000e+00	0.000000000000e+00	0.000000000000e+00
4.611250000000e+00	0.000000000000e+00	0.000000000000e+00	0.000000000000e+00	0.000000000000e+00	0.000000000000e+00	0.000000000000e+00	0.000000000000e+00	0.000000000000e+00	0.000000000000e+00	0.000000000000e+00
4.612500000000e+00	0.000000000000e+00	0.000000000000e+00	0.000000000000e+00	0.000000000000e+00	0.000000000000e+00	0.000000000000e+00	0.000000000000e+00	0.000000000000e+00	0.000000000000e+00	0.000000000000e+00
4.613750000000e+00	0.000000000000e+00	0.000000000000e+00	0.000000000000e+00	0.000000000000e+00	0.000000000000e+00	0.000000000000e+00	0.000000000000e+00	0.000000000000e+00	0.000000000000e+00	0.000000000000e+00
4.615000000000e+00	0.000000000000e+00	0.000000000000e+00	0.000000000000e+00	0.000000000000e+00	0.000000000000e+00	0.000000000000e+00	0.000000000000e+00	0.000000000000e+00	0.000000000000e+00	0.000000000000e+00
4.616250000000e+00	0.000000000000e+00	0.000000000000e+00	0.000000000000e+00	0.000000000000e+00	0.000000000000e+00	0.000000000000e+00	0.000000000000e+00	0.000000000000e+00	0.000000000000e+00	0.000000000000e+00
4.617500000000e+00	0.000000000000e+00	0.000000000000e+00	0.000000000000e+00	0.000000000000e+00	0.000000000000e+00	0.000000000000e+00	0.000000000000e+00	0.000000000000e+00	0.000000000000e+00	0.000000000000e+00
4.618750000000e+00	0.000000000000e+00	0.000000000000e+00	0.000000000000e+00	0.000000000000e+00	0.000000000000e+00	0.000000000000e+00	0.000000000000e+00	0.000000000000e+00	0.000000000000e+00	0.000000000000e+00
4.620000000000e+00	0.000000000000e+00	0.000000000000e+00	0.000000000000e+00	0.000000000000e+00	0.000000000000e+00	0.000000000000e+00	0.000000000000e+00	0.000000000000e+00	0.000000000000e+00	0.000000000000e+00
4.621250000000e+00	0.000000000000e+00	0.000000000000e+00	0.000000000000e+00	0.000000000000e+00	0.000000000000e+00	0.000000000000e+00	0.000000000000e+00	0.000000000000e+00	0.000000000000e+00	0.000000000000e+00
4.622500000000e+00	0.000000000000e+00	0.000000000000e+00	0.000000000000e+00	0.000000000000e+00	0.000000000000e+00	0.000000000000e+00	0.000000000000e+00	0.000000000000e+00	0.000000000000e+00	0.000000000000e+00
4.623750000000e+00	0.000000000000e+00	0.000000000000e+00	0.000000000000e+00	0.000000000000e+00	0.000000000000e+00	0.000000000000e+00	0.000000000000e+00	0.000000000000e+00	0.000000000000e+00	0.000000000000e+00
4.625000000000e+00	0.000000000000e+00	0.000000000000e+00	0.000000000000e+00	0.000000000000e+00	0.000000000000e+00	0.000000000000e+00	0.000000000000e+00	0.000000000000e+00	0.000000000000e+00	0.000000000000e+00
4.626250000000e+00	0.000000000000e+00	0.000000000000e+00	0.000000000000e+00	0.000000000000e+00	0.000000000000e+00	0.000000000000e+00	0.000000000000e+00	0.000000000000e+00	0.000000000000e+00	0.000000000000e+00
4.627500000000e+00	0.000000000000e+00	0.000000000000e+00	0.000000000000e+00	0.000000000000e+00	0.000000000000e+00	0.000000000000e+00	0.000000000000e+00	0.000000000000e+00	0.000000000000e+00	0.000000000000e+00
4.628750000000e+00	0.000000000000e+00	0.000000000000e+00	0.000000000000e+00	0.000000000000e+00	0.000000000000e+00	0.000000000000e+00	0.000000000000e+00	0.000000000000e+00	0.000000000000e+00	0.000000000000e+00
4.630000000000e+00	0.000000000000e+00	0.000000000000e+00	0.000000000000e+00	0.000000000000e+00	0.000000000000e+00	0.000000000000e+00	0.000000000000e+00	0.000000000000e+00	0.000000000000e+00	0.000000000000e+00
4.631250000000e+00	0.000000000000e+00	0.000000000000e+00	0.000000000000e+00	0.000000000000e+00	0.000000000000e+00	0.000000000000e+00	0.000000000000e+00	0.000000000000e+00	0.000000000000e+00	0.000000000000e+00
4.632500000000e+00	0.000000000000e+00	0.000000000000e+00	0.000000000000e+00	0.000000000000e+00	0.000000000000e+00	0.000000000000e+00	0.000000000000e+00	0.000000000000e+00	0.000000000000e+00	0.000000000000e+00
4.633750000000e+00	0.000000000000e+00	0.000000000000e+00	0.000000000000e+00	0.000000000000e+00	0.000000000000e+00	0.000000000000e+00	0.000000000000e+00	0.000000000000e+00	0.000000000000e+00	0.000000000000e+00
4.635000000000e+00	0.000000000000e+00	0.000000000000e+00	0.000000000000e+00	0.000000000000e+00	0.000000000000e+00	0.000000000000e+00	0.000000000000e+00	0.000000000000e+00	0.000000000000e+00	0.000000000000e+00
4.636250000000e+00	0.000000000000e+00	0.000000000000e+00	0.000000000000e+00	0.000000000000e+00	0.000000000000e+00	0.000000000000e+00	0.000000000000e+00	0.000000000000e+00	0.000000000000e+00	0.000000000000e+00
4.637500000000e+00	0.000000000000e+00	0.000000000000e+00	0.000000000000e+00	0.000000000000e+00	0.000000000000e+00	0.000000000000e+00	0.000000000000e+00	0.000000000000e+00	0.000000000000e+00	0.000000000000e+00
4.638750000000e+00	0.000000000000e+00	0.000000000000e+00	0.000000000000e+00	0.000000000000e+00	0.000000000000e+00	0.000000000000e+00	0.000000000000e+00	0.000000000000e+00	0.000000000000e+00	0.000000000000e+00
4.640000000000e+00	0.000000000000e+00	0.000000000000e+00	0.000000000000e+00	0.000000000000e+00	0.000000000000e+00	0.000000000000e+00	0.000000000000e+00	0.000000000000e+00	0.000000000000e+00	0.000000000000e+00
4.641250000000e+00	0.000000000000e+00	0.000000000000e+00	0.000000000000e+00	0.000000000000e+00	0.000000000000e+00	0.000000000000e+00	0.000000000000e+00	0.000000000000e+00	0.000000000000e+00	0.000000000000e+00
4.642500000000e+00	0.000000000000e+00	0.000000000000e+00	0.000000000000e+00	0.000000000000e+00	0.000000000000e+00	0.000000000000e+00	0.000000000000e+00	0.000000000000e+00	0.000000000000e+00	0.000000000000e+00
4.643750000000e+00	0.000000000000e+00	0.000000000000e+00	0.000000000000e+00	0.000000000000e+00	0.000000000000e+00	0.000000000000e+00	0.000000000000e+00	0.000000000000e+00	0.000000000000e+00	0.000000000000e+00
4.645000000000e+00	0.000000000000e+00	0.000000000000e+00	0.000000000000e+00	0.000000000000e+00	0.000000000000e+00	0.000000000000e+00	0.000000000000e+00	0.000000000000e+00	0.000000000000e+00	0.000000000000e+00
4.646250000000e+00	0.000000000000e+00	0.000000000000e+00	0.000000000000e+00	0.000000000000e+00	0.000000000000e+00	0.000000000000e+00	0.000000000000e+00	0.000000000000e+00	0.000000000000e+00	0.000000000000e+00
4.647500000000e+00	0.000000000000e+00	0.000000000000e+00	0.000000000000e+00	0.000000000000e+00	0.000000000000e+00	0.000000000000e+00	0.000000000000e+00	0.000000000000e+00	0.000000000000e+00	0.000000000000e+00
4.648750000000e+00	0.000000000000e+00	0.000000000000e+00	0.000000000000e+00	0.000000000000e+00	0.000000000000e+00	0.000000000000e+00	0.000000000000e+00	0.000000000000e+00	0.000000000000e+00	0.000000000000e+00
4.650000000000e+00	0.000000000000e+00	0.000000000000e+00	0.000000000000e+00	0.000000000000e+00	0.000000000000e+00	0.000000000000e+00	0.000000000000e+00	0.000000000000e+00	0.000000000000e+00	0.000000000000e+00
4.651250000000e+00	0.000000000000e+00	0.000000000000e+00	0.000000000000e+00	0.000000000000e+00	0.000000000000e+00	0.000000000000e+00	0.000000000000e+00	0.000000000000e+00	0.000000000000e+00	0.000000000000e+00
4.652500000000e+00	0.000000000000e+00	0.000000000000e+00	0.000000000000e+00	0.000000000000e+00	0.000000000000e+00	0.000000000000e+00	0.000000000000e+00	0.000000000000e+00	0.000000000000e+00	0.000000000000e+00
4.653750000000e+00	0.000000000000e+00	0.000000000000e+00	0.000000000000e+00	0.000000000000e+00	0.000000000000e+00	0.000000000000e+00	0.000000000000e+00	0.000000000000e+00	0.000000000000e+00	0.000000000000e+00
4.655000000000e+00	0.000000000000e+00	0.000000000000e+00	0.000000000000e+00	0.000000000000e+00	0.000000000000e+00	0.000000000000e+00	0.000000000000e+00	0.000000000000e+00	0.000000000000e+00	0.000000000000e+00
4.656250000000e+00	0.000000000000e+00	0.000000000000e+00	0.000000000000e+00	0.000000000000e+00	0.000000000000e+00	0.000000000000e+00	0.000000000000e+00	0.000000000000e+00	0.000000000000e+00	0.000000000000e+00
4.657500000000e+00	0.000000000000e+00	0.000000000000e+00	0.000000000000e+00	0.000000000000e+00	0.000000000000e+00	0.000000000000e+00	0.000000000000e+00	0.000000000000e+00	0.000000000000e+00	0.000000000000e+00
4.658750000000e+00	0.000000000000e+00	0.000000000000e+00	0.000000000000e+00	0.000000000000e+00	0.000000000000e+00	0.000000000000e+00	0.000000000000e+00	0.000000000000e+00	0.000000000000e+00	0.000000000000e+00
4.660000000000e+00	0.000000000000e+00	0.000000000000e+00	0.000000000000e+00	0.000000000000e+00	0.000000000000e+00	0.000000000000e+00	0.000000000000e+00	0.000000000000e+00	0.000000000000e+00	0.000000000000e+00
4.661250000000e+00	0.000000000000e+00	0.000000000000e+00	0.000000000000e+00	0.000000000000e+00	0.000000000000e+00	0.000000000000e+00	0.000000000000e+00	0.000000000000e+00	0.000000000000e+00	0.000000000000e+00
4.662500000000e+00	0.000000000000e+00	0.000000000000e+00	0.000000000000e+00	0.000000000000e+00	0.000000000000e+00	0.000000000000e+00	0.000000000000e+00	0.000000000000e+00	0.000000000000e+00	0.000000000000e+00
4.663750000000e+00	0.000000000000e+00	0.000000000000e+00	0.000000000000e+00	0.000000000000e+00	0.000000000000e+00	0.000000000000e+00	0.000000000000e+00	0.000000000000e+00	0.000000000000e+00	0.000000000000e+00
4.665000000000e+00	0.000000000000e+00	0.000000000000e+00	0.000000000000e+00	0.000000000000e+00	0.000000000000e+00	0.000000000000e+00	0.000000000000e+00	0.000000000000e+00	0.000000000000e+00	0.000000000000e+00
4.666250000000e+00	0.000000000000e+00	0.000000000000e+00	0.000000000000e+00	0.000000000000e+00	0.000000000000e+00	0.000000000000e+00	0.000000000000e+00	0.000000000000e+00	0.000000000000e+00	0.000000000000e+00
4.667500000000e+00	0.000000000000e+00	0.000000000000e+00	0.000000000000e+00	0.000000000000e+00	0.000000000000e+00	0.000000000000e+00	0.000000000000e+00	0.000000000000e+00	0.000000000000e+00	0.000000000000e+00
4.668750000000e+00	0.000000000000e+00	0.000000000000e+00	0.000000000000e+00	0.000000000000e+00	0.000000000000e+00	0.000000000000e+00	0.000000000000e+00	0.000000000000e+00	0.000000000000e+00	0.000000000000e+00
4.670000000000e+00	0.000000000000e+00	0.000000000000e+00	0.000000000000e+00	0.000000000000e+00	0.000000000000e+00	0.000000000000e+00	0.000000000000e+00	0.000000000000e+00	0.000000000000e+00	0.000000000000e+00
4.671250000000e+00	0.000000000000e+00	0.000000000000e+00	0.000000000000e+00	0.000000000000e+00	0.000000000000e+00	0.000000000000e+00	0.000000000000e+00	0.000000000000e+00	0.000000000000e+00	0.000000000000e+00
4.672500000000e+00	0.000000000000e+00	0.000000000000e+00	0.000000000000e+00	0.000000000000e+00	0.000000000000e+00	0.000000000000e+00	0.000000000000e+00	0.000000000000e+00	0.000000000000e+00	0.000000000000e+00
4.673750000000e+00	0.000000000000e+00	0.000000000000e+00	0.000000000000e+00	0.000000000000e+00	0.000000000000e+00	0.000000000000e+00	0.000000000000e+00	0.000000000000e+00	0.000000000000e+00	0.000000000000e+00
4.675000000000e+00	0.000000000000e+00	0.000000000000e+00	0.000000000000e+00	0.000000000000e+00	0.000000000000e+00	0.000000000000e+00	0.000000000000e+00	0.000000000000e+00	0.000000000000e+00	0.000000000000e+00
4.676250000000e+00	0.000000000000e+00	0.000000000000e+00	0.000000000000e+00	0.000000000000e+00	0.000000000000e+00	0.000000000000e+00	0.000000000000e+00	0.000000000000e+00	0.000000000000e+00	0.000000000000e+00
4.677500000000e+00	0.000000000000e+00	0.000000000000e+00	0.000000000000e+00	0.000000000000e+00	0.000000000000e+00	0.000000000000e+00	0.000000000000e+00	0.000000000000e+00	0.000000000000e+00	0.000000000000e+00
4.678750000000e+00	0.000000000000e+00	0.000000000000e+00	0.000000000000e+00	0.000000000000e+00	0.000000000000e+00	0.000000000000e+00	0.000000000000e+00	0.000000000000e+00	0.000000000000e+00	0.000000000000e+00
4.680000000000e+00	0.000000000000e+00	0.000000000000e+00	0.000000000000e+00	0.000000000000e+00	0.000000000000e+00	0.000000000000e+00	0.000000000000e+00	0.000000000000e+00	0.000000000000e+00	0.000000000000e+00
4.681250000000e+00	0.000000000000e+00	0.000000000000e+00	0.000000000000e+00	0.000000000000e+00	0.000000000000e+00	0.000000000000e+00	0.000000000000e+00	0.000000000000e+00	0.000000000000e+00	0.000000000000e+00
4.682500000000e+00	0.000000000000e+00	0.000000000000e+00	0.000000000000e+00	0.000000000000e+00	0.000000000000e+00	0.000000000000e+00	0.000000000000e+00	0.000000000000e+00	0.000000000000e+00	0.000000000000e+00
4.683750000000e+00	0.000000000000e+00	0.000000000000e+00	0.000000000000e+00	0.000000000000e+00	0.000000000000e+00	0.000000000000e+00	0.000000000000e+00	0.000000000000e+00	0.000000000000e+00	0.000000000000e+00
4.685000000000e+00	0.000000000000e+00	0.000000000000e+00	0.000000000000e+00	0.000000000000e+00	0.000000000000e+00	0.000000000000e+00	0.000000000000e+00	0.000000000000e+00	0.000000000000e+00	0.000000000000e+00
4.686250000000e+00	0.000000000000e+00	0.000000000000e+00	0.000000000000e+00	0.000000000000e+00	0.000000000000e+00	0.000000000000e+00	0.000000000000e+00	0.000000000000e+00	0.000000000000e+00	0.000000000000e+00
4.687500000000e+00	0.000000000000e+00	0.000000000000e+00	0.000000000000e+00	0.000000000000e+00	0.000000000000e+00	0.000000000000e+00	0.000000000000e+00	0.000000000000e+00	0.000000000000e+00	0.000000000000e+00
4.688750000000e+00	0.000000000000e+00	0.000000000000e+00	0.000000000000e+00	0.000000000000e+00	0.000000000000e+00	0.000000000000e+00	0.000000000000e+00	0.000000000000e+00	0.000000000000e+00	0.000000000000e+00
4.690000000000e+00	0.000000000000e+00	0.000000000000e+00	0.000000000000e+00	0.000000000000e+00	0.000000000000e+00	0.000000000000e+00	0.000000000000e+00	0.000000000000e+00	0.000000000000e+00	0.000000000000e+00
4.691250000000e+00	0.000000000000e+00	0.000000000000e+00	0.000000000000e+00	0.000000000000e+00	0.000000000000e+00	0.000000000000e+00	0.000000000000e+00	0.000000000000e+00	0.000000000000e+00	0.000000000000e+00
4.692500000000e+00	0.000000000000e+00	0.000000000000e+00	0.000000000000e+00	0.000000000000e+00	0.000000000000e+00	0.000000000000e+00	0.000000000000e+00	0.000000000000e+00	0.000000000000e+00	0.000000000000e+00
4.693750000000e+00	0.000000000000e+00	0.000000000000e+00	0.000000000000e+00	0.000000000000e+00	0.000000000000e+00	0.000000000000e+00	0.000000000000e+00	0.000000000000e+00	0.000000000000e+00	0.000000000000e+00
4.695000000000e+00	0.000000000000e+00	0.000000000000e+00	0.000000000000e+00	0.000000000000e+00	0.000000000000e+00	0.000000000000e+00	0.000000000000e+00	0.000000000000e+00	0.000000000000e+00	0.000000000000e+00
4.696250000000e+00	0.000000000000e+00	0.000000000000e+00	0.000000000000e+00	0.000000000000e+00	0.000000000000e+00	0.000000000000e+00	0.000000000000e+00	0.000000000000e+00	0.000000000000e+00	0.000000000000e+00
4.697500000000e+00	0.000000000000e+00	0.000000000000e+00	0.000000000000e+00	0.000000000000e+00	0.000000000000e+00	0.000000000000e+00	0.000000000000e+00	0.000000000000e+00	0.000000000000e+00	0.000000000000e+00
4.698750000000e+00	0.000000000000e+00	0.000000000000e+00	0.000000000000e+00	0.000000000000e+00	0.000000000000e+00	0.000000000000e+00	0.000000000000e+00	0.000000000000e+00	0.000000000000e+00	0.000000000000e+00
4.700000000000e+00	0.000000000000e+00	0.000000000000e+00	0.000000000000e+00	0.000000000000e+00	0.000000000000e+00	0.000000000000e+00	0.000000000000e+00	0.000000000000e+00	0.000000000000e+00	0.000000000000e+00
4.701250000000e+00	0.000000000000e+00	0.000000000000e+00	0.000000000000e+00	0.000000000000e+00	0.000000000000e+00	0.000000000000e+00	0.000000000000e+00	0.000000000000e+00	0.000000000000e+00	0.000000000000e+00
4.702500000000e+00	0.000000000000e+00	0.000000000000e+00	0.000000000000e+00	0.000000000000e+00	0.000000000000e+00	0.000000000000e+00	0.000000000000e+00	0.000000000000e+00	0.000000000000e+00	0.000000000000e+00
4.703750000000e+00	0.000000000000e+00	0.000000000000e+00	0.000000000000e+00	0.000000000000e+00	0.000000000000e+00	0.000000000000e+00	0.000000000000e+00	0.000000000000e+00	0.000000000000e+00	0.000000000000e+00
4.705000000000e+00	0.000000000000e+00	0.000000000000e+00	0.000000000000e+00	0.000000000000e+00	0.000000000000e+00	0.000000000000e+00	0.000000000000e+00	0.000000000000e+00	0.000000000000e+00	0.000000000000e+00
4.706250000000e+00	0.000000000000e+00	0.000000000000e+00	0.000000000000e+00	0.000000000000e+00	0.000000000000e+00	0.000000000000e+00	0.000000000000e+00	0.000000000000e+00	0.000000000000e+00	0.000000000000e+00
4.707500000000e+00	0.000000000000e+00	0.000000000000e+00	0.000000000000e+00	0.000000000000e+00	0.000000000000e+00	0.000000000000e+00	0.000000000000e+00	0.000000000000e+00	0.000000000000e+00	0.000000000000e+00
4.708750000000e+00	0.000000000000e+00	0.000000000000e+00	0.000000000000e+00	0.000000000000e+00	0.000000000000e+00	0.000000000000e+00	0.000000000000e+00	0.000000000000e+00	0.000000000000e+00	0.000000000000e+00
4.710000000000e+00	0.000000000000e+00	0.000000000000e+00	0.000000000000e+00	0.000000000000e+00	0.000000000000e+00	0.000000000000e+00	0.000000000000e+00	0.000000000000e+00	0.000000000000e+00	0.000000000000e+00
4.711250000000e+00	0.000000000000e+00	0.000000000000e+00	0.000000000000e+00	0.000000000000e+00	0.000000000000e+00	0.000000000000e+00	0.000000000000e+00	0.000000000000e+00	0.000000000000e+00	0.000000000000e+00
4.712500000000e+00	0.000000000000e+00	0.000000000000e+00	0.000000000000e+00	0.000000000000e+00	0.000000000000e+00	0.000000000000e+00	0.000000000000e+00	0.000000000000e+00	0.000000000000e+00	0.000000000000e+00
4.713750000000e+00	0.000000000000e+00	0.000000000000e+00	0.000000000000e+00	0.000000000000e+00	0.000000000000e+00	0.000000000000e+00	0.000000000000e+00	0.000000000000e+00	0.000000000000e+00	0.000000000000e+00
4.715000000000e+00	0.000000000000e+00	0.000000000000e+00	0.000000000000e+00	0.000000000000e+00	0.000000000000e+00	0.000000000000e+00	0.000000000000e+00	0.000000000000e+00	0.000000000000e+00	0.000000000000e+00
4.716250000000e+00	0.000000000000e+00	0.000000000000e+00	0.000000000000e+00	0.000000000000e+00	0.000000000000e+00	0.000000000000e+00	0.000000000000e+00	0.000000000000e+00	0.000000000000e+00	0.000000000000e+00
4.717500000000e+00	0.000000000000e+00	0.000000000000e+00	0.000000000000e+00	0.000000000000e+00	0.000000000000e+00	0.000000000000e+00	0.000000000000e+00	0.000000000000e+00	0.000000000000e+00	0.000000000000e+00
4.718750000000e+00	0.000000000000e+00	0.000000000000e+00	0.000000000000e+00	0.000000000000e+00	0.000000000000e+00	0.000000000000e+00	0.000000000000e+00	0.000000000000e+00	0.000000000000e+00	0.000000000000e+00
4.720000000000e+00	0.000000000000e+00	0.000000000000e+00	0.000000000000e+00	0.000000000000e+00	0.000000000000e+00	0.000000000000e+00	0.000000000000e+00	0.000000000000e+00	0.000000000000e+00	0.000000000000e+00
4.721250000000e+00	0.000000000000e+00	0.000000000000e+00	0.000000000000e+00	0.000000000000e+00	0.000000000000e+00	0.000000000000e+00	0.000000000000e+00	0.000000000000e+00	0.000000000000e+00	0.000000000000e+00
4.722500000000e+00	0.000000000000e+00	0.000000000000e+00	0.000000000000e+00	0.000000000000e+00	0.000000000000e+00	0.000000000000e+00	0.000000000000e+00	0.000000000000e+00	0.000000000000e+00	0.000000000000e+00
4.723750000000e+00	0.000000000000e+00	0.000000000000e+00	0.000000000000e+00	0.000000000000e+00	0.000000000000e+00	0.000000000000e+00	0.000000000000e+00	0.000000000000e+00	0.000000000000e+00	0.000000000000e+00
4.725000000000e+00	0.000000000000e+00	0.000000000000e+00	0.000000000000e+00	0.000000000000e+00	0.000000000000e+00	0.000000000000e+00	0.000000000000e+00	0.000000000000e+00	0.000000000000e+00	0.000000000000e+00
4.726250000000e+00	0.000000000000e+00	0.000000000000e+00	0.000000000000e+00	0.000000000000e+00	0.000000000000e+00	0.000000000000e+00	0.000000000000e+00	0.000000000000e+00	0.000000000000e+00	0.000000000000e+00
4.727500000000e+00	0.000000000000e+00	0.000000000000e+00	0.000000000000e+00	0.000000000000e+00	0.000000000000e+00	0.000000000000e+00	0.000000000000e+00	0.000000000000e+00	0.000000000000e+00	0.000000000000e+00
4.728750000000e+00	0.000000000000e+00	0.000000000000e+00	0.000000000000e+00	0.000000000000e+00	0.000000000000e+00	0.000000000000e+00	0.000000000000e+00	0.000000000000e+00	0.000000000000e+00	0.000000000000e+00
4.730000000000e+00	0.000000000000e+00	0.000000000000e+00	0.000000000000e+00	0.000000000000e+00	0.000000000000e+00	0.000000000000e+00	0.000000000000e+00	0.000000000000e+00	0.000000000000e+00	0.000000000000e+00
4.731250000000e+00	0.000000000000e+00	0.000000000000e+00	0.000000000000e+00	0.000000000000e+00	0.000000000000e+00	0.000000000000e+00	0.000000000000e+00	0.000000000000e+00	0.000000000000e+00	0.000000000000e+00
4.732500000000e+00	0.000000000000e+00	0.000000000000e+00	0.000000000000e+00	0.000000000000e+00	0.000000000000e+00	0.000000000000e+00	0.000000000000e+00	0.000000000000e+00	0.000000000000e+00	0.000000000000e+00
4.733750000000e+00	0.000000000000e+00	0.000000000000e+00	0.000000000000e+00	0.000000000000e+00	0.000000000000e+00	0.000000000000e+00	0.000000000000e+00	0.000000000000e+00	0.000000000000e+00	0.000000000000e+00
4.735000000000e+00	0.000000000000e+00	0.000000000000e+00	0.000000000000e+00	0.000000000000e+00	0.000000000000e+00	0.000000000000e+00	0.000000000000e+00	0.000000000000e+00	0.000000000000e+00	0.000000000000e+00
4.736250000000e+00	0.000000000000e+00	0.000000000000e+00	0.000000000000e+00	0.000000000000e+00	0.000000000000e+00	0.000000000000e+00	0.000000000000e+00	0.000000000000e+00	0.000000000000e+00	0.000000000000e+00
4.737500000000e+00	0.000000000000e+00	0.000000000000e+00	0.000000000000e+00	0.000000000000e+00	0.000000000000e+00	0.000000000000e+00	0.000000000000e+00	0.000000000000e+00	0.000000000000e+00	0.000000000000e+00
4.738750000000e+00	0.000000000000e+00	0.000000000000e+00	0.000000000000e+00	0.000000000000e+00	0.000000000000e+00	0.000000000000e+00	0.000000000000e+00	0.000000000000e+00	0.000000000000e+00	0.000000000000e+00
4.740000000000e+00	0.000000000000e+00	0.000000000000e+00	0.000000000000e+00	0.000000000000e+00	0.000000000000e+00	0.000000000000e+00	0.000000000000e+00	0.000000000000e+00	0.000000000000e+00	0.000000000000e+00
4.741250000000e+00	0.000000000000e+00	0.000000000000e+00	0.000000000000e+00	0.000000000000e+00	0.000000000000e+00	0.000000000000e+00	0.000000000000e+00	0.000000000000e+00	0.000000000000e+00	0.000000000000e+00
4.742500000000e+00	0.000000000000e+00	0.000000000000e+00	0.000000000000e+00	0.000000000000e+00	0.000000000000e+00	0.000000000000e+00	0.000000000000e+00	0.000000000000e+00	0.000000000000e+00	0.000000000000e+00
4.743750000000e+00	0.000000000000e+00	0.000000000000e+00	0.000000000000e+00	0.000000000000e+00	0.000000000000e+00	0.000000000000e+00	0.000000000000e+00	0.000000000000e+00	0.000000000000e+00	0.000000000000e+00
4.745000000000e+00	0.000000000000e+00	0.000000000000e+00	0.000000000000e+00	0.000000000000e+00	0.000000000000e+00	0.000000000000e+00	0.000000000000e+00	0.000000000000e+00	0.000000000000e+00	0.000000000000e+00
4.746250000000e+00	0.000000000000e+00	0.000000000000e+00	0.000000000000e+00	0.000000000000e+00	0.000000000000e+00	0.000000000000e+00	0.000000000000e+00	0.000000000000e+00	0.000000000000e+00	0.000000000000e+00
4.747500000000e+00	0.000000000000e+00	0.000000000000e+00	0.000000000000e+00	0.000000000000e+00	0.000000000000e+00	0.000000000000e+00	0.000000000000e+00	0.000000000000e+00	0.000000000000e+00	0.000000000000e+00
4.748750000000e+00	0.000000000000e+00	0.000000000000e+00	0.000000000000e+00	0.000000000000e+00	0.000000000000e+00	0.000000000000e+00	0.000000000000e+00	0.000000000000e+00	0.000000000000e+00	0.000000000000e+00
4.750000000000e+00	0.000000000000e+00	0.000000000000e+00	0.000000000000e+00	0.000000000000e+00	0.000000000000e+00	0.000000000000e+00	0.000000000000e+00	0.000000000000e+00	0.000000000000e+00	0.000000000000e+00
4.751250000000e+00	0.000000000000e+00	0.000000000000e+00	0.000000000000e+00	0.000000000000e+00	0.000000000000e+00	0.000000000000e+00	0.000000000000e+00	0.000000000000e+00	0.000000000000e+00	0.000000000000e+00
4.752500000000e+00	0.000000000000e+00	0.000000000000e+00	0.000000000000e+00	0.000000000000e+00	0.000000000000e+00	0.000000000000e+00	0.000000000000e+00	0.000000000000e+00	0.000000000000e+00	0.000000000000e+00
4.753750000000e+00	0.000000000000e+00	0.000000000000e+00	0.000000000000e+00	0.000000000000e+00	0.000000000000e+00	0.000000000000e+00	0.000000000000e+00	0.000000000000e+00	0.000000000000e+00	0.000000000000e+00
4.755000000000e+00	0.000000000000e+00	0.000000000000e+00	0.000000000000e+00	0.000000000000e+00	0.000000000000e+00	0.000000000000e+00	0.000000000000e+00	0.000000000000e+00	0.000000000000e+00	0.000000000000e+00
4.756250000000e+00	0.000000000000e+00	0.000000000000e+00	0.000000000000e+00	0.000000000000e+00	0.000000000000e+00	0.000000000000e+00	0.000000000000e+00	0.000000000000e+00	0.000000000000e+00	0.000000000000e+00
4.757500000000e+00	0.000000000000e+00	0.000000000000e+00	0.000000000000e+00	0.000000000000e+00	0.000000000000e+00	0.000000000000e+00	0.000000000000e+00	0.000000000000e+00	0.000000000000e+00	0.000000000000e+00
4.758750000000e+00	0.000000000000e+00	0.000000000000e+00	0.000000000000e+00	0.000000000000e+00	0.000000000000e+00	0.000000000000e+00	0.000000000000e+00	0.000000000000e+00	0.000000000000e+00	0.000000000000e+00
4.760000000000e+00	0.000000000000e+00	0.000000000000e+00	0.000000000000e+00	0.000000000000e+00	0.000000000000e+00	0.000000000000e+00	0.000000000000e+00	0.000000000000e+00	0.000000000000e+00	0.000000000000e+00
4.761250000000e+00	0.000000000000e+00	0.000000000000e+00	0.000000000000e+00	0.000000000000e+00	0.000000000000e+00	0.000000000000e+00	0.000000000000e+00	0.000000000000e+00	0.000000000000e+00	0.000000000000e+00
4.762500000000e+00	0.000000000000e+00	0.000000000000e+00	0.000000000000e+00	0.000000000000e+00	0.000000000000e+00	0.000000000000e+00	0.000000000000e+00	0.000000000000e+00	0.000000000000e+00	0.000000000000e+00
4.763750000000e+00	0.000000000000e+00	0.000000000000e+00	0.000000000000e+00	0.000000000000e+00	0.000000000000e+00	0.000000000000e+00	0.000000000000e+00	0.000000000000e+00	0.000000000000e+00	0.000000000000e+00
4.765000000000e+00	0.000000000000e+00	0.000000000000e+00	0.000000000000e+00	0.000000000000e+00	0.000000000000e+00	0.000000000000e+00	0.000000000000e+00	0.000000000000e+00	0.000000000000e+00	0.000000000000e+00
4.766250000000e+00	0.000000000000e+00	0.000000000000e+00	0.000000000000e+00	0.000000000000e+00	0.000000000000e+00	0.000000000000e+00	0.000000000000e+00	0.000000000000e+00	0.000000000000e+00	0.000000000000e+00
4.767500000000e+00	0.000000000000e+00	0.000000000000e+00	0.000000000000e+00	0.000000000000e+00	0.000000000000e+00	0.000000000000e+00	0.000000000000e+00	0.000000000000e+00	0.000000000000e+00	0.000000000000e+00
4.768750000000e+00	0.000000000000e+00	0.000000000000e+00	0.000000000000e+00	0.000000000000e+00	0.000000000000e+00	0.000000000000e+00	0.000000000000e+00	0.000000000000e+00	0.000000000000e+00	0.000000000000e+00
4.770000000000e+00	0.000000000000e+00	0.000000000000e+00	0.000000000000e+00	0.000000000000e+00	0.000000000000e+00	0.000000000000e+00	0.000000000000e+00	0.000000000000e+00	0.000000000000e+00	0.000000000000e+00
4.771250000000e+00	0.000000000000e+00	0.000000000000e+00	0.000000000000e+00	0.000000000000e+00	0.000000000000e+00	0.000000000000e+00	0.000000000000e+00	0.000000000000e+00	0.000000000000e+00	0.000000000000e+00
4.772500000000e+00	0.000000000000e+00	0.000000000000e+00	0.000000000000e+00	0.000000000000e+00	0.000000000000e+00	0.000000000000e+00	0.000000000000e+00	0.000000000000e+00	0.000000000000e+00	0.000000000000e+00
4.773750000000e+00	0.000000000000e+00	0.000000000000e+00	0.000000000000e+00	0.000000000000e+00	0.000000000000e+00	0.000000000000e+00	0.000000000000e+00	0.000000000000e+00	0.000000000000e+00	0.000000000000e+00
4.775000000000e+00	0.000000000000e+00	0.000000000000e+00	0.000000000000e+00	0.000000000000e+00	0.000000000000e+00	0.000000000000e+00	0.000000000000e+00	0.000000000000e+00	0.000000000000e+00	0.000000000000e+00
4.776250000000e+00	0.000000000000e+00	0.000000000000e+00	0.000000000000e+00	0.000000000000e+00	0.000000000000e+00	0.000000000000e+00	0.000000000000e+00	0.000000000000e+00	0.000000000000e+00	0.000000000000e+00
4.777500000000e+00	0.000000000000e+00	0.000000000000e+00	0.000000000000e+00	0.000000000000e+00	0.000000000000e+00	0.000000000000e+00	0.000000000000e+00	0.000000000000e+00	0.000000000000e+00	0.000000000000e+00
4.778750000000e+00	0.000000000000e+00	0.000000000000e+00	0.000000000000e+00	0.000000000000e+00	0.000000000000e+00	0.000000000000e+00	0.000000000000e+00	0.000000000000e+00	0.000000000000e+00	0.000000000000e+00
4.780000000000e+00	0.000000000000e+00	0.000000000000e+00	0.000000000000e+00	0.000000000000e+00	0.000000000000e+00	0.000000000000e+00	0.000000000000e+00	0.000000000000e+00	0.000000000000e+00	0.000000000000e+00
4.781250000000e+00	0.000000000000e+00	0.000000000000e+00	0.000000000000e+00	0.000000000000e+00	0.000000000000e+00	0.000000000000e+00	0.000000000000e+00	0.000000000000e+00	0.000000000000e+00	0.000000000000e+00
4.782500000000e+00	0.000000000000e+00	0.000000000000e+00	0.000000000000e+00	0.000000000000e+00	0.000000000000e+00	0.000000000000e+00	0.000000000000e+00	0.000000000000e+00	0.000000000000e+00	0.000000000000e+00
4.783750000000e+00	0.000000000000e+00	0.000000000000e+00	0.000000000000e+00	0.000000000000e+00	0.000000000000e+00	0.000000000000e+00	0.000000000000e+00	0.000000000000e+00	0.000000000000e+00	0.000000000000e+00
4.785000000000e+00	0.000000000000e+00	0.000000000000e+00	0.000000000000e+00	0.000000000000e+00	0.000000000000e+00	0.000000000000e+00	0.000000000000e+00	0.000000000000e+00	0.000000000000e+00	0.000000000000e+00
4.786250000000e+00	0.000000000000e+00	0.000000000000e+00	0.000000000000e+00	0.000000000000e+00	0.000000000000e+00	0.000000000000e+00	0.000000000000e+00	0.000000000000e+00	0.000000000000e+00	0.000000000000e+00
4.787500000000e+00	0.000000000000e+00	0.000000000000e+00	0.000000000000e+00	0.000000000000e+00	0.000000000000e+00	0.000000000000e+00	0.000000000000e+00	0.000000000000e+00	0.000000000000e+00	0.000000000000e+00
4.788750000000e+00	0.000000000000e+00	0.000000000000e+00	0.000000000000e+00	0.000000000000e+00	0.000000000000e+00	0.000000000000e+00	0.000000000000e+00	0.000000000000e+00	0.000000000000e+00	0.000000000000e+00
4.790000000000e+00	0.000000000000e+00	0.000000000000e+00	0.000000000000e+00	0.000000000000e+00	0.000000000000e+00	0.000000000000e+00	0.000000000000e+00	0.000000000000e+00	0.000000000000e+00	0.000000000000e+00
4.791250000000e+00	0.000000000000e+00	0.000000000000e+00	0.000000000000e+00	0.000000000000e+00	0.000000000000e+00	0.000000000000e+00	0.000000000000e+00	0.000000000000e+00	0.000000000000e+00	0.000000000000e+00
4.792500000000e+00	0.000000000000e+00	0.000000000000e+00	0.000000000000e+00	0.000000000000e+00	0.000000000000e+00	0.000000000000e+00	0.000000000000e+00	0.000000000000e+00	0.000000000000e+00	0.000000000000e+00
4.793750000000e+00	0.000000000000e+00	0.000000000000e+00	0.000000000000e+00	0.000000000000e+00	0.000000000000e+00	0.000000000000e+00	0.000000000000e+00	0.000000000000e+00	0.000000000000e+00	0.000000000000e+00
4.795000000000e+00	0.000000000000e+00	0.000000000000e+00	0.000000000000e+00	0.000000000000e+00	0.000000000000e+00	0.000000000000e+00	0.000000000000e+00	0.000000000000e+00	0.000000000000e+00	0.000000000000e+00
4.796250000000e+00	0.000000000000e+00	0.000000000000e+00	0.000000000000e+00	0.000000000000e+00	0.000000000000e+00	0.000000000000e+00	0.000000000000e+00	0.000000000000e+00	0.000000000000e+00	0.000000000000e+00
4.797500000000e+00	0.000000000000e+00	0.000000000000e+00	0.000000000000e+00	0.000000000000e+00	0.000000000000e+00	0.000000000000e+00	0.000000000000e+00	0.000000000000e+00	0.000000000000e+00	0.000000000000e+00
4.798750000000e+00	0.000000000000e+00	0.000000000000e+00	0.000000000000e+00	0.000000000000e+00	0.000000000000e+00	0.000000000000e+00	0.000000000000e+00	0.000000000000e+00	0.000000000000e+00	0.000000000000e+00
4.800000000000e+00	0.000000000000e+00	0.000000000000e+00	0.000000000000e+00	0.000000000000e+00	0.000000000000e+00	0.000000000000e+00	0.000000000000e+00	0.000000000000e+00	0.000000000000e+00	0.000000000000e+00
4.801250000000e+00	0.000000000000e+00	0.000000000000e+00	0.000000000000e+00	0.000000000000e+00	0.000000000000e+00	0.000000000000e+00	0.000000000000e+00	0.000000000000e+00	0.000000000000e+00	0.000000000000e+00
4.802500000000e+00	0.000000000000e+00	0.000000000000e+00	0.000000000000e+00	0.000000000000e+00	0.000000000000e+00	0.000000000000e+00	0.000000000000e+00	0.000000000000e+00	0.000000000000e+00	0.000000000000e+00
4.803750000000e+00	0.000000000000e+00	0.000000000000e+00	0.000000000000e+00	0.000000000000e+00	0.000000000000e+00	0.000000000000e+00	0.000000000000e+00	0.000000000000e+00	0.000000000000e+00	0.000000000000e+00
4.805000000000e+00	0.000000000000e+00	0.000000000000e+00	0.000000000000e+00	0.000000000000e+00	0.000000000000e+00	0.000000000000e+00	0.000000000000e+00	0.000000000000e+00	0.000000000000e+00	0.000000000000e+00
4.806250000000e+00	0.000000000000e+00	0.000000000000e+00	0.000000000000e+00	0.000000000000e+00	0.000000000000e+00	0.000000000000e+00	0.000000000000e+00	0.000000000000e+00	0.000000000000e+00	0.000000000000e+00
4.807500000000e+00	0.000000000000e+00	0.000000000000e+00	0.000000000000e+00	0.000000000000e+00	0.000000000000e+00	0.000000000000e+00	0.000000000000e+00	0.000000000000e+00	0.000000000000e+00	0.000000000000e+00
4.808750000000e+00	0.000000000000e+00	0.000000000000e+00	0.000000000000e+00	0.000000000000e+00	0.000000000000e+00	0.000000000000e+00	0.000000000000e+00	0.000000000000e+00	0.000000000000e+00	0.000000000000e+00
4.810000000000e+00	0.000000000000e+00	0.000000000000e+00	0.000000000000e+00	0.000000000000e+00	0.000000000000e+00	0.000000000000e+00	0.000000000000e+00	0.000000000000e+00	0.000000000000e+00	0.000000000000e+00
4.811250000000e+00	0.000000000000e+00	0.000000000000e+00	0.000000000000e+00	0.000000000000e+00	0.000000000000e+00	0.000000000000e+00	0.000000000000e+00	0.000000000000e+00	0.000000000000e+00	0.000000000000e+00
4.812500000000e+00	0.000000000000e+00	0.000000000000e+00	0.000000000000e+00	0.000000000000e+00	0.000000000000e+00	0.000000000000e+00	0.000000000000e+00	0.000000000000e+00	0.000000000000e+00	0.000000000000e+00
4.813750000000e+00	0.000000000000e+00	0.000000000000e+00	0.000000000000e+00	0.000000000000e+00	0.000000000000e+00	0.000000000000e+00	0.000000000000e+00	0.000000000000e+00	0.000000000000e+00	0.000000000000e+00
4.815000000000e+00	0.000000000000e+00	0.000000000000e+00	0.000000000000e+00	0.000000000000e+00	0.000000000000e+00	0.000000000000e+00	0.000000000000e+00	0.000000000000e+00	0.000000000000e+00	0.000000000000e+00
4.816250000000e+00	0.000000000000e+00	0.000000000000e+00	0.000000000000e+00	0.000000000000e+00	0.000000000000e+00	0.000000000000e+00	0.000000000000e+00	0.000000000000e+00	0.000000000000e+00	0.000000000000e+00
4.817500000000e+00	0.000000000000e+00	0.000000000000e+00	0.000000000000e+00	0.000000000000e+00	0.000000000000e+00	0.000000000000e+00	0.000000000000e+00	0.000000000000e+00	0.000000000000e+00	0.000000000000e+00
4.818750000000e+00	0.000000000000e+00	0.000000000000e+00	0.000000000000e+00	0.000000000000e+00	0.000000000000e+00	0.000000000000e+00	0.000000000000e+00	0.000000000000e+00	0.000000000000e+00	0.000000000000e+00
4.820000000000e+00	0.000000000000e+00	0.000000000000e+00	0.000000000000e+00	0.000000000000e+00	0.000000000000e+00	0.000000000000e+00	0.000000000000e+00	0.000000000000e+00	0.000000000000e+00	0.000000000000e+00
4.821250000000e+00	0.000000000000e+00	0.000000000000e+00	0.000000000000e+00	0.000000000000e+00	0.000000000000e+00	0.000000000000e+00	0.000000000000e+00	0.000000000000e+00	0.000000000000e+00	0.000000000000e+00
4.822500000000e+00	0.000000000000e+00	0.000000000000e+00	0.000000000000e+00	0.000000000000e+00	0.000000000000e+00	0.000000000000e+00	0.000000000000e+00	0.000000000000e+00	0.000000000000e+00	0.000000000000e+00
4.823750000000e+00	0.000000000000e+00	0.000000000000e+00	0.000000000000e+00	0.000000000000e+00	0.000000000000e+00	0.000000000000e+00	0.000000000000e+00	0.000000000000e+00	0.000000000000e+00	0.000000000000e+00
4.825000000000e+00	0.000000000000e+00	0.000000000000e+00	0.000000000000e+00	0.000000000000e+00	0.000000000000e+00	0.000000000000e+00	0.000000000000e+00	0.000000000000e+00	0.000000000000e+00	0.000000000000e+00
4.826250000000e+00	0.000000000000e+00	0.000000000000e+00	0.000000000000e+00	0.000000000000e+00	0.000000000000e+00	0.000000000000e+00	0.000000000000e+00	0.000000000000e+00	0.000000000000e+00	0.000000000000e+00
4.827500000000e+00	0.000000000000e+00	0.000000000000e+00	0.000000000000e+00	0.000000000000e+00	0.000000000000e+00	0.000000000000e+00	0.000000000000e+00	0.000000000000e+00	0.000000000000e+00	0.000000000000e+00
4.828750000000e+00	0.000000000000e+00	0.000000000000e+00	0.000000000000e+00	0.000000000000e+00	0.000000000000e+00	0.000000000000e+00	0.000000000000e+00	0.000000000000e+00	0.000000000000e+00	0.000000000000e+00
4.830000000000e+00	0.000000000000e+00	0.000000000000e+00	0.000000000000e+00	0.000000000000e+00	0.000000000000e+00	0.000000000000e+00	0.000000000000e+00	0.000000000000e+00	0.000000000000e+00	0.000000000000e+00
4.831250000000e+00	0.000000000000e+00	0.000000000000e+00	0.000000000000e+00	0.000000000000e+00	0.000000000000e+00	0.000000000000e+00	0.000000000000e+00	0.000000000000e+00	0.000000000000e+00	0.000000000000e+00
4.832500000000e+00	0.000000000000e+00	0.000000000000e+00	0.000000000000e+00	0.000000000000e+00	0.000000000000e+00	0.000000000000e+00	0.000000000000e+00	0.000000000000e+00	0.000000000000e+00	0.000000000000e+00
4.833750000000e+00	0.000000000000e+00	0.000000000000e+00	0.000000000000e+00	0.000000000000e+00	0.000000000000e+00	0.000000000000e+00	0.000000000000e+00	0.000000000000e+00	0.000000000000e+00	0.000000000000e+00
4.835000000000e+00	0.000000000000e+00	0.000000000000e+00	0.000000000000e+00	0.000000000000e+00	0.000000000000e+00	0.000000000000e+00	0.000000000000e+00	0.000000000000e+00	0.000000000000e+00	0.000000000000e+00
4.836250000000e+00	0.000000000000e+00	0.000000000000e+00	0.000000000000e+00	0.000000000000e+00	0.000000000000e+00	0.000000000000e+00	0.000000000000e+00	0.000000000000e+00	0.000000000000e+00	0.000000000000e+00
4.837500000000e+00	0.000000000000e+00	0.000000000000e+00	0.000000000000e+00	0.000000000000e+00	0.000000000000e+00	0.000000000000e+00	0.000000000000e+00	0.000000000000e+00	0.000000000000e+00	0.000000000000e+00
4.838750000000e+00	0.000000000000e+00	0.000000000000e+00	0.000000000000e+00	0.000000000000e+00	0.000000000000e+00	0.000000000000e+00	0.000000000000e+00	0.000000000000e+00	0.000000000000e+00	0.000000000000e+00
4.840000000000e+00	0.000000000000e+00	0.000000000000e+00	0.000000000000e+00	0.000000000000e+00	0.000000000000e+00	0.000000000000e+00	0.000000000000e+00	0.000000000000e+00	0.000000000000e+00	0.000000000000e+00
4.841250000000e+00	0.000000000000e+00	0.000000000000e+00	0.000000000000e+00	0.000000000000e+00	0.000000000000e+00	0.000000000000e+00	0.000000000000e+00	0.000000000000e+00	0.000000000000e+00	0.000000000000e+00
4.842500000000e+00	0.000000000000e+00	0.000000000000e+00	0.000000000000e+00	0.000000000000e+00	0.000000000000e+00	0.000000000000e+00	0.000000000000e+00	0.000000000000e+00	0.000000000000e+00	0.000000000000e+00
4.843750000000e+00	0.000000000000e+00	0.000000000000e+00	0.000000000000e+00	0.000000000000e+00	0.000000000000e+00	0.000000000000e+00	0.000000000000e+00	0.000000000000e+00	0.000000000000e+00	0.000000000000e+00
4.845000000000e+00	0.000000000000e+00	0.000000000000e+00	0.000000000000e+00	0.000000000000e+00	0.000000000000e+00	0.000000000000e+00	0.000000000000e+00	0.000000000000e+00	0.000000000000e+00	0.000000000000e+00
4.846250000000e+00	0.000000000000e+00	0.000000000000e+00	0.000000000000e+00	0.000000000000e+00	0.000000000000e+00	0.000000000000e+00	0.000000000000e+00	0.000000000000e+00	0.000000000000e+00	0.000000000000e+00
4.847500000000e+00	0.000000000000e+00	0.000000000000e+00	0.000000000000e+00	0.000000000000e+00	0.000000000000e+00	0.000000000000e+00	0.000000000000e+00	0.000000000000e+00	0.000000000000e+00	0.000000000000e+00
4.848750000000e+00	0.000000000000e+00	0.000000000000e+00	0.000000000000e+00	0.000000000000e+00	0.000000000000e+00	0.000000000000e+00	0.000000000000e+00	0.000000000000e+00	0.000000000000e+00	0.000000000000e+00
4.850000000000e+00	0.000000000000e+00	0.000000000000e+00	0.000000000000e+00	0.000000000000e+00	0.000000000000e+00	0.000000000000e+00	0.000000000000e+00	0.000000000000e+00	0.000000000000e+00	0.000000000000e+00
4.851250000000e+00	0.000000000000e+00	0.000000000000e+00	0.000000000000e+00	0.000000000000e+00	0.000000000000e+00	0.000000000000e+00	0.000000000000e+00	0.000000000000e+00	0.000000000000e+00	0.000000000000e+00
4.852500000000e+00	0.000000000000e+00	0.000000000000e+00	0.000000000000e+00	0.000000000000e+00	0.000000000000e+00	0.000000000000e+00	0.000000000000e+00	0.000000000000e+00	0.000000000000e+00	0.000000000000e+00
4.853750000000e+00	0.000000000000e+00	0.000000000000e+00	0.000000000000e+00	0.000000000000e+00	0.000000000000e+00	0.000000000000e+00	0.000000000000e+00	0.000000000000e+00	0.000000000000e+00	0.000000000000e+00
4.855000000000e+00	0.000000000000e+00	0.000000000000e+00	0.000000000000e+00	0.000000000000e+00	0.000000000000e+00	0.000000000000e+00	0.000000000000e+00	0.000000000000e+00	0.000000000000e+00	0.000000000000e+00
4.856250000000e+00	0.000000000000e+00	0.000000000000e+00	0.000000000000e+00	0.000000000000e+00	0.000000000000e+00	0.000000000000e+00	0.000000000000e+00	0.000000000000e+00	0.000000000000e+00	0.000000000000e+00
4.857500000000e+00	0.000000000000e+00	0.000000000000e+00	0.000000000000e+00	0.000000000000e+00	0.000000000000e+00	0.000000000000e+00	0.000000000000e+00	0.000000000000e+00	0.000000000000e+00	0.000000000000e+00
4.858750000000e+00	0.000000000000e+00	0.000000000000e+00	0.000000000000e+00	0.000000000000e+00	0.000000000000e+00	0.000000000000e+00	0.000000000000e+00	0.000000000000e+00	0.000000000000e+00	0.000000000000e+00
4.860000000000e+00	0.000000000000e+00	0.000000000000e+00	0.000000000000e+00	0.000000000000e+00	0.000000000000e+00	0.000000000000e+00	0.000000000000e+00	0.000000000000e+00	0.000000000000e+00	0.000000000000e+00
4.861250000000e+00	0.000000000000e+00	0.000000000000e+00	0.000000000000e+00	0.000000000000e+00	0.000000000000e+00	0.000000000000e+00	0.000000000000e+00	0.000000000000e+00	0.000000000000e+00	0.000000000000e+00
4.862500000000e+00	0.000000000000e+00	0.000000000000e+00	0.000000000000e+00	0.000000000000e+00	0.000000000000e+00	0.000000000000e+00	0.000000000000e+00	0.000000000000e+00	0.000000000000e+00	0.000000000000e+00
4.863750000000e+00	0.000000000000e+00	0.000000000000e+00	0.000000000000e+00	0.000000000000e+00	0.000000000000e+00	0.000000000000e+00	0.000000000000e+00	0.000000000000e+00	0.000000000000e+00	0.000000000000e+00
4.865000000000e+00	0.000000000000e+00	0.000000000000e+00	0.000000000000e+00	0.000000000000e+00	0.000000000000e+00	0.000000000000e+00	0.000000000000e+00	0.000000000000e+00	0.000000000000e+00	0.000000000000e+00
4.866250000000e+00	0.000000000000e+00	0.000000000000e+00	0.000000000000e+00	0.000000000000e+00	0.000000000000e+00	0.000000000000e+00	0.000000000000e+00	0.000000000000e+00	0.000000000000e+00	0.000000000000e+00
4.867500000000e+00	0.000000000000e+00	0.000000000000e+00	0.000000000000e+00	0.000000000000e+00	0.000000000000e+00	0.000000000000e+00	0.000000000000e+00	0.000000000000e+00	0.000000000000e+00	0.000000000000e+00
4.868750000000e+00	0.000000000000e+00	0.000000000000e+00	0.000000000000e+00	0.000000000000e+00	0.000000000000e+00	0.000000000000e+00	0.000000000000e+00	0.000000000000e+00	0.000000000000e+00	0.000000000000e+00
4.870000000000e+00	0.000000000000e+00	0.000000000000e+00	0.000000000000e+00	0.000000000000e+00	0.000000000000e+00	0.000000000000e+00	0.000000000000e+00	0.000000000000e+00	0.000000000000e+00	0.000000000000e+00
4.871250000000e+00	0.000000000000e+00	0.000000000000e+00	0.000000000000e+00	0.000000000000e+00	0.000000000000e+00	0.000000000000e+00	0.000000000000e+00	0.000000000000e+00	0.000000000000e+00	0.000000000000e+00
4.872500000000e+00	0.000000000000e+00	0.000000000000e+00	0.000000000000e+00	0.000000000000e+00	0.000000000000e+00	0.000000000000e+00	0.000000000000e+00	0.000000000000e+00	0.000000000000e+00	0.000000000000e+00
4.873750000000e+00	0.000000000000e+00	0.000000000000e+00	0.000000000000e+00	0.000000000000e+00	0.000000000000e+00	0.000000000000e+00	0.000000000000e+00	0.000000000000e+00	0.000000000000e+00	0.000000000000e+00
4.875000000000e+00	0.000000000000e+00	0.000000000000e+00	0.000000000000e+00	0.000000000000e+00	0.000000000000e+00	0.000000000000e+00	0.000000000000e+00	0.000000000000e+00	0.000000000000e+00	0.000000000000e+00
4.876250000000e+00	0.000000000000e+00	0.000000000000e+00	0.000000000000e+00	0.000000000000e+00	0.000000000000e+00	0.000000000000e+00	0.000000000000e+00	0.000000000000e+00	0.000000000000e+00	0.000000000000e+00
4.877500000000e+00	0.000000000000e+00	0.000000000000e+00	0.000000000000e+00	0.000000000000e+00	0.000000000000e+00	0.000000000000e+00	0.000000000000e+00	0.000000000000e+00	0.000000000000e+00	0.000000000000e+00
4.878750000000e+00	0.000000000000e+00	0.000000000000e+00	0.000000000000e+00	0.000000000000e+00	0.000000000000e+00	0.000000000000e+00	0.000000000000e+00	0.000000000000e+00	0.000000000000e+00	0.000000000000e+00
4.880000000000e+00	0.000000000000e+00	0.000000000000e+00	0.000000000000e+00	0.000000000000e+00	0.000000000000e+00	0.000000000000e+00	0.000000000000e+00	0.000000000000e+00	0.000000000000e+00	0.000000000000e+00
4.881250000000e+00	0.000000000000e+00	0.000000000000e+00	0.000000000000e+00	0.000000000000e+00	0.000000000000e+00	0.000000000000e+00	0.000000000000e+00	0.000000000000e+00	0.000000000000e+00	0.000000000000e+00
4.882500000000e+00	0.000000000000e+00	0.000000000000e+00	0.000000000000e+00	0.000000000000e+00	0.000000000000e+00	0.000000000000e+00	0.000000000000e+00	0.000000000000e+00	0.000000000000e+00	0.000000000000e+00
4.883750000000e+00	0.000000000000e+00	0.000000000000e+00	0.000000000000e+00	0.000000000000e+00	0.000000000000e+00	0.000000000000e+00	0.000000000000e+00	0.000000000000e+00	0.000000000000e+00	0.000000000000e+00
4.885000000000e+00	0.000000000000e+00	0.000000000000e+00	0.000000000000e+00	0.000000000000e+00	0.000000000000e+00	0.000000000000e+00	0.000000000000e+00	0.000000000000e+00	0.000000000000e+00	0.000000000000e+00
4.886250000000e+00	0.000000000000e+00	0.000000000000e+00	0.000000000000e+00	0.000000000000e+00	0.000000000000e+00	0.000000000000e+00	0.000000000000e+00	0.000000000000e+00	0.000000000000e+00	0.000000000000e+00
4.887500000000e+00	0.000000000000e+00	0.000000000000e+00	0.000000000000e+00	0.000000000000e+00	0.000000000000e+00	0.000000000000e+00	0.000000000000e+00	0.000000000000e+00	0.000000000000e+00	0.000000000000e+00
4.888750000000e+00	0.000000000000e+00	0.000000000000e+00	0.000000000000e+00	0.000000000000e+00	0.000000000000e+00	0.000000000000e+00	0.000000000000e+00	0.000000000000e+00	0.000000000000e+00	0.000000000000e+00
4.890000000000e+00	0.000000000000e+00	0.000000000000e+00	0.000000000000e+00	0.000000000000e+00	0.000000000000e+00	0.000000000000e+00	0.000000000000e+00	0.000000000000e+00	0.000000000000e+00	0.000000000000e+00
4.891250000000e+00	0.000000000000e+00	0.000000000000e+00	0.000000000000e+00	0.000000000000e+00	0.000000000000e+00	0.000000000000e+00	0.000000000000e+00	0.000000000000e+00	0.000000000000e+00	0.000000000000e+00
4.892500000000e+00	0.000000000000e+00	0.000000000000e+00	0.000000000000e+00	0.000000000000e+00	0.000000000000e+00	0.000000000000e+00	0.000000000000e+00	0.000000000000e+00	0.000000000000e+00	0.000000000000e+00
4.893750000000e+00	0.000000000000e+00	0.000000000000e+00	0.000000000000e+00	0.000000000000e+00	0.000000000000e+00	0.000000000000e+00	0.000000000000e+00	0.000000000000e+00	0.000000000000e+00	0.000000000000e+00
4.895000000000e+00	0.000000000000e+00	0.000000000000e+00	0.000000000000e+00	0.000000000000e+00	0.000000000000e+00	0.000000000000e+00	0.000000000000e+00	0.000000000000e+00	0.000000000000e+00	0.000000000000e+00
4.896250000000e+00	0.000000000000e+00	0.000000000000e+00	0.000000000000e+00	0.000000000000e+00	0.000000000000e+00	0.000000000000e+00	0.000000000000e+00	0.000000000000e+00	0.000000000000e+00	0.000000000000e+00
4.897500000000e+00	0.000000000000e+00	0.000000000000e+00	0.000000000000e+00	0.000000000000e+00	0.000000000000e+00	0.000000000000e+00	0.000000000000e+00	0.000000000000e+00	0.000000000000e+00	0.000000000000e+00
4.898750000000e+00	0.000000000000e+00	0.000000000000e+00	0.000000000000e+00	0.000000000000e+00	0.000000000000e+00	0.000000000000e+00	0.000000000000e+00	0.000000000000e+00	0.000000000000e+00	0.000000000000e+00
4.900000000000e+00	0.000000000000e+00	0.000000000000e+00	0.000000000000e+00	0.000000000000e+00	0.000000000000e+00	0.000000000000e+00	0.000000000000e+00	0.000000000000e+00	0.000000000000e+00	0.000000000000e+00
4.901250000000e+00	0.000000000000e+00	0.000000000000e+00	0.000000000000e+00	0.000000000000e+00	0.000000000000e+00	0.000000000000e+00	0.000000000000e+00	0.000000000000e+00	0.000000000000e+00	0.000000000000e+00
4.902500000000e+00	0.000000000000e+00	0.000000000000e+00	0.000000000000e+00	0.000000000000e+00	0.000000000000e+00	0.000000000000e+00	0.000000000000e+00	0.000000000000e+00	0.000000000000e+00	0.000000000000e+00
4.903750000000e+00	0.000000000000e+00	0.000000000000e+00	0.000000000000e+00	0.000000000000e+00	0.000000000000e+00	0.000000000000e+00	0.000000000000e+00	0.000000000000e+00	0.000000000000e+00	0.000000000000e+00
4.905000000000e+00	0.000000000000e+00	0.000000000000e+00	0.000000000000e+00	0.000000000000e+00	0.000000000000e+00	0.000000000000e+00	0.000000000000e+00	0.000000000000e+00	0.000000000000e+00	0.000000000000e+00
4.906250000000e+00	0.000000000000e+00	0.000000000000e+00	0.000000000000e+00	0.000000000000e+00	0.000000000000e+00	0.000000000000e+00	0.000000000000e+00	0.000000000000e+00	0.000000000000e+00	0.000000000000e+00
4.907500000000e+00	0.000000000000e+00	0.000000000000e+00	0.000000000000e+00	0.000000000000e+00	0.000000000000e+00	0.000000000000e+00	0.000000000000e+00	0.000000000000e+00	0.000000000000e+00	0.000000000000e+00
4.908750000000e+00	0.000000000000e+00	0.000000000000e+00	0.000000000000e+00	0.000000000000e+00	0.000000000000e+00	0.000000000000e+00	0.000000000000e+00	0.000000000000e+00	0.000000000000e+00	0.000000000000e+00
4.910000000000e+00	0.000000000000e+00	0.000000000000e+00	0.000000000000e+00	0.000000000000e+00	0.000000000000e+00	0.000000000000e+00	0.000000000000e+00	0.000000000000e+00	0.000000000000e+00	0.000000000000e+00
4.911250000000e+00	0.000000000000e+00	0.000000000000e+00	0.000000000000e+00	0.000000000000e+00	0.000000000000e+00	0.000000000000e+00	0.000000000000e+00	0.000000000000e+00	0.000000000000e+00	0.000000000000e+00
4.912500000000e+00	0.000000000000e+00	0.000000000000e+00	0.000000000000e+00	0.000000000000e+00	0.000000000000e+00	0.000000000000e+00	0.000000000000e+00	0.000000000000e+00	0.000000000000e+00	0.000000000000e+00
4.913750000000e+00	0.000000000000e+00	0.000000000000e+00	0.000000000000e+00	0.000000000000e+00	0.000000000000e+00	0.000000000000e+00	0.000000000000e+00	0.000000000000e+00	0.000000000000e+00	0.000000000000e+00
4.915000000000e+00	0.000000000000e+00	0.000000000000e+00	0.000000000000e+00	0.000000000000e+00	0.000000000000e+00	0.000000000000e+00	0.000000000000e+00	0.000000000000e+00	0.000000000000e+00	0.000000000000e+00
4.916250000000e+00	0.000000000000e+00	0.000000000000e+00	0.000000000000e+00	0.000000000000e+00	0.000000000000e+00	0.000000000000e+00	0.000000000000e+00	0.000000000000e+00	0.000000000000e+00	0.000000000000e+00
4.917500000000e+00	0.000000000000e+00	0.000000000000e+00	0.000000000000e+00	0.000000000000e+00	0.000000000000e+00	0.000000000000e+00	0.000000000000e+00	0.000000000000e+00	0.000000000000e+00	0.000000000000e+00
4.918750000000e+00	0.000000000000e+00	0.000000000000e+00	0.000000000000e+00	0.000000000000e+00	0.000000000000e+00	0.000000000000e+00	0.000000000000e+00	0.000000000000e+00	0.000000000000e+00	0.000000000000e+00
4.920000000000e+00	0.000000000000e+00	0.000000000000e+00	0.000000000000e+00	0.000000000000e+00	0.000000000000e+00	0.000000000000e+00	0.000000000000e+00	0.000000000000e+00	0.000000000000e+00	0.000000000000e+00
4.921250000000e+00	0.000000000000e+00	0.000000000000e+00	0.000000000000e+00	0.000000000000e+00	0.000000000000e+00	0.000000000000e+00	0.000000000000e+00	0.000000000000e+00	0.000000000000e+00	0.000000000000e+00
4.922500000000e+00	0.000000000000e+00	0.000000000000e+00	0.000000000000e+00	0.000000000000e+00	0.000000000000e+00	0.000000000000e+00	0.000000000000e+00	0.000000000000e+00	0.000000000000e+00	0.000000000000e+00
4.923750000000e+00	0.000000000000e+00	0.000000000000e+00	0.000000000000e+00	0.000000000000e+00	0.000000000000e+00	0.000000000000e+00	0.000000000000e+00	0.000000000000e+00	0.000000000000e+00	0.000000000000e+00
4.925000000000e+00	0.000000000000e+00	0.000000000000e+00	0.000000000000e+00	0.000000000000e+00	0.000000000000e+00	0.000000000000e+00	0.000000000000e+00	0.000000000000e+00	0.000000000000e+00	0.000000000000e+00
4.926250000000e+00	0.000000000000e+00	0.000000000000e+00	0.000000000000e+00	0.000000000000e+00	0.000000000000e+00	0.000000000000e+00	0.000000000000e+00	0.000000000000e+00	0.000000000000e+00	0.000000000000e+00
4.927500000000e+00	0.000000000000e+00	0.000000000000e+00	0.000000000000e+00	0.000000000000e+00	0.000000000000e+00	0.000000000000e+00	0.000000000000e+00	0.000000000000e+00	0.000000000000e+00	0.000000000000e+00
4.928750000000e+00	0.000000000000e+00	0.000000000000e+00	0.000000000000e+00	0.000000000000e+00	0.000000000000e+00	0.000000000000e+00	0.000000000000e+00	0.000000000000e+00	0.000000000000e+00	0.000000000000e+00
4.930000000000e+00	0.000000000000e+00	0.000000000000e+00	0.000000000000e+00	0.000000000000e+00	0.000000000000e+00	0.000000000000e+00	0.000000000000e+00	0.000000000000e+00	0.000000000000e+00	0.000000000000e+00
4.931250000000e+00	0.000000000000e+00	0.000000000000e+00	0.000000000000e+00	0.000000000000e+00	0.000000000000e+00	0.000000000000e+00	0.000000000000e+00	0.000000000000e+00	0.000000000000e+00	0.000000000000e+00
4.932500000000e+00	0.000000000000e+00	0.000000000000e+00	0.000000000000e+00	0.000000000000e+00	0.000000000000e+00	0.000000000000e+00	0.000000000000e+00	0.000000000000e+00	0.000000000000e+00	0.000000000000e+00
4.933750000000e+00	0.000000000000e+00	0.000000000000e+00	0.000000000000e+00	0.000000000000e+00	0.000000000000e+00	0.000000000000e+00	0.000000000000e+00	0.000000000000e+00	0.000000000000e+00	0.000000000000e+00
4.935000000000e+00	0.000000000000e+00	0.000000000000e+00	0.000000000000e+00	0.000000000000e+00	0.000000000000e+00	0.000000000000e+00	0.000000000000e+00	0.000000000000e+00	0.000000000000e+00	0.000000000000e+00
4.936250000000e+00	0.000000000000e+00	0.000000000000e+00	0.000000000000e+00	0.000000000000e+00	0.000000000000e+00	0.000000000000e+00	0.000000000000e+00	0.000000000000e+00	0.000000000000e+00	0.000000000000e+00
4.937500000000e+00	0.000000000000e+00	0.000000000000e+00	0.000000000000e+00	0.000000000000e+00	0.000000000000e+00	0.000000000000e+00	0.000000000000e+00	0.000000000000e+00	0.000000000000e+00	0.000000000000e+00
4.938750000000e+00	0.000000000000e+00	0.000000000000e+00	0.000000000000e+00	0.000000000000e+00	0.000000000000e+00	0.000000000000e+00	0.000000000000e+00	0.000000000000e+00	0.000000000000e+00	0.000000000000e+00
4.940000000000e+00	0.000000000000e+00	0.000000000000e+00	0.000000000000e+00	0.000000000000e+00	0.000000000000e+00	0.000000000000e+00	0.000000000000e+00	0.000000000000e+00	0.000000000000e+00	0.000000000000e+00
4.941250000000e+00	0.000000000000e+00	0.000000000000e+00	0.000000000000e+00	0.000000000000e+00	0.000000000000e+00	0.000000000000e+00	0.000000000000e+00	0.000000000000e+00	0.000000000000e+00	0.000000000000e+00
4.942500000000e+00	0.000000000000e+00	0.000000000000e+00	0.000000000000e+00	0.000000000000e+00	0.000000000000e+00	0.000000000000e+00	0.000000000000e+00	0.000000000000e+00	0.000000000000e+00	0.000000000000e+00
4.943750000000e+00	0.000000000000e+00	0.000000000000e+00	0.000000000000e+00	0.000000000000e+00	0.000000000000e+00	0.000000000000e+00	0.000000000000e+00	0.000000000000e+00	0.000000000000e+00	0.000000000000e+00
4.945000000000e+00	0.000000000000e+00	0.000000000000e+00	0.000000000000e+00	0.000000000000e+00	0.000000000000e+00	0.000000000000e+00	0.000000000000e+00	0.000000000000e+00	0.000000000000e+00	0.000000000000e+00
4.946250000000e+00	0.000000000000e+00	0.000000000000e+00	0.000000000000e+00	0.000000000000e+00	0.000000000000e+00	0.000000000000e+00	0.000000000000e+00	0.000000000000e+00	0.000000000000e+00	0.000000000000e+00
4.947500000000e+00	0.000000000000e+00	0.000000000000e+00	0.000000000000e+00	0.000000000000e+00	0.000000000000e+00	0.000000000000e+00	0.000000000000e+00	0.000000000000e+00	0.000000000000e+00	0.000000000000e+00
4.948750000000e+00	0.000000000000e+00	0.000000000000e+00	0.000000000000e+00	0.000000000000e+00	0.000000000000e+00	0.000000000000e+00	0.000000000000e+00	0.000000000000e+00	0.000000000000e+00	0.000000000000e+00
4.950000000000e+00	0.000000000000e+00	0.000000000000e+00	0.000000000000e+00	0.000000000000e+00	0.000000000000e+00	0.000000000000e+00	0.000000000000e+00	0.000000000000e+00	0.000000000000e+00	0.000000000000e+00
4.951250000000e+00	0.000000000000e+00	0.000000000000e+00	0.000000000000e+00	0.000000000000e+00	0.000000000000e+00	0.000000000000e+00	0.000000000000e+00	0.000000000000e+00	0.000000000000e+00	0.000000000000e+00
4.952500000000e+00	0.000000000000e+00	0.000000000000e+00	0.000000000000e+00	0.000000000000e+00	0.000000000000e+00	0.000000000000e+00	0.000000000000e+00	0.000000000000e+00	0.000000000000e+00	0.000000000000e+00
4.953750000000e+00	0.000000000000e+00	0.000000000000e+00	0.000000000000e+00	0.000000000000e+00	0.000000000000e+00	0.000000000000e+00	0.000000000000e+00	0.000000000000e+00	0.000000000000e+00	0.000000000000e+00
4.955000000000e+00	0.000000000000e+00	0.000000000000e+00	0.000000000000e+00	0.000000000000e+00	0.000000000000e+00	0.000000000000e+00	0.000000000000e+00	0.000000000000e+00	0.000000000000e+00	0.000000000000e+00
4.956250000000e+00	0.000000000000e+00	0.000000000000e+00	0.000000000000e+00	0.000000000000e+00	0.000000000000e+00	0.000000000000e+00	0.000000000000e+00	0.000000000000e+00	0.000000000000e+00	0.000000000000e+00
4.957500000000e+00	0.000000000000e+00	0.000000000000e+00	0.000000000000e+00	0.000000000000e+00	0.000000000000e+00	0.000000000000e+00	0.000000000000e+00	0.000000000000e+00	0.000000000000e+00	0.000000000000e+00
4.958750000000e+00	0.000000000000e+00	0.000000000000e+00	0.000000000000e+00	0.000000000000e+00	0.000000000000e+00	0.000000000000e+00	0.000000000000e+00	0.000000000000e+00	0.000000000000e+00	0.000000000000e+00
4.960000000000e+00	0.000000000000e+00	0.000000000000e+00	0.000000000000e+00	0.000000000000e+00	0.000000000000e+00	0.000000000000e+00	0.000000000000e+00	0.000000000000e+00	0.000000000000e+00	0.000000000000e+00
4.961250000000e+00	0.000000000000e+00	0.000000000000e+00	0.000000000000e+00	0.000000000000e+00	0.000000000000e+00	0.000000000000e+00	0.000000000000e+00	0.000000000000e+00	0.000000000000e+00	0.000000000000e+00
4.962500000000e+00	0.000000000000e+00	0.000000000000e+00	0.000000000000e+00	0.000000000000e+00	0.000000000000e+00	0.000000000000e+00	0.000000000000e+00	0.000000000000e+00	0.000000000000e+00	0.000000000000e+00
4.963750000000e+00	0.000000000000e+00	0.000000000000e+00	0.000000000000e+00	0.000000000000e+00	0.000000000000e+00	0.000000000000e+00	0.000000000000e+00	0.000000000000e+00	0.000000000000e+00	0.000000000000e+00
4.965000000000e+00	0.000000000000e+00	0.000000000000e+00	0.000000000000e+00	0.000000000000e+00	0.000000000000e+00	0.000000000000e+00	0.000000000000e+00	0.000000000000e+00	0.000000000000e+00	0.000000000000e+00
4.966250000000e+00	0.000000000000e+00	0.000000000000e+00	0.000000000000e+00	0.000000000000e+00	0.000000000000e+00	0.000000000000e+00	0.000000000000e+00	0.000000000000e+00	0.000000000000e+00	0.000000000000e+00
4.967500000000e+00	0.000000000000e+00	0.000000000000e+00	0.000000000000e+00	0.000000000000e+00	0.000000000000e+00	0.000000000000e+00	0.000000000000e+00	0.000000000000e+00	0.000000000000e+00	0.000000000000e+00
4.968750000000e+00	0.000000000000e+00	0.000000000000e+00	0.000000000000e+00	0.000000000000e+00	0.000000000000e+00	0.000000000000e+00	0.000000000000e+00	0.000000000000e+00	0.000000000000e+00	0.000000000000e+00
4.970000000000e+00	0.000000000000e+00	0.000000000000e+00	0.000000000000e+00	0.000000000000e+00	0.000000000000e+00	0.000000000000e+00	0.000000000000e+00	0.000000000000e+00	0.000000000000e+00	0.000000000000e+00
4.971250000000e+00	0.000000000000e+00	0.000000000000e+00	0.000000000000e+00	0.000000000000e+00	0.000000000000e+00	0.000000000000e+00	0.000000000000e+00	0.000000000000e+00	0.000000000000e+00	0.000000000000e+00
4.972500000000e+00	0.000000000000e+00	0.000000000000e+00	0.000000000000e+00	0.000000000000e+00	0.000000000000e+00	0.000000000000e+00	0.000000000000e+00	0.000000000000e+00	0.000000000000e+00	0.000000000000e+00
4.973750000000e+00	0.000000000000e+00	0.000000000000e+00	0.000000000000e+00	0.000000000000e+00	0.000000000000e+00	0.000000000000e+00	0.000000000000e+00	0.000000000000e+00	0.000000000000e+00	0.000000000000e+00
4.975000000000e+00	0.000000000000e+00	0.000000000000e+00	0.000000000000e+00	0.000000000000e+00	0.000000000000e+00	0.000000000000e+00	0.000000000000e+00	0.000000000000e+00	0.000000000000e+00	0.000000000000e+00
4.976250000000e+00	0.000000000000e+00	0.000000000000e+00	0.000000000000e+00	0.000000000000e+00	0.000000000000e+00	0.000000000000e+00	0.000000000000e+00	0.000000000000e+00	0.000000000000e+00	0.000000000000e+00
4.977500000000e+00	0.000000000000e+00	0.000000000000e+00	0.000000000000e+00	0.000000000000e+00	0.000000000000e+00	0.000000000000e+00	0.000000000000e+00	0.000000000000e+00	0.000000000000e+00	0.000000000000e+00
4.978750000000e+00	0.000000000000e+00	0.000000000000e+00	0.000000000000e+00	0.000000000000e+00	0.000000000000e+00	0.000000000000e+00	0.000000000000e+00	0.000000000000e+00	0.000000000000e+00	0.000000000000e+00
4.980000000000e+00	0.000000000000e+00	0.000000000000e+00	0.000000000000e+00	0.000000000000e+00	0.000000000000e+00	0.000000000000e+00	0.000000000000e+00	0.000000000000e+00	0.000000000000e+00	0.000000000000e+00
4.981250000000e+00	0.000000000000e+00	0.000000000000e+00	0.000000000000e+00	0.000000000000e+00	0.000000000000e+00	0.000000000000e+00	0.000000000000e+00	0.000000000000e+00	0.000000000000e+00	0.000000000000e+00
4.982500000000e+00	0.000000000000e+00	0.000000000000e+00	0.000000000000e+00	0.000000000000e+00	0.000000000000e+00	0.000000000000e+00	0.000000000000e+00	0.000000000000e+00	0.000000000000e+00	0.000000000000e+00
4.983750000000e+00	0.000000000000e+00	0.000000000000e+00	0.000000000000e+00	0.000000000000e+00	0.000000000000e+00	0.000000000000e+00	0.000000000000e+00	0.000000000000e+00	0.000000000000e+00	0.000000000000e+00
4.985000000000e+00	0.000000000000e+00	0.000000000000e+00	0.000000000000e+00	0.000000000000e+00	0.000000000000e+00	0.000000000000e+00	0.000000000000e+00	0.000000000000e+00	0.000000000000e+00	0.000000000000e+00
4.986250000000e+00	0.000000000000e+00	0.000000000000e+00	0.000000000000e+00	0.000000000000e+00	0.000000000000e+00	0.000000000000e+00	0.000000000000e+00	0.000000000000e+00	0.000000000000e+00	0.000000000000e+00
4.987500000000e+00	0.000000000000e+00	0.000000000000e+00	0.000000000000e+00	0.000000000000e+00	0.000000000000e+00	0.000000000000e+00	0.000000000000e+00	0.000000000000e+00	0.000000000000e+00	0.000000000000e+00
4.988750000000e+00	0.000000000000e+00	0.000000000000e+00	0.000000000000e+00	0.000000000000e+00	0.000000000000e+00	0.000000000000e+00	0.000000000000e+00	0.000000000000e+00	0.000000000000e+00	0.000000000000e+00
4.990000000000e+00	0.000000000000e+00	0.000000000000e+00	0.000000000000e+00	0.000000000000e+00	0.000000000000e+00	0.000000000000e+00	0.000000000000e+00	0.000000000000e+00	0.000000000000e+00	0.000000000000e+00
4.991250000000e+00	0.000000000000e+00	0.000000000000e+00	0.000000000000e+00	0.000000000000e+00	0.000000000000e+00	0.000000000000e+00	0.000000000000e+00	0.000000000000e+00	0.000000000000e+00	0.000000000000e+00
4.992500000000e+00	0.000000000000e+00	0.000000000000e+00	0.000000000000e+00	0.000000000000e+00	0.000000000000e+00	0.000000000000e+00	0.000000000000e+00	0.000000000000e+00	0.000000000000e+00	0.000000000000e+00
4.993750000000e+00	0.000000000000e+00	0.000000000000e+00	0.000000000000e+00	0.000000000000e+00	0.000000000000e+00	0.000000000000e+00	0.000000000000e+00	0.000000000000e+00	0.000000000000e+00	0.000000000000e+00
4.995000000000e+00	0.000000000000e+00	0.000000000000e+00	0.000000000000e+00	0.000000000000e+00	0.000000000000e+00	0.000000000000e+00	0.000000000000e+00	0.000000000000e+00	0.000000000000e+00	0.000000000000e+00
4.996250000000e+00	0.000000000000e+00	0.000000000000e+00	0.000000000000e+00	0.000000000000e+00	0.000000000000e+00	0.000000000000e+00	0.000000000000e+00	0.000000000000e+00	0.000000000000e+00	0.000000000000e+00
4.997500000000e+00	0.000000000000e+00	0.000000000000e+00	0.000000000000e+00	0.000000000000e+00	0.000000000000e+00	0.000000000000e+00	0.000000000000e+00	0.000000000000e+00	0.000000000000e+00	0.000000000000e+00
4.998750000000e+00	0.000000000000e+00	0.000000000000e+00	0.000000000000e+00	0.000000000000e+00	0.000000000000e+00	0.000000000000e+00	0.000000000000e+00	0.000000000000e+00	0.000000000000e+00	0.000000000000e+00
5.000000000000e+00	0.000000000000e+00	0.000000000000e+00	0.000000000000e+00	0.000000000000e+00	0.000000000000e+00	0.000000000000e+00	0.000000000000e+00	0.000000000000e+00	0.000000000000e+00	0.000000000000e+00
