# Z_MID	BIN1	BIN2	BIN3	BIN4	BIN5	BIN6	BIN7	BIN8	BIN9	BIN10
0.000000e+00	0.000000e+00	0.000000e+00	0.000000e+00	0.000000e+00	0.000000e+00	0.000000e+00	0.000000e+00	0.000000e+00	0.000000e+00	0.000000e+00
5.005005e-03	5.941400e-04	7.142826e-13	0.000000e+00	0.000000e+00	0.000000e+00	0.000000e+00	0.000000e+00	0.000000e+00	0.000000e+00	0.000000e+00
1.001001e-02	2.366938e-03	5.883149e-12	0.000000e+00	0.000000e+00	0.000000e+00	0.000000e+00	0.000000e+00	0.000000e+00	0.000000e+00	0.000000e+00
1.501502e-02	5.331091e-03	2.691933e-11	0.000000e+00	0.000000e+00	0.000000e+00	0.000000e+00	0.000000e+00	0.000000e+00	0.000000e+00	0.000000e+00
2.002002e-02	9.491806e-03	9.569567e-11	0.000000e+00	0.000000e+00	0.000000e+00	0.000000e+00	0.000000e+00	0.000000e+00	0.000000e+00	0.000000e+00
2.502503e-02	1.483529e-02	2.935546e-10	0.000000e+00	0.000000e+00	0.000000e+00	0.000000e+00	0.000000e+00	0.000000e+00	0.000000e+00	0.000000e+00
3.003003e-02	2.132724e-02	8.143518e-10	3.288228e-18	0.000000e+00	0.000000e+00	0.000000e+00	0.000000e+00	0.000000e+00	0.000000e+00	0.000000e+00
3.503504e-02	2.891433e-02	2.095027e-09	1.282701e-17	0.000000e+00	0.000000e+00	0.000000e+00	0.000000e+00	0.000000e+00	0.000000e+00	0.000000e+00
4.004004e-02	3.752707e-02	5.074726e-09	4.811380e-17	0.000000e+00	0.000000e+00	0.000000e+00	0.000000e+00	0.000000e+00	0.000000e+00	0.000000e+00
4.504505e-02	4.708328e-02	1.168948e-08	1.686904e-16	0.000000e+00	0.000000e+00	0.000000e+00	0.000000e+00	0.000000e+00	0.000000e+00	0.000000e+00
5.005005e-02	5.749184e-02	2.578346e-08	5.615358e-16	0.000000e+00	0.000000e+00	0.000000e+00	0.000000e+00	0.000000e+00	0.000000e+00	0.000000e+00
5.505506e-02	6.865631e-02	5.473244e-08	1.807876e-15	0.000000e+00	0.000000e+00	0.000000e+00	0.000000e+00	0.000000e+00	0.000000e+00	0.000000e+00
6.006006e-02	8.047829e-02	1.122465e-07	5.567501e-15	0.000000e+00	0.000000e+00	0.000000e+00	0.000000e+00	0.000000e+00	0.000000e+00	0.000000e+00
6.506507e-02	9.286033e-02	2.230660e-07	1.652347e-14	0.000000e+00	0.000000e+00	0.000000e+00	0.000000e+00	0.000000e+00	0.000000e+00	0.000000e+00
7.007007e-02	1.057084e-01	4.306075e-07	4.726370e-14	0.000000e+00	0.000000e+00	0.000000e+00	0.000000e+00	0.000000e+00	0.000000e+00	0.000000e+00
7.507508e-02	1.189335e-01	8.090743e-07	1.306725e-13	0.000000e+00	0.000000e+00	0.000000e+00	0.000000e+00	0.000000e+00	0.000000e+00	0.000000e+00
8.008008e-02	1.324535e-01	1.482135e-06	3.499038e-13	0.000000e+00	0.000000e+00	0.000000e+00	0.000000e+00	0.000000e+00	0.000000e+00	0.000000e+00
8.508509e-02	1.461935e-01	2.650992e-06	9.087817e-13	0.000000e+00	0.000000e+00	0.000000e+00	0.000000e+00	0.000000e+00	0.000000e+00	0.000000e+00
9.009009e-02	1.600863e-01	4.635518e-06	2.292444e-12	0.000000e+00	0.000000e+00	0.000000e+00	0.000000e+00	0.000000e+00	0.000000e+00	0.000000e+00
9.509510e-02	1.740727e-01	7.933047e-06	5.623481e-12	0.000000e+00	0.000000e+00	0.000000e+00	0.000000e+00	0.000000e+00	0.000000e+00	0.000000e+00
1.001001e-01	1.881008e-01	1.330040e-05	1.342964e-11	0.000000e+00	0.000000e+00	0.000000e+00	0.000000e+00	0.000000e+00	0.000000e+00	0.000000e+00
1.051051e-01	2.021256e-01	2.186555e-05	3.125440e-11	0.000000e+00	0.000000e+00	0.000000e+00	0.000000e+00	0.000000e+00	0.000000e+00	0.000000e+00
1.101101e-01	2.161084e-01	3.527610e-05	7.094891e-11	0.000000e+00	0.000000e+00	0.000000e+00	0.000000e+00	0.000000e+00	0.000000e+00	0.000000e+00
1.151151e-01	2.300158e-01	5.589195e-05	1.572311e-10	0.000000e+00	0.000000e+00	0.000000e+00	0.000000e+00	0.000000e+00	0.000000e+00	0.000000e+00
1.201201e-01	2.438187e-01	8.702926e-05	3.404336e-10	0.000000e+00	0.000000e+00	0.000000e+00	0.000000e+00	0.000000e+00	0.000000e+00	0.000000e+00
1.251251e-01	2.574912e-01	1.332620e-04	7.206903e-10	2.898076e-17	0.000000e+00	0.000000e+00	0.000000e+00	0.000000e+00	0.000000e+00	0.000000e+00
1.301301e-01	2.710098e-01	2.007853e-04	1.492755e-09	9.130288e-17	0.000000e+00	0.000000e+00	0.000000e+00	0.000000e+00	0.000000e+00	0.000000e+00
1.351351e-01	2.843523e-01	2.978414e-04	3.027162e-09	2.868997e-16	0.000000e+00	0.000000e+00	0.000000e+00	0.000000e+00	0.000000e+00	0.000000e+00
1.401401e-01	2.974964e-01	4.352065e-04	6.013942e-09	8.327387e-16	0.000000e+00	0.000000e+00	0.000000e+00	0.000000e+00	0.000000e+00	0.000000e+00
1.451451e-01	3.104191e-01	6.267287e-04	1.171155e-08	2.222611e-15	0.000000e+00	0.000000e+00	0.000000e+00	0.000000e+00	0.000000e+00	0.000000e+00
1.501502e-01	3.230954e-01	8.899054e-04	2.236885e-08	5.889632e-15	0.000000e+00	0.000000e+00	0.000000e+00	0.000000e+00	0.000000e+00	0.000000e+00
1.551552e-01	3.354975e-01	1.246476e-03	4.192560e-08	1.523378e-14	0.000000e+00	0.000000e+00	0.000000e+00	0.000000e+00	0.000000e+00	0.000000e+00
1.601602e-01	3.475938e-01	1.723009e-03	7.715129e-08	3.854398e-14	0.000000e+00	0.000000e+00	0.000000e+00	0.000000e+00	0.000000e+00	0.000000e+00
1.651652e-01	3.593483e-01	2.351437e-03	1.394595e-07	9.518879e-14	0.000000e+00	0.000000e+00	0.000000e+00	0.000000e+00	0.000000e+00	0.000000e+00
1.701702e-01	3.707197e-01	3.169519e-03	2.477413e-07	2.299683e-13	0.000000e+00	0.000000e+00	0.000000e+00	0.000000e+00	0.000000e+00	0.000000e+00
1.751752e-01	3.816611e-01	4.221170e-03	4.327039e-07	5.435402e-13	0.000000e+00	0.000000e+00	0.000000e+00	0.000000e+00	0.000000e+00	0.000000e+00
1.801802e-01	3.921197e-01	5.556619e-03	7.433864e-07	1.257475e-12	0.000000e+00	0.000000e+00	0.000000e+00	0.000000e+00	0.000000e+00	0.000000e+00
1.851852e-01	4.020369e-01	7.232360e-03	1.256761e-06	2.849188e-12	0.000000e+00	0.000000e+00	0.000000e+00	0.000000e+00	0.000000e+00	0.000000e+00
1.901902e-01	4.113481e-01	9.310848e-03	2.091613e-06	6.325766e-12	0.000000e+00	0.000000e+00	0.000000e+00	0.000000e+00	0.000000e+00	0.000000e+00
1.951952e-01	4.199836e-01	1.185991e-02	3.428244e-06	1.376800e-11	0.000000e+00	0.000000e+00	0.000000e+00	0.000000e+00	0.000000e+00	0.000000e+00
2.002002e-01	4.278695e-01	1.495185e-02	5.535906e-06	2.938989e-11	0.000000e+00	0.000000e+00	0.000000e+00	0.000000e+00	0.000000e+00	0.000000e+00
2.052052e-01	4.349287e-01	1.866225e-02	8.810339e-06	6.155817e-11	0.000000e+00	0.000000e+00	0.000000e+00	0.000000e+00	0.000000e+00	0.000000e+00
2.102102e-01	4.410821e-01	2.306848e-02	1.382416e-05	1.265672e-10	0.000000e+00	0.000000e+00	0.000000e+00	0.000000e+00	0.000000e+00	0.000000e+00
2.152152e-01	4.462507e-01	2.824788e-02	2.139329e-05	2.555556e-10	0.000000e+00	0.000000e+00	0.000000e+00	0.000000e+00	0.000000e+00	0.000000e+00
2.202202e-01	4.503574e-01	3.427578e-02	3.266295e-05	5.069382e-10	5.381697e-17	0.000000e+00	0.000000e+00	0.000000e+00	0.000000e+00	0.000000e+00
2.252252e-01	4.533291e-01	4.122326e-02	4.921695e-05	9.883288e-10	1.098366e-16	0.000000e+00	0.000000e+00	0.000000e+00	0.000000e+00	0.000000e+00
2.302302e-01	4.550988e-01	4.915486e-02	7.321389e-05	1.894485e-09	3.359797e-16	0.000000e+00	0.000000e+00	0.000000e+00	0.000000e+00	0.000000e+00
2.352352e-01	4.556078e-01	5.812618e-02	1.075539e-04	3.571797e-09	8.557779e-16	0.000000e+00	0.000000e+00	0.000000e+00	0.000000e+00	0.000000e+00
2.402402e-01	4.548081e-01	6.818161e-02	1.560789e-04	6.625917e-09	2.149107e-15	0.000000e+00	0.000000e+00	0.000000e+00	0.000000e+00	0.000000e+00
2.452452e-01	4.526639e-01	7.935215e-02	2.238076e-04	1.209825e-08	5.318362e-15	0.000000e+00	0.000000e+00	0.000000e+00	0.000000e+00	0.000000e+00
2.502503e-01	4.491533e-01	9.165340e-02	3.172065e-04	2.175038e-08	1.267661e-14	0.000000e+00	0.000000e+00	0.000000e+00	0.000000e+00	0.000000e+00
2.552553e-01	4.442703e-01	1.050840e-01	4.444955e-04	3.851451e-08	2.972716e-14	0.000000e+00	0.000000e+00	0.000000e+00	0.000000e+00	0.000000e+00
2.602603e-01	4.380250e-01	1.196241e-01	6.159832e-04	6.719515e-08	6.842703e-14	0.000000e+00	0.000000e+00	0.000000e+00	0.000000e+00	0.000000e+00
2.652653e-01	4.304445e-01	1.352347e-01	8.444262e-04	1.155437e-07	1.544766e-13	0.000000e+00	0.000000e+00	0.000000e+00	0.000000e+00	0.000000e+00
2.702703e-01	4.215728e-01	1.518572e-01	1.145403e-03	1.958779e-07	3.424959e-13	0.000000e+00	0.000000e+00	0.000000e+00	0.000000e+00	0.000000e+00
2.752753e-01	4.114708e-01	1.694132e-01	1.537690e-03	3.274817e-07	7.459448e-13	0.000000e+00	0.000000e+00	0.000000e+00	0.000000e+00	0.000000e+00
2.802803e-01	4.002148e-01	1.878051e-01	2.043620e-03	5.401080e-07	1.596560e-12	0.000000e+00	0.000000e+00	0.000000e+00	0.000000e+00	0.000000e+00
2.852853e-01	3.878957e-01	2.069173e-01	2.689411e-03	8.790066e-07	3.359014e-12	0.000000e+00	0.000000e+00	0.000000e+00	0.000000e+00	0.000000e+00
2.902903e-01	3.746171e-01	2.266171e-01	3.505437e-03	1.412033e-06	6.949390e-12	0.000000e+00	0.000000e+00	0.000000e+00	0.000000e+00	0.000000e+00
2.952953e-01	3.604935e-01	2.467570e-01	4.526422e-03	2.239541e-06	1.414271e-11	0.000000e+00	0.000000e+00	0.000000e+00	0.000000e+00	0.000000e+00
3.003003e-01	3.456476e-01	2.671764e-01	5.791534e-03	3.507939e-06	2.832129e-11	0.000000e+00	0.000000e+00	0.000000e+00	0.000000e+00	0.000000e+00
3.053053e-01	3.302085e-01	2.877045e-01	7.344348e-03	5.427991e-06	5.582488e-11	0.000000e+00	0.000000e+00	0.000000e+00	0.000000e+00	0.000000e+00
3.103103e-01	3.143088e-01	3.081624e-01	9.232670e-03	8.299126e-06	1.083461e-10	0.000000e+00	0.000000e+00	0.000000e+00	0.000000e+00	0.000000e+00
3.153153e-01	2.980822e-01	3.283661e-01	1.150819e-02	1.254127e-05	2.071108e-10	0.000000e+00	0.000000e+00	0.000000e+00	0.000000e+00	0.000000e+00
3.203203e-01	2.816610e-01	3.481297e-01	1.422596e-02	1.873589e-05	3.900550e-10	0.000000e+00	0.000000e+00	0.000000e+00	0.000000e+00	0.000000e+00
3.253253e-01	2.651741e-01	3.672680e-01	1.744367e-02	2.767806e-05	7.239522e-10	7.215492e-17	0.000000e+00	0.000000e+00	0.000000e+00	0.000000e+00
3.303303e-01	2.487448e-01	3.855993e-01	2.122079e-02	4.044160e-05	1.324584e-09	1.455737e-16	0.000000e+00	0.000000e+00	0.000000e+00	0.000000e+00
3.353353e-01	2.324886e-01	4.029487e-01	2.561741e-02	5.845921e-05	2.389771e-09	3.669916e-16	0.000000e+00	0.000000e+00	0.000000e+00	0.000000e+00
3.403403e-01	2.165125e-01	4.191500e-01	3.069307e-02	8.361958e-05	4.252648e-09	9.618652e-16	0.000000e+00	0.000000e+00	0.000000e+00	0.000000e+00
3.453453e-01	2.009130e-01	4.340490e-01	3.650533e-02	1.183831e-04	7.466301e-09	2.162269e-15	0.000000e+00	0.000000e+00	0.000000e+00	0.000000e+00
3.503504e-01	1.857755e-01	4.475054e-01	4.310824e-02	1.659177e-04	1.293625e-08	4.882326e-15	0.000000e+00	0.000000e+00	0.000000e+00	0.000000e+00
3.553554e-01	1.711738e-01	4.593945e-01	5.055081e-02	2.302551e-04	2.212484e-08	1.081723e-14	0.000000e+00	0.000000e+00	0.000000e+00	0.000000e+00
3.603604e-01	1.571698e-01	4.696097e-01	5.887531e-02	3.164680e-04	3.736196e-08	2.368518e-14	0.000000e+00	0.000000e+00	0.000000e+00	0.000000e+00
3.653654e-01	1.438135e-01	4.780630e-01	6.811575e-02	4.308669e-04	6.231093e-08	5.120378e-14	0.000000e+00	0.000000e+00	0.000000e+00	0.000000e+00
3.703704e-01	1.311430e-01	4.846867e-01	7.829623e-02	5.812138e-04	1.026570e-07	1.087505e-13	0.000000e+00	0.000000e+00	0.000000e+00	0.000000e+00
3.753754e-01	1.191854e-01	4.894338e-01	8.942959e-02	7.769507e-04	1.671111e-07	2.274024e-13	0.000000e+00	0.000000e+00	0.000000e+00	0.000000e+00
3.803804e-01	1.079573e-01	4.922788e-01	1.015161e-01	1.029435e-03	2.688530e-07	4.685369e-13	0.000000e+00	0.000000e+00	0.000000e+00	0.000000e+00
3.853854e-01	9.746538e-02	4.932169e-01	1.145424e-01	1.352179e-03	4.275787e-07	9.511558e-13	0.000000e+00	0.000000e+00	0.000000e+00	0.000000e+00
3.903904e-01	8.770781e-02	4.922646e-01	1.284807e-01	1.761081e-03	6.723649e-07	1.902643e-12	0.000000e+00	0.000000e+00	0.000000e+00	0.000000e+00
3.953954e-01	7.867480e-02	4.894582e-01	1.432881e-01	2.274640e-03	1.045626e-06	3.751916e-12	0.000000e+00	0.000000e+00	0.000000e+00	0.000000e+00
4.004004e-01	7.034981e-02	4.848536e-01	1.589066e-01	2.914146e-03	1.608507e-06	7.295000e-12	0.000000e+00	0.000000e+00	0.000000e+00	0.000000e+00
4.054054e-01	6.271062e-02	4.785241e-01	1.752630e-01	3.703825e-03	2.448136e-06	1.398926e-11	0.000000e+00	0.000000e+00	0.000000e+00	0.000000e+00
4.104104e-01	5.573030e-02	4.705599e-01	1.922693e-01	4.670937e-03	3.687253e-06	2.646455e-11	0.000000e+00	0.000000e+00	0.000000e+00	0.000000e+00
4.154154e-01	4.937820e-02	4.610653e-01	2.098237e-01	5.845808e-03	5.496831e-06	4.940173e-11	0.000000e+00	0.000000e+00	0.000000e+00	0.000000e+00
4.204204e-01	4.362086e-02	4.501575e-01	2.278113e-01	7.261777e-03	8.112405e-06	9.101917e-11	0.000000e+00	0.000000e+00	0.000000e+00	0.000000e+00
4.254254e-01	3.842291e-02	4.379641e-01	2.461058e-01	8.955064e-03	1.185492e-05	1.655538e-10	0.000000e+00	0.000000e+00	0.000000e+00	0.000000e+00
4.304304e-01	3.374778e-02	4.246210e-01	2.645710e-01	1.096453e-02	1.715699e-05	2.973449e-10	0.000000e+00	0.000000e+00	0.000000e+00	0.000000e+00
4.354354e-01	2.955840e-02	4.102703e-01	2.830625e-01	1.333134e-02	2.459566e-05	5.274674e-10	0.000000e+00	0.000000e+00	0.000000e+00	0.000000e+00
4.404404e-01	2.581781e-02	3.950579e-01	3.014301e-01	1.609850e-02	3.493248e-05	9.243593e-10	0.000000e+00	0.000000e+00	0.000000e+00	0.000000e+00
4.454454e-01	2.248964e-02	3.791312e-01	3.195196e-01	1.931030e-02	4.916225e-05	1.600628e-09	8.221201e-17	0.000000e+00	0.000000e+00	0.000000e+00
4.504505e-01	1.953855e-02	3.626373e-01	3.371757e-01	2.301161e-02	6.857118e-05	2.739287e-09	1.648530e-16	0.000000e+00	0.000000e+00	0.000000e+00
4.554555e-01	1.693052e-02	3.457208e-01	3.542436e-01	2.724715e-02	9.480557e-05	4.634177e-09	3.305076e-16	0.000000e+00	0.000000e+00	0.000000e+00
4.604605e-01	1.463317e-02	3.285221e-01	3.705719e-01	3.206058e-02	1.299516e-04	7.751488e-09	7.453216e-16	0.000000e+00	0.000000e+00	0.000000e+00
4.654655e-01	1.261590e-02	3.111757e-01	3.860150e-01	3.749355e-02	1.766271e-04	1.282219e-08	1.576745e-15	0.000000e+00	0.000000e+00	0.000000e+00
4.704705e-01	1.085004e-02	2.938085e-01	4.004346e-01	4.358470e-02	2.380845e-04	2.097926e-08	3.409001e-15	0.000000e+00	0.000000e+00	0.000000e+00
4.754755e-01	9.308901e-03	2.765394e-01	4.137025e-01	5.036864e-02	3.183265e-04	3.395884e-08	7.079916e-15	0.000000e+00	0.000000e+00	0.000000e+00
4.804805e-01	7.967847e-03	2.594773e-01	4.257022e-01	5.787486e-02	4.222313e-04	5.439174e-08	1.459974e-14	0.000000e+00	0.000000e+00	0.000000e+00
4.854855e-01	6.804244e-03	2.427211e-01	4.363303e-01	6.612670e-02	5.556876e-04	8.622069e-08	2.965972e-14	0.000000e+00	0.000000e+00	0.000000e+00
4.904905e-01	5.797433e-03	2.263591e-01	4.454982e-01	7.514036e-02	7.257372e-04	1.352908e-07	5.964789e-14	0.000000e+00	0.000000e+00	0.000000e+00
4.954955e-01	4.928662e-03	2.104684e-01	4.531334e-01	8.492398e-02	9.407213e-04	2.101749e-07	1.184291e-13	0.000000e+00	0.000000e+00	0.000000e+00
5.005005e-01	4.180998e-03	1.951150e-01	4.591797e-01	9.547679e-02	1.210428e-03	3.233154e-07	2.319013e-13	0.000000e+00	0.000000e+00	0.000000e+00
5.055055e-01	3.539228e-03	1.803540e-01	4.635984e-01	1.067884e-01	1.546233e-03	4.925837e-07	4.486022e-13	0.000000e+00	0.000000e+00	0.000000e+00
5.105105e-01	2.989748e-03	1.662298e-01	4.663681e-01	1.188384e-01	1.961240e-03	7.433879e-07	8.569745e-13	0.000000e+00	0.000000e+00	0.000000e+00
5.155155e-01	2.520447e-03	1.527765e-01	4.674851e-01	1.315957e-01	2.470393e-03	1.111490e-06	1.617186e-12	0.000000e+00	0.000000e+00	0.000000e+00
5.205205e-01	2.120590e-03	1.400186e-01	4.669623e-01	1.450186e-01	3.090578e-03	1.646725e-06	3.015163e-12	0.000000e+00	0.000000e+00	0.000000e+00
5.255255e-01	1.780701e-03	1.279715e-01	4.648296e-01	1.590545e-01	3.840694e-03	2.417866e-06	5.555623e-12	0.000000e+00	0.000000e+00	0.000000e+00
5.305305e-01	1.492448e-03	1.166423e-01	4.611319e-01	1.736406e-01	4.741687e-03	3.518907e-06	1.011802e-11	0.000000e+00	0.000000e+00	0.000000e+00
5.355355e-01	1.248533e-03	1.060305e-01	4.559292e-01	1.887036e-01	5.816543e-03	5.077092e-06	1.821725e-11	0.000000e+00	0.000000e+00	0.000000e+00
5.405405e-01	1.042584e-03	9.612911e-02	4.492942e-01	2.041609e-01	7.090237e-03	7.263073e-06	3.243218e-11	0.000000e+00	0.000000e+00	0.000000e+00
5.455455e-01	8.690625e-04	8.692508e-02	4.413116e-01	2.199212e-01	8.589625e-03	1.030360e-05	5.710288e-11	0.000000e+00	0.000000e+00	0.000000e+00
5.505506e-01	7.231644e-04	7.840042e-02	4.320763e-01	2.358856e-01	1.034328e-02	1.449721e-05	9.945034e-11	0.000000e+00	0.000000e+00	0.000000e+00
5.555556e-01	6.007402e-04	7.053293e-02	4.216918e-01	2.519482e-01	1.238125e-02	2.023346e-05	1.713558e-10	0.000000e+00	0.000000e+00	0.000000e+00
5.605606e-01	4.982153e-04	6.329692e-02	4.102683e-01	2.679983e-01	1.473479e-02	2.801610e-05	2.921540e-10	0.000000e+00	0.000000e+00	0.000000e+00
5.655656e-01	4.125201e-04	5.666403e-02	3.979211e-01	2.839211e-01	1.743600e-02	3.849085e-05	4.929701e-10	0.000000e+00	0.000000e+00	0.000000e+00
5.705706e-01	3.410259e-04	5.060383e-02	3.847690e-01	2.995992e-01	2.051738e-02	5.247827e-05	8.233765e-10	0.000000e+00	0.000000e+00	0.000000e+00
5.755756e-01	2.814882e-04	4.508451e-02	3.709323e-01	3.149148e-01	2.401141e-02	7.101210e-05	1.361500e-09	0.000000e+00	0.000000e+00	0.000000e+00
5.805806e-01	2.319956e-04	4.007340e-02	3.565316e-01	3.297503e-01	2.794994e-02	9.538358e-05	2.229202e-09	0.000000e+00	0.000000e+00	0.000000e+00
5.855856e-01	1.909244e-04	3.553748e-02	3.416859e-01	3.439909e-01	3.236370e-02	1.271921e-04	3.614627e-09	0.000000e+00	0.000000e+00	0.000000e+00
5.905906e-01	1.568994e-04	3.144382e-02	3.265115e-01	3.575252e-01	3.728163e-02	1.684020e-04	5.805349e-09	0.000000e+00	0.000000e+00	0.000000e+00
5.955956e-01	1.287581e-04	2.775996e-02	3.111207e-01	3.702476e-01	4.273024e-02	2.214065e-04	9.236585e-09	8.351194e-17	0.000000e+00	0.000000e+00
6.006006e-01	1.055203e-04	2.445421e-02	2.956205e-01	3.820587e-01	4.873300e-02	2.890965e-04	1.456059e-08	1.668135e-16	0.000000e+00	0.000000e+00
6.056056e-01	8.636152e-05	2.149593e-02	2.801120e-01	3.928676e-01	5.530966e-02	3.749367e-04	2.274554e-08	3.331764e-16	0.000000e+00	0.000000e+00
6.106106e-01	7.058986e-05	1.885571e-02	2.646893e-01	4.025921e-01	6.247563e-02	4.830454e-04	3.521495e-08	7.485676e-16	0.000000e+00	0.000000e+00
6.156156e-01	5.762569e-05	1.650553e-02	2.494390e-01	4.111607e-01	7.024135e-02	6.182781e-04	5.404236e-08	1.411802e-15	0.000000e+00	0.000000e+00
6.206206e-01	4.698463e-05	1.441891e-02	2.344398e-01	4.185123e-01	7.861178e-02	7.863146e-04	8.222046e-08	2.901964e-15	0.000000e+00	0.000000e+00
6.256256e-01	3.826266e-05	1.257093e-02	2.197623e-01	4.245979e-01	8.758586e-02	9.937449e-04	1.240294e-07	5.628535e-15	0.000000e+00	0.000000e+00
6.306306e-01	3.112345e-05	1.093831e-02	2.054685e-01	4.293803e-01	9.715611e-02	1.248155e-03	1.855360e-07	1.082392e-14	0.000000e+00	0.000000e+00
6.356356e-01	2.528754e-05	9.499401e-03	1.916121e-01	4.328348e-01	1.073083e-01	1.558207e-03	2.752639e-07	2.070038e-14	0.000000e+00	0.000000e+00
6.406406e-01	2.052320e-05	8.234194e-03	1.782385e-01	4.349492e-01	1.180211e-01	1.933714e-03	4.050846e-07	3.918036e-14	0.000000e+00	0.000000e+00
6.456456e-01	1.663857e-05	7.124265e-03	1.653852e-01	4.357235e-01	1.292662e-01	2.385701e-03	5.913905e-07	7.319176e-14	0.000000e+00	0.000000e+00
6.506507e-01	1.347510e-05	6.152736e-03	1.530816e-01	4.351699e-01	1.410079e-01	2.926460e-03	8.566258e-07	1.353385e-13	0.000000e+00	0.000000e+00
6.556557e-01	1.090197e-05	5.304209e-03	1.413499e-01	4.333120e-01	1.532037e-01	3.569579e-03	1.231263e-06	2.477596e-13	0.000000e+00	0.000000e+00
6.606607e-01	8.811458e-06	4.564697e-03	1.302056e-01	4.301846e-01	1.658039e-01	4.329956e-03	1.756337e-06	4.488683e-13	0.000000e+00	0.000000e+00
6.656657e-01	7.114951e-06	3.921543e-03	1.196575e-01	4.258328e-01	1.787524e-01	5.223789e-03	2.486652e-06	8.047899e-13	0.000000e+00	0.000000e+00
6.706707e-01	5.739700e-06	3.363334e-03	1.097088e-01	4.203109e-01	1.919871e-01	6.268543e-03	3.494820e-06	1.428660e-12	0.000000e+00	0.000000e+00
6.756757e-01	4.626059e-06	2.879820e-03	1.003572e-01	4.136817e-01	2.054400e-01	7.482877e-03	4.876280e-06	2.511193e-12	0.000000e+00	0.000000e+00
6.806807e-01	3.725195e-06	2.461825e-03	9.159586e-02	4.060156e-01	2.190384e-01	8.886550e-03	6.755494e-06	4.371189e-12	0.000000e+00	0.000000e+00
6.856857e-01	2.997188e-06	2.101161e-03	8.341384e-02	3.973891e-01	2.327054e-01	1.050029e-02	9.293517e-06	7.536201e-12	0.000000e+00	0.000000e+00
6.906907e-01	2.409444e-06	1.790547e-03	7.579658e-02	3.878839e-01	2.463604e-01	1.234563e-02	1.269716e-05	1.287059e-11	0.000000e+00	0.000000e+00
6.956957e-01	1.935390e-06	1.523526e-03	6.872658e-02	3.775859e-01	2.599205e-01	1.444471e-02	1.722999e-05	2.177735e-11	0.000000e+00	0.000000e+00
7.007007e-01	1.553385e-06	1.294389e-03	6.218385e-02	3.665836e-01	2.733012e-01	1.682002e-02	2.322537e-05	3.651142e-11	0.000000e+00	0.000000e+00
7.057057e-01	1.245831e-06	1.098107e-03	5.614647e-02	3.549675e-01	2.864170e-01	1.949419e-02	3.110186e-05	6.066364e-11	0.000000e+00	0.000000e+00
7.107107e-01	9.984323e-07	9.302540e-04	5.059099e-02	3.428287e-01	2.991831e-01	2.248964e-02	4.138111e-05	9.989972e-11	0.000000e+00	0.000000e+00
7.157157e-01	7.995905e-07	7.869530e-04	4.549293e-02	3.302579e-01	3.115156e-01	2.582826e-02	5.470857e-05	1.630771e-10	0.000000e+00	0.000000e+00
7.207207e-01	6.399055e-07	6.648123e-04	4.082707e-02	3.173445e-01	3.233330e-01	2.953112e-02	7.187710e-05	2.639192e-10	0.000000e+00	0.000000e+00
7.257257e-01	5.117675e-07	5.608733e-04	3.656790e-02	3.041757e-01	3.345568e-01	3.361806e-02	9.385376e-05	4.235006e-10	0.000000e+00	0.000000e+00
7.307307e-01	4.090230e-07	4.725614e-04	3.268983e-02	2.908357e-01	3.451127e-01	3.810731e-02	1.218097e-04	6.739017e-10	0.000000e+00	0.000000e+00
7.357357e-01	3.267007e-07	3.976415e-04	2.916755e-02	2.774051e-01	3.549310e-01	4.301516e-02	1.571535e-04	1.063537e-09	0.000000e+00	0.000000e+00
7.407407e-01	2.607887e-07	3.341775e-04	2.597616e-02	2.639599e-01	3.639478e-01	4.835556e-02	2.015673e-04	1.664850e-09	0.000000e+00	0.000000e+00
7.457457e-01	2.080524e-07	2.804958e-04	2.309144e-02	2.505717e-01	3.721053e-01	5.413974e-02	2.570461e-04	2.585330e-09	0.000000e+00	0.000000e+00
7.507508e-01	1.658863e-07	2.351533e-04	2.048997e-02	2.373066e-01	3.793528e-01	6.037589e-02	3.259402e-04	3.983152e-09	0.000000e+00	0.000000e+00
7.557558e-01	1.321937e-07	1.969076e-04	1.814925e-02	2.242251e-01	3.856467e-01	6.706881e-02	4.109990e-04	6.089171e-09	0.000000e+00	0.000000e+00
7.607608e-01	1.052887e-07	1.646919e-04	1.604782e-02	2.113824e-01	3.909513e-01	7.421962e-02	5.154174e-04	9.237608e-09	0.000000e+00	0.000000e+00
7.657658e-01	8.381695e-08	1.375913e-04	1.416532e-02	1.988273e-01	3.952388e-01	8.182554e-02	6.428827e-04	1.390849e-08	0.000000e+00	0.000000e+00
7.707708e-01	6.669127e-08	1.148233e-04	1.248252e-02	1.866030e-01	3.984897e-01	8.987961e-02	7.976224e-04	2.078584e-08	0.000000e+00	0.000000e+00
7.757758e-01	5.303971e-08	9.571948e-05	1.098135e-02	1.747470e-01	4.006927e-01	9.837056e-02	9.844497e-04	3.083685e-08	0.000000e+00	0.000000e+00
7.807808e-01	4.216344e-08	7.970988e-05	9.644943e-03	1.632908e-01	4.018449e-01	1.072827e-01	1.208809e-03	4.541860e-08	0.000000e+00	0.000000e+00
7.857858e-01	3.350281e-08	6.630954e-05	8.457579e-03	1.522605e-01	4.019513e-01	1.165959e-01	1.476817e-03	6.642092e-08	0.000000e+00	0.000000e+00
7.907908e-01	2.660997e-08	5.510643e-05	7.404694e-03	1.416766e-01	4.010248e-01	1.262855e-01	1.795298e-03	9.645589e-08	0.000000e+00	0.000000e+00
7.957958e-01	2.112674e-08	4.575106e-05	6.472837e-03	1.315550e-01	3.990859e-01	1.363225e-01	2.171816e-03	1.391073e-07	7.501266e-17	0.000000e+00
8.008008e-01	1.676691e-08	3.794744e-05	5.649639e-03	1.219065e-01	3.961622e-01	1.466734e-01	2.614699e-03	1.992564e-07	1.494459e-16	0.000000e+00
8.058058e-01	1.330188e-08	3.144533e-05	4.923759e-03	1.127376e-01	3.922879e-01	1.573008e-01	3.133047e-03	2.835040e-07	2.232930e-16	0.000000e+00
8.108108e-01	1.054919e-08	2.603345e-05	4.284839e-03	1.040508e-01	3.875035e-01	1.681634e-01	3.736741e-03	4.007127e-07	3.706844e-16	0.000000e+00
8.158158e-01	8.363317e-09	2.153371e-05	3.723449e-03	9.584469e-02	3.818548e-01	1.792162e-01	4.436433e-03	5.626990e-07	7.384067e-16	0.000000e+00
8.208208e-01	6.628231e-09	1.779618e-05	3.231027e-03	8.811485e-02	3.753926e-01	1.904111e-01	5.243520e-03	7.851083e-07	1.397307e-15	0.000000e+00
8.258258e-01	5.251495e-09	1.469484e-05	2.799829e-03	8.085375e-02	3.681718e-01	2.016971e-01	6.170109e-03	1.088514e-06	2.563482e-15	0.000000e+00
8.308308e-01	4.159498e-09	1.212389e-05	2.422863e-03	7.405134e-02	3.602510e-01	2.130207e-01	7.228964e-03	1.499788e-06	4.595244e-15	0.000000e+00
8.358358e-01	3.293653e-09	9.994646e-06	2.093841e-03	6.769537e-02	3.516914e-01	2.243268e-01	8.433438e-03	2.053793e-06	8.207943e-15	0.000000e+00
8.408408e-01	2.607353e-09	8.232837e-06	1.807119e-03	6.177174e-02	3.425564e-01	2.355584e-01	9.797385e-03	2.795458e-06	1.453858e-14	0.000000e+00
8.458458e-01	2.063541e-09	6.776369e-06	1.557645e-03	5.626481e-02	3.329109e-01	2.466578e-01	1.133506e-02	3.782314e-06	2.564063e-14	0.000000e+00
8.508509e-01	1.632764e-09	5.573379e-06	1.340910e-03	5.115774e-02	3.228203e-01	2.575671e-01	1.306098e-02	5.087542e-06	4.482232e-14	0.000000e+00
8.558559e-01	1.291625e-09	4.580600e-06	1.152897e-03	4.643277e-02	3.123505e-01	2.682281e-01	1.498984e-02	6.803647e-06	7.761801e-14	0.000000e+00
8.608609e-01	1.021546e-09	3.761981e-06	9.900363e-04	4.207147e-02	3.015665e-01	2.785837e-01	1.713630e-02	9.046810e-06	1.333019e-13	0.000000e+00
8.658659e-01	8.077816e-10	3.087518e-06	8.491644e-04	3.805500e-02	2.905324e-01	2.885777e-01	1.951486e-02	1.196204e-05	2.270674e-13	0.000000e+00
8.708709e-01	6.386302e-10	2.532264e-06	7.274821e-04	3.436431e-02	2.793107e-01	2.981559e-01	2.213966e-02	1.572922e-05	3.836964e-13	0.000000e+00
8.758759e-01	5.048124e-10	2.075500e-06	6.225189e-04	3.098034e-02	2.679617e-01	3.072662e-01	2.502434e-02	2.057007e-05	6.431584e-13	0.000000e+00
8.808809e-01	3.989705e-10	1.700038e-06	5.320987e-04	2.788421e-02	2.565434e-01	3.158593e-01	2.818179e-02	2.675632e-05	1.069543e-12	0.000000e+00
8.858859e-01	3.152732e-10	1.391631e-06	4.543084e-04	2.505731e-02	2.451108e-01	3.238888e-01	3.162398e-02	3.461887e-05	1.764808e-12	0.000000e+00
8.908909e-01	2.491001e-10	1.138484e-06	3.874697e-04	2.248150e-02	2.337157e-01	3.313121e-01	3.536177e-02	4.455834e-05	2.889751e-12	0.000000e+00
8.958959e-01	1.967914e-10	9.308371e-07	3.301129e-04	2.013916e-02	2.224065e-01	3.380904e-01	3.940471e-02	5.705688e-05	4.695992e-12	0.000000e+00
9.009009e-01	1.554493e-10	7.606277e-07	2.809532e-04	1.801329e-02	2.112280e-01	3.441892e-01	4.376083e-02	7.269135e-05	7.574246e-12	0.000000e+00
9.059059e-01	1.227797e-10	6.211969e-07	2.388699e-04	1.608757e-02	2.002212e-01	3.495784e-01	4.843646e-02	9.214791e-05	1.212674e-11	0.000000e+00
9.109109e-01	9.696705e-11	5.070514e-07	2.028867e-04	1.434643e-02	1.894231e-01	3.542327e-01	5.343610e-02	1.162380e-04	1.927433e-11	0.000000e+00
9.159159e-01	7.657486e-11	4.136634e-07	1.721550e-04	1.277507e-02	1.788672e-01	3.581316e-01	5.876218e-02	1.459158e-04	3.041508e-11	0.000000e+00
9.209209e-01	6.046683e-11	3.373039e-07	1.459378e-04	1.135949e-02	1.685826e-01	3.612595e-01	6.441500e-02	1.822967e-04	4.765569e-11	0.000000e+00
9.259259e-01	4.774430e-11	2.749042e-07	1.235966e-04	1.008649e-02	1.585949e-01	3.636062e-01	7.039255e-02	2.266774e-04	7.414756e-11	0.000000e+00
9.309309e-01	3.769671e-11	2.239410e-07	1.045791e-04	8.943699e-03	1.489256e-01	3.651661e-01	7.669044e-02	2.805569e-04	1.145711e-10	0.000000e+00
9.359359e-01	2.976236e-11	1.823411e-07	8.840782e-05	7.919534e-03	1.395929e-01	3.659390e-01	8.330183e-02	3.456582e-04	1.758287e-10	0.000000e+00
9.409409e-01	2.349727e-11	1.484022e-07	7.467105e-05	7.003207e-03	1.306113e-01	3.659293e-01	9.021733e-02	4.239505e-04	2.680275e-10	0.000000e+00
9.459459e-01	1.855058e-11	1.207278e-07	6.301409e-05	6.184701e-03	1.219919e-01	3.651465e-01	9.742504e-02	5.176723e-04	4.058660e-10	0.000000e+00
9.509510e-01	1.464508e-11	9.817287e-08	5.313184e-05	5.454742e-03	1.137427e-01	3.636044e-01	1.049105e-01	6.293539e-04	6.105728e-10	0.000000e+00
9.559560e-01	1.156176e-11	7.979925e-08	4.476223e-05	4.804772e-03	1.058688e-01	3.613213e-01	1.126568e-01	7.618392e-04	9.126012e-10	0.000000e+00
9.609610e-01	9.127634e-12	6.483882e-08	3.768043e-05	4.226915e-03	9.837239e-02	3.583197e-01	1.206445e-01	9.183074e-04	1.355346e-09	0.000000e+00
9.659660e-01	7.206064e-12	5.266307e-08	3.169385e-05	3.713945e-03	9.125339e-02	3.546258e-01	1.288518e-01	1.102292e-03	2.000238e-09	0.000000e+00
9.709710e-01	5.689150e-12	4.275803e-08	2.663770e-05	3.259250e-03	8.450929e-02	3.502693e-01	1.372548e-01	1.317700e-03	2.933668e-09	0.000000e+00
9.759760e-01	4.491688e-12	3.470366e-08	2.237114e-05	2.856795e-03	7.813556e-02	3.452833e-01	1.458273e-01	1.568825e-03	4.276352e-09	0.000000e+00
9.809810e-01	3.546405e-12	2.815687e-08	1.877400e-05	2.501083e-03	7.212585e-02	3.397034e-01	1.545413e-01	1.860359e-03	6.195894e-09	0.000000e+00
9.859860e-01	2.800187e-12	2.283759e-08	1.574381e-05	2.187126e-03	6.647221e-02	3.335677e-01	1.633668e-01	2.197405e-03	8.923534e-09	0.000000e+00
9.909910e-01	2.211104e-12	1.851734e-08	1.319332e-05	1.910401e-03	6.116532e-02	3.269164e-01	1.722727e-01	2.585473e-03	1.277633e-08	0.000000e+00
9.959960e-01	1.746056e-12	1.500977e-08	1.104834e-05	1.666820e-03	5.619469e-02	3.197915e-01	1.812259e-01	3.030485e-03	1.818633e-08	0.000000e+00
1.001001e+00	1.378913e-12	1.216304e-08	9.245809e-06	1.452696e-03	5.154886e-02	3.122359e-01	1.901928e-01	3.538766e-03	2.573872e-08	0.000000e+00
1.006006e+00	1.089053e-12	9.853437e-09	7.732232e-06	1.264710e-03	4.721559e-02	3.042938e-01	1.991384e-01	4.117031e-03	3.622128e-08	0.000000e+00
1.011011e+00	8.601960e-13	7.980238e-09	6.462247e-06	1.099880e-03	4.318203e-02	2.960095e-01	2.080275e-01	4.772365e-03	5.068833e-08	0.000000e+00
1.016016e+00	6.794934e-13	6.461469e-09	5.397435e-06	9.555344e-04	3.943490e-02	2.874278e-01	2.168242e-01	5.512198e-03	7.054254e-08	0.000000e+00
1.021021e+00	5.368037e-13	5.230446e-09	4.505292e-06	8.292805e-04	3.596060e-02	2.785932e-01	2.254926e-01	6.344270e-03	9.763924e-08	0.000000e+00
1.026026e+00	4.241223e-13	4.232949e-09	3.758344e-06	7.189833e-04	3.274540e-02	2.695495e-01	2.339971e-01	7.276593e-03	1.344184e-07	0.000000e+00
1.031031e+00	3.351313e-13	3.424907e-09	3.133389e-06	6.227389e-04	2.977552e-02	2.603400e-01	2.423022e-01	8.317401e-03	1.840704e-07	0.000000e+00
1.036036e+00	2.648439e-13	2.770514e-09	2.610855e-06	5.388537e-04	2.703724e-02	2.510066e-01	2.503733e-01	9.475097e-03	2.507441e-07	0.000000e+00
1.041041e+00	2.093239e-13	2.240693e-09	2.174241e-06	4.658230e-04	2.451703e-02	2.415900e-01	2.581765e-01	1.075819e-02	3.398039e-07	0.000000e+00
1.046046e+00	1.654643e-13	1.811837e-09	1.809652e-06	4.023125e-04	2.220158e-02	2.321292e-01	2.656791e-01	1.217522e-02	4.581482e-07	0.000000e+00
1.051051e+00	1.308125e-13	1.464789e-09	1.505397e-06	3.471413e-04	2.007793e-02	2.226616e-01	2.728498e-01	1.373471e-02	6.145998e-07	0.000000e+00
1.056056e+00	1.034322e-13	1.184007e-09	1.251645e-06	2.992653e-04	1.813347e-02	2.132223e-01	2.796587e-01	1.544505e-02	8.203818e-07	0.000000e+00
1.061061e+00	8.179499e-14	9.568872e-10	1.040139e-06	2.577632e-04	1.635603e-02	2.038447e-01	2.860779e-01	1.731443e-02	1.089695e-06	0.000000e+00
1.066066e+00	6.469409e-14	7.732124e-10	8.639470e-07	2.218233e-04	1.473392e-02	1.945597e-01	2.920812e-01	1.935076e-02	1.440412e-06	0.000000e+00
1.071071e+00	5.117665e-14	6.247013e-10	7.172557e-07	1.907313e-04	1.325591e-02	1.853960e-01	2.976445e-01	2.156157e-02	1.894910e-06	0.000000e+00
1.076076e+00	4.049029e-14	5.046444e-10	5.951927e-07	1.638598e-04	1.191131e-02	1.763799e-01	3.027461e-01	2.395393e-02	2.481063e-06	0.000000e+00
1.081081e+00	3.204085e-14	4.076072e-10	4.936772e-07	1.406583e-04	1.068997e-02	1.675352e-01	3.073664e-01	2.653433e-02	3.233410e-06	0.000000e+00
1.086086e+00	2.535909e-14	3.291890e-10	4.092945e-07	1.206444e-04	9.582262e-03	1.588834e-01	3.114885e-01	2.930862e-02	4.194534e-06	0.000000e+00
1.091091e+00	2.007436e-14	2.658274e-10	3.391886e-07	1.033963e-04	8.579097e-03	1.504435e-01	3.150979e-01	3.228191e-02	5.416674e-06	0.000000e+00
1.096096e+00	1.589391e-14	2.146390e-10	2.809727e-07	8.854525e-05	7.671933e-03	1.422322e-01	3.181826e-01	3.545849e-02	6.963591e-06	0.000000e+00
1.101101e+00	1.258644e-14	1.732909e-10	2.326536e-07	7.576947e-05	6.852756e-03	1.342639e-01	3.207335e-01	3.884172e-02	8.912727e-06	0.000000e+00
1.106106e+00	9.969196e-15	1.398957e-10	1.925675e-07	6.478859e-05	6.114069e-03	1.265507e-01	3.227440e-01	4.243401e-02	1.135768e-05	0.000000e+00
1.111111e+00	7.897770e-15	1.129272e-10	1.593268e-07	5.535850e-05	5.448883e-03	1.191023e-01	3.242101e-01	4.623671e-02	1.441104e-05	0.000000e+00
1.116116e+00	6.258036e-15	9.115089e-11	1.317748e-07	4.726698e-05	4.850695e-03	1.119266e-01	3.251306e-01	5.025005e-02	1.820755e-05	0.000000e+00
1.121121e+00	4.959785e-15	7.356909e-11	1.089476e-07	4.032974e-05	4.313473e-03	1.050295e-01	3.255069e-01	5.447313e-02	2.290775e-05	0.000000e+00
1.126126e+00	3.931703e-15	5.937520e-11	9.004296e-08	3.438689e-05	3.831632e-03	9.841480e-02	3.253428e-01	5.890382e-02	2.870197e-05	0.000000e+00
1.131131e+00	3.117408e-15	4.791740e-11	7.439322e-08	2.929991e-05	3.400019e-03	9.208479e-02	3.246446e-01	6.353879e-02	3.581484e-05	5.370520e-17
1.136136e+00	2.472313e-15	3.866902e-11	6.144307e-08	2.494891e-05	3.013886e-03	8.604002e-02	3.234213e-01	6.837346e-02	4.451017e-05	1.067853e-16
1.141141e+00	1.961155e-15	3.120454e-11	5.073093e-08	2.123022e-05	2.668867e-03	8.027955e-02	3.216839e-01	7.340199e-02	5.509642e-05	1.592429e-16
1.146146e+00	1.556040e-15	2.518027e-11	4.187334e-08	1.805431e-05	2.360961e-03	7.480112e-02	3.194457e-01	7.861729e-02	6.793256e-05	2.110805e-16
1.151151e+00	1.234900e-15	2.031860e-11	3.455186e-08	1.534392e-05	2.086503e-03	6.960118e-02	3.167219e-01	8.401105e-02	8.343442e-05	4.196816e-16
1.156156e+00	9.802727e-16	1.639537e-11	2.850222e-08	1.303246e-05	1.842147e-03	6.467513e-02	3.135298e-01	8.957375e-02	1.020815e-04	6.779653e-16
1.161161e+00	7.783366e-16	1.322955e-11	2.350517e-08	1.106258e-05	1.624843e-03	6.001734e-02	3.098885e-01	9.529471e-02	1.244245e-04	1.088705e-15
1.166166e+00	6.181518e-16	1.067502e-11	1.937893e-08	9.384959e-06	1.431815e-03	5.562138e-02	3.058184e-01	1.011621e-01	1.510923e-04	1.803757e-15
1.171171e+00	4.910566e-16	8.613805e-12	1.597284e-08	7.957179e-06	1.260542e-03	5.148003e-02	3.013417e-01	1.071631e-01	1.828008e-04	3.022553e-15
1.176176e+00	3.901919e-16	6.950665e-12	1.316206e-08	6.742828e-06	1.108739e-03	4.758549e-02	2.964816e-01	1.132839e-01	2.203607e-04	4.888749e-15
1.181181e+00	3.101250e-16	5.608744e-12	1.084325e-08	5.710662e-06	9.743358e-04	4.392942e-02	2.912626e-01	1.195097e-01	2.646861e-04	7.947375e-15
1.186186e+00	2.465521e-16	4.526009e-12	8.930846e-09	4.833898e-06	8.554647e-04	4.050310e-02	2.857099e-01	1.258248e-01	3.168033e-04	1.283083e-14
1.191191e+00	1.960628e-16	3.652401e-12	7.354058e-09	4.089593e-06	7.504397e-04	3.729746e-02	2.798497e-01	1.322131e-01	3.778593e-04	2.060607e-14
1.196196e+00	1.559545e-16	2.947523e-12	6.054337e-09	3.458114e-06	6.577424e-04	3.430324e-02	2.737084e-01	1.386575e-01	4.491302e-04	3.286063e-14
1.201201e+00	1.240847e-16	2.378780e-12	4.983275e-09	2.922672e-06	5.760078e-04	3.151099e-02	2.673133e-01	1.451405e-01	5.320299e-04	5.203224e-14
1.206206e+00	9.875463e-17	1.919871e-12	4.100866e-09	2.468921e-06	5.040103e-04	2.891123e-02	2.606914e-01	1.516443e-01	6.281176e-04	8.197161e-14
1.211211e+00	7.861707e-17	1.549576e-12	3.374056e-09	2.084614e-06	4.406511e-04	2.649446e-02	2.538700e-01	1.581504e-01	7.391056e-04	1.283865e-13
1.216216e+00	6.260337e-17	1.250776e-12	2.775546e-09	1.759300e-06	3.849468e-04	2.425123e-02	2.468763e-01	1.646405e-01	8.668656e-04	1.999474e-13
1.221221e+00	4.986564e-17	1.009657e-12	2.282799e-09	1.484072e-06	3.360181e-04	2.217221e-02	2.397373e-01	1.710959e-01	1.013434e-03	3.095932e-13
1.226226e+00	3.973095e-17	8.150765e-13	1.877211e-09	1.251339e-06	2.930802e-04	2.024822e-02	2.324794e-01	1.774979e-01	1.181019e-03	4.766003e-13
1.231231e+00	3.166517e-17	6.580447e-13	1.543435e-09	1.054641e-06	2.554335e-04	1.847029e-02	2.251286e-01	1.838280e-01	1.372000e-03	7.296687e-13
1.236236e+00	2.524416e-17	5.313090e-13	1.268810e-09	8.884820e-07	2.224551e-04	1.682968e-02	2.177101e-01	1.900679e-01	1.588932e-03	1.110978e-12
1.241241e+00	2.013111e-17	4.290182e-13	1.042896e-09	7.481886e-07	1.935912e-04	1.531790e-02	2.102485e-01	1.961993e-01	1.834547e-03	1.682249e-12
1.246246e+00	1.605842e-17	3.464521e-13	8.570874e-10	6.297911e-07	1.683500e-04	1.392675e-02	2.027674e-01	2.022046e-01	2.111751e-03	2.533568e-12
1.251251e+00	1.281350e-17	2.798027e-13	7.042903e-10	5.299185e-07	1.462953e-04	1.264835e-02	1.952894e-01	2.080665e-01	2.423620e-03	3.795297e-12
1.256256e+00	1.022736e-17	2.259975e-13	5.786607e-10	4.457106e-07	1.270406e-04	1.147512e-02	1.878361e-01	2.137682e-01	2.773395e-03	5.655488e-12
1.261261e+00	8.165657e-18	1.825579e-13	4.753845e-10	3.747421e-07	1.102440e-04	1.039982e-02	1.804278e-01	2.192935e-01	3.164477e-03	8.383446e-12
1.266266e+00	6.521559e-18	1.474839e-13	3.904971e-10	3.149573e-07	9.560325e-05	9.415552e-03	1.730839e-01	2.246269e-01	3.600413e-03	1.236322e-11
1.271271e+00	5.210094e-18	1.191620e-13	3.207342e-10	2.646150e-07	8.285165e-05	8.515749e-03	1.658223e-01	2.297537e-01	4.084883e-03	1.813926e-11
1.276276e+00	4.163653e-18	9.629015e-14	2.634088e-10	2.222414e-07	7.175389e-05	7.694188e-03	1.586598e-01	2.346599e-01	4.621691e-03	2.647968e-11
1.281281e+00	3.328427e-18	7.781779e-14	2.163096e-10	1.865894e-07	6.210270e-05	6.944987e-03	1.516117e-01	2.393322e-01	5.214742e-03	3.846230e-11
1.286286e+00	2.661584e-18	6.289710e-14	1.776170e-10	1.566046e-07	5.371571e-05	6.262598e-03	1.446921e-01	2.437585e-01	5.868022e-03	5.559194e-11
1.291291e+00	2.129016e-18	5.084390e-14	1.458342e-10	1.313958e-07	4.643258e-05	5.641800e-03	1.379138e-01	2.479273e-01	6.585583e-03	7.995875e-11
1.296296e+00	1.703554e-18	4.110601e-14	1.197300e-10	1.102100e-07	4.011251e-05	5.077696e-03	1.312882e-01	2.518282e-01	7.371507e-03	1.144514e-10
1.301301e+00	1.363553e-18	3.323777e-14	9.829191e-11	9.241186e-08	3.463197e-05	4.565696e-03	1.248256e-01	2.554517e-01	8.229890e-03	1.630425e-10
1.306306e+00	1.091763e-18	2.687944e-14	8.068759e-11	7.746485e-08	2.988269e-05	4.101514e-03	1.185347e-01	2.587894e-01	9.164807e-03	2.311680e-10
1.311311e+00	8.744308e-19	2.174061e-14	6.623268e-11	6.491658e-08	2.576984e-05	3.681152e-03	1.124232e-01	2.618336e-01	1.018029e-02	3.262309e-10
1.316316e+00	7.005903e-19	1.758687e-14	5.436471e-11	5.438562e-08	2.221050e-05	3.300891e-03	1.064976e-01	2.645779e-01	1.128027e-02	4.582632e-10
1.321321e+00	5.614940e-19	1.422892e-14	4.462144e-11	4.555055e-08	1.913215e-05	2.957276e-03	1.007629e-01	2.670168e-01	1.246859e-02	6.407961e-10
1.326326e+00	4.501624e-19	1.151393e-14	3.662302e-11	3.814061e-08	1.647148e-05	2.647105e-03	9.522342e-02	2.691458e-01	1.374892e-02	8.919933e-10
1.331331e+00	3.610249e-19	9.318474e-15	3.005740e-11	3.192784e-08	1.417325e-05	2.367415e-03	8.988212e-02	2.709615e-01	1.512477e-02	1.236123e-09
1.336336e+00	2.896340e-19	7.542884e-15	2.466821e-11	2.672038e-08	1.218929e-05	2.115470e-03	8.474103e-02	2.724613e-01	1.659942e-02	1.705462e-09
1.341341e+00	2.324380e-19	6.106648e-15	2.024487e-11	2.235683e-08	1.047765e-05	1.888746e-03	7.980125e-02	2.736436e-01	1.817590e-02	2.342737e-09
1.346346e+00	1.865995e-19	4.944730e-15	1.661446e-11	1.870147e-08	9.001825e-06	1.684923e-03	7.506294e-02	2.745081e-01	1.985694e-02	3.204256e-09
1.351351e+00	1.498513e-19	4.004589e-15	1.363494e-11	1.564019e-08	7.730048e-06	1.501865e-03	7.052546e-02	2.750551e-01	2.164496e-02	4.363887e-09
1.356356e+00	1.203808e-19	3.243772e-15	1.118969e-11	1.307714e-08	6.634728e-06	1.337617e-03	6.618740e-02	2.752859e-01	2.354204e-02	5.918112e-09
1.361361e+00	9.673910e-20	2.627975e-15	9.182981e-12	1.093177e-08	5.691902e-06	1.190385e-03	6.204663e-02	2.752029e-01	2.554986e-02	7.992384e-09
1.366366e+00	7.776693e-20	2.129472e-15	7.536187e-12	9.136474e-09	4.880780e-06	1.058529e-03	5.810040e-02	2.748092e-01	2.766970e-02	1.074912e-08
1.371371e+00	6.253696e-20	1.725853e-15	6.184779e-12	7.634491e-09	4.183334e-06	9.405516e-04	5.434538e-02	2.741088e-01	2.990240e-02	1.439769e-08
1.376376e+00	5.030694e-20	1.399001e-15	5.075788e-12	6.378197e-09	3.583945e-06	8.350878e-04	5.077772e-02	2.731066e-01	3.224833e-02	1.920682e-08
1.381381e+00	4.048266e-20	1.134269e-15	4.165734e-12	5.327642e-09	3.069089e-06	7.408940e-04	4.739314e-02	2.718082e-01	3.470741e-02	2.551996e-08
1.386386e+00	3.258821e-20	9.198119e-16	3.418931e-12	4.449327e-09	2.627065e-06	6.568393e-04	4.418693e-02	2.702202e-01	3.727903e-02	3.377425e-08
1.391391e+00	2.624237e-20	7.460503e-16	2.806092e-12	3.715169e-09	2.247757e-06	5.818970e-04	4.115408e-02	2.683496e-01	3.996211e-02	4.452373e-08
1.396396e+00	2.113961e-20	6.052358e-16	2.303182e-12	3.101635e-09	1.922422e-06	5.151357e-04	3.828928e-02	2.662043e-01	4.275502e-02	5.846768e-08
1.401401e+00	1.703502e-20	4.910996e-16	1.890476e-12	2.589008e-09	1.643511e-06	4.557120e-04	3.558698e-02	2.637929e-01	4.565563e-02	7.648518e-08
1.406406e+00	1.373222e-20	3.985697e-16	1.551789e-12	2.160775e-09	1.404509e-06	4.028627e-04	3.304148e-02	2.611245e-01	4.866129e-02	9.967678e-08
1.411411e+00	1.107367e-20	3.235414e-16	1.273839e-12	1.803107e-09	1.199799e-06	3.558984e-04	3.064689e-02	2.582089e-01	5.176880e-02	1.294148e-07
1.416416e+00	8.932968e-21	2.626923e-16	1.045728e-12	1.504431e-09	1.024538e-06	3.141969e-04	2.839728e-02	2.550563e-01	5.497450e-02	1.674037e-07
1.421421e+00	7.208642e-21	2.133329e-16	8.585135e-13	1.255059e-09	8.745533e-07	2.771973e-04	2.628662e-02	2.516775e-01	5.827419e-02	2.157521e-07
1.426426e+00	5.819225e-21	1.732855e-16	7.048573e-13	1.046888e-09	7.462546e-07	2.443948e-04	2.430889e-02	2.480838e-01	6.166320e-02	2.770583e-07
1.431431e+00	4.699279e-21	1.407868e-16	5.787391e-13	8.731370e-10	6.365517e-07	2.153351e-04	2.245805e-02	2.442866e-01	6.513640e-02	3.545117e-07
1.436436e+00	3.796225e-21	1.144083e-16	4.752189e-13	7.281378e-10	5.427872e-07	1.896104e-04	2.072814e-02	2.402981e-01	6.868821e-02	4.520124e-07
1.441441e+00	3.067806e-21	9.299307e-17	3.902433e-13	6.071500e-10	4.626772e-07	1.668546e-04	1.911323e-02	2.361303e-01	7.231265e-02	5.743114e-07
1.446446e+00	2.480043e-21	7.560343e-17	3.204866e-13	5.062118e-10	3.942599e-07	1.467396e-04	1.760751e-02	2.317960e-01	7.600335e-02	7.271742e-07
1.451451e+00	2.005609e-21	6.147967e-17	2.632198e-13	4.220119e-10	3.358507e-07	1.289713e-04	1.620527e-02	2.273077e-01	7.975358e-02	9.175714e-07
1.456456e+00	1.622517e-21	5.000593e-17	2.162037e-13	3.517836e-10	2.860042e-07	1.132871e-04	1.490094e-02	2.226783e-01	8.355630e-02	1.153899e-06
1.461461e+00	1.313073e-21	4.068294e-17	1.776008e-13	2.932158e-10	2.434805e-07	9.945186e-05	1.368907e-02	2.179208e-01	8.740421e-02	1.446235e-06
1.466466e+00	1.063029e-21	3.310587e-17	1.459035e-13	2.443781e-10	2.072166e-07	8.725589e-05	1.256442e-02	2.130483e-01	9.128973e-02	1.806627e-06
1.471471e+00	8.609106e-22	2.694637e-17	1.198746e-13	2.036585e-10	1.763018e-07	7.651207e-05	1.152186e-02	2.080736e-01	9.520513e-02	2.249430e-06
1.476476e+00	6.974744e-22	2.193810e-17	9.849864e-14	1.697111e-10	1.499561e-07	6.705365e-05	1.055648e-02	2.030099e-01	9.914249e-02	2.791687e-06
1.481481e+00	5.652700e-22	1.786496e-17	8.094255e-14	1.414125e-10	1.275114e-07	5.873218e-05	9.663543e-03	1.978699e-01	1.030938e-01	3.453555e-06
1.486486e+00	4.582910e-22	1.455159e-17	6.652247e-14	1.178250e-10	1.083964e-07	5.141560e-05	8.838501e-03	1.926665e-01	1.070510e-01	4.258796e-06
1.491491e+00	3.716931e-22	1.185563e-17	5.467719e-14	9.816599e-11	9.212232e-08	4.498654e-05	8.077000e-03	1.874120e-01	1.110059e-01	5.235318e-06
1.496496e+00	3.015685e-22	9.661527e-18	4.494606e-14	8.178257e-11	7.827109e-08	3.934078e-05	7.374882e-03	1.821190e-01	1.149504e-01	6.415791e-06
1.501502e+00	2.447629e-22	7.875431e-18	3.695100e-14	6.813005e-11	6.648558e-08	3.438585e-05	6.728184e-03	1.767994e-01	1.188765e-01	7.838318e-06
1.506507e+00	1.987302e-22	6.421126e-18	3.038163e-14	5.675405e-11	5.646066e-08	3.003978e-05	6.133135e-03	1.714649e-01	1.227763e-01	9.547193e-06
1.511512e+00	1.614138e-22	5.236692e-18	2.498318e-14	4.727562e-11	4.793576e-08	2.622995e-05	5.586159e-03	1.661269e-01	1.266418e-01	1.159373e-05
1.516517e+00	1.311525e-22	4.271816e-18	2.054647e-14	3.937874e-11	4.068846e-08	2.289210e-05	5.083870e-03	1.607965e-01	1.304656e-01	1.403717e-05
1.521522e+00	1.066035e-22	3.485608e-18	1.689978e-14	3.279990e-11	3.452897e-08	1.996939e-05	4.623064e-03	1.554843e-01	1.342401e-01	1.694569e-05
1.526527e+00	8.668129e-23	2.844825e-18	1.390211e-14	2.731940e-11	2.929538e-08	1.741159e-05	4.200723e-03	1.502004e-01	1.379582e-01	2.039745e-05
1.531532e+00	7.050805e-23	2.322439e-18	1.143765e-14	2.275411e-11	2.484968e-08	1.517436e-05	3.814000e-03	1.449545e-01	1.416129e-01	2.448181e-05
1.536537e+00	5.737353e-23	1.896469e-18	9.411331e-15	1.895135e-11	2.107419e-08	1.321854e-05	3.460223e-03	1.397559e-01	1.451976e-01	2.930056e-05
1.541542e+00	4.670292e-23	1.549030e-18	7.745053e-15	1.578390e-11	1.786867e-08	1.150964e-05	3.136882e-03	1.346133e-01	1.487060e-01	3.496928e-05
1.546547e+00	3.803086e-23	1.265575e-18	6.374676e-15	1.314570e-11	1.514772e-08	1.001724e-05	2.841626e-03	1.295348e-01	1.521321e-01	4.161875e-05
1.551552e+00	3.098048e-23	1.034261e-18	5.247511e-15	1.094839e-11	1.283862e-08	8.714576e-06	2.572258e-03	1.245282e-01	1.554703e-01	4.939654e-05
1.556557e+00	2.524643e-23	8.454489e-19	4.320273e-15	9.118338e-12	1.087948e-08	7.578082e-06	2.326723e-03	1.196005e-01	1.587154e-01	5.846853e-05
1.561562e+00	2.058126e-23	6.912895e-19	3.557400e-15	7.594195e-12	9.217629e-09	6.587044e-06	2.103107e-03	1.147584e-01	1.618624e-01	6.902065e-05
1.566567e+00	1.678432e-23	5.653906e-19	2.929673e-15	6.324849e-12	7.808249e-09	5.723257e-06	1.899628e-03	1.100079e-01	1.649069e-01	8.126061e-05
1.571572e+00	1.369292e-23	4.625448e-19	2.413078e-15	5.267718e-12	6.613235e-09	4.970734e-06	1.714629e-03	1.053544e-01	1.678449e-01	9.541970e-05
1.576577e+00	1.117502e-23	3.785089e-19	1.987882e-15	4.387333e-12	5.600187e-09	4.315445e-06	1.546571e-03	1.008029e-01	1.706727e-01	1.117546e-04
1.581582e+00	9.123489e-24	3.098247e-19	1.637864e-15	3.654145e-12	4.741563e-09	3.745084e-06	1.394028e-03	9.635786e-02	1.733870e-01	1.305495e-04
1.586587e+00	7.451332e-24	2.536729e-19	1.349689e-15	3.043546e-12	4.013964e-09	3.248864e-06	1.255680e-03	9.202307e-02	1.759849e-01	1.521175e-04
1.591592e+00	6.087896e-24	2.077547e-19	1.112397e-15	2.535037e-12	3.397507e-09	2.817335e-06	1.130306e-03	8.780190e-02	1.784639e-01	1.768032e-04
1.596597e+00	4.975777e-24	1.701950e-19	9.169739e-16	2.111547e-12	2.875309e-09	2.442224e-06	1.016778e-03	8.369716e-02	1.808220e-01	2.049839e-04
1.601602e+00	4.068320e-24	1.394640e-19	7.560072e-16	1.758857e-12	2.433034e-09	2.116291e-06	9.140567e-04	7.971120e-02	1.830574e-01	2.370720e-04
1.606607e+00	3.327589e-24	1.143135e-19	6.234013e-16	1.465128e-12	2.058512e-09	1.833206e-06	8.211847e-04	7.584588e-02	1.851687e-01	2.735167e-04
1.611612e+00	2.722731e-24	9.372463e-20	5.141422e-16	1.220497e-12	1.741415e-09	1.587436e-06	7.372804e-04	7.210259e-02	1.871549e-01	3.148053e-04
1.616617e+00	2.228641e-24	7.686536e-20	4.241051e-16	1.016754e-12	1.472981e-09	1.374145e-06	6.615343e-04	6.848228e-02	1.890152e-01	3.614652e-04
1.621622e+00	1.824887e-24	6.305638e-20	3.498962e-16	8.470602e-13	1.245776e-09	1.189115e-06	5.932032e-04	6.498548e-02	1.907494e-01	4.140654e-04
1.626627e+00	1.494832e-24	5.174270e-20	2.887231e-16	7.057216e-13	1.053496e-09	1.028661e-06	5.316055e-04	6.161233e-02	1.923574e-01	4.732175e-04
1.631632e+00	1.224924e-24	4.247089e-20	2.382873e-16	5.879964e-13	8.907943e-10	8.895713e-07	4.761172e-04	5.836258e-02	1.938392e-01	5.395770e-04
1.636637e+00	1.004122e-24	3.487034e-20	1.966974e-16	4.899360e-13	7.531407e-10	7.690458e-07	4.261674e-04	5.523563e-02	1.951953e-01	6.138440e-04
1.641642e+00	8.234247e-25	2.863809e-20	1.623960e-16	4.082525e-13	6.366940e-10	6.646442e-07	3.812342e-04	5.223055e-02	1.964265e-01	6.967642e-04
1.646647e+00	6.754944e-25	2.352638e-20	1.341009e-16	3.402080e-13	5.381994e-10	5.742414e-07	3.408414e-04	4.934610e-02	1.975335e-01	7.891288e-04
1.651652e+00	5.543447e-25	1.933258e-20	1.107563e-16	2.835225e-13	4.548995e-10	4.959875e-07	3.045545e-04	4.658075e-02	1.985176e-01	8.917746e-04
1.656657e+00	4.550910e-25	1.589091e-20	9.149275e-17	2.362976e-13	3.844585e-10	4.282727e-07	2.719776e-04	4.393273e-02	1.993798e-01	1.005584e-03
1.661662e+00	3.737462e-25	1.306567e-20	7.559395e-17	1.969523e-13	3.248979e-10	3.696972e-07	2.427505e-04	4.140002e-02	2.001218e-01	1.131484e-03
1.666667e+00	3.070545e-25	1.074582e-20	6.246981e-17	1.641701e-13	2.745426e-10	3.190440e-07	2.165456e-04	3.898038e-02	2.007449e-01	1.270445e-03
1.671672e+00	2.523563e-25	8.840411e-21	5.163414e-17	1.368546e-13	2.319742e-10	2.752556e-07	1.930652e-04	3.667140e-02	2.012509e-01	1.423479e-03
1.676677e+00	2.074784e-25	7.274959e-21	4.268626e-17	1.140929e-13	1.959921e-10	2.374135e-07	1.720391e-04	3.447049e-02	2.016416e-01	1.591641e-03
1.681682e+00	1.706442e-25	5.988448e-21	3.529589e-17	9.512448e-14	1.655802e-10	2.047202e-07	1.532224e-04	3.237492e-02	2.019187e-01	1.776019e-03
1.686687e+00	1.404009e-25	4.930874e-21	2.919080e-17	7.931625e-14	1.398783e-10	1.764837e-07	1.363932e-04	3.038183e-02	2.020843e-01	1.977742e-03
1.691692e+00	1.155601e-25	4.061249e-21	2.414649e-17	6.614075e-14	1.181590e-10	1.521035e-07	1.213503e-04	2.848825e-02	2.021402e-01	2.197965e-03
1.696697e+00	9.514932e-26	3.345968e-21	1.997788e-17	5.515874e-14	9.980649e-11	1.310592e-07	1.079122e-04	2.669114e-02	2.020885e-01	2.437874e-03
1.701702e+00	7.837236e-26	2.757470e-21	1.653226e-17	4.600435e-14	8.430017e-11	1.128993e-07	9.591464e-05	2.498738e-02	2.019312e-01	2.698679e-03
1.706707e+00	6.457726e-26	2.273142e-21	1.368370e-17	3.837284e-14	7.119955e-11	9.723281e-08	8.520921e-05	2.337380e-02	2.016704e-01	2.981609e-03
1.711712e+00	5.322990e-26	1.874431e-21	1.132827e-17	3.201036e-14	6.013216e-11	8.372107e-08	7.566216e-05	2.184719e-02	2.013080e-01	3.287905e-03
1.716717e+00	4.389256e-26	1.546109e-21	9.380229e-18	2.670544e-14	5.078304e-11	7.207078e-08	6.715284e-05	2.040434e-02	2.008463e-01	3.618820e-03
1.721722e+00	3.620639e-26	1.275669e-21	7.768791e-18	2.228192e-14	4.288591e-11	6.202810e-08	5.957261e-05	1.904202e-02	2.002871e-01	3.975607e-03
1.726727e+00	2.987710e-26	1.052844e-21	6.435528e-18	1.859303e-14	3.621563e-11	5.337337e-08	5.282363e-05	1.775700e-02	1.996326e-01	4.359515e-03
1.731732e+00	2.466326e-26	8.691965e-22	5.332198e-18	1.551649e-14	3.058190e-11	4.591662e-08	4.681793e-05	1.654609e-02	1.988847e-01	4.771784e-03
1.736737e+00	2.036673e-26	7.177947e-22	4.418962e-18	1.295040e-14	2.582388e-11	3.949358e-08	4.147644e-05	1.540612e-02	1.980454e-01	5.213637e-03
1.741742e+00	1.682483e-26	5.929403e-22	3.662914e-18	1.080988e-14	2.180562e-11	3.396226e-08	3.672813e-05	1.433395e-02	1.971167e-01	5.686270e-03
1.746747e+00	1.390396e-26	4.899484e-22	3.036870e-18	9.024163e-15	1.841226e-11	2.919995e-08	3.250926e-05	1.332650e-02	1.961005e-01	6.190850e-03
1.751752e+00	1.149435e-26	4.049659e-22	2.518368e-18	7.534295e-15	1.554671e-11	2.510066e-08	2.876266e-05	1.238075e-02	1.949987e-01	6.728502e-03
1.756757e+00	9.505800e-27	3.348233e-22	2.088845e-18	6.291132e-15	1.312697e-11	2.157287e-08	2.543710e-05	1.149373e-02	1.938133e-01	7.300304e-03
1.761762e+00	7.864132e-27	2.769121e-22	1.732957e-18	5.253713e-15	1.108374e-11	1.853755e-08	2.248669e-05	1.066256e-02	1.925461e-01	7.907280e-03
1.766767e+00	6.508348e-27	2.290855e-22	1.438019e-18	4.387895e-15	9.358477e-12	1.592650e-08	1.987034e-05	9.884421e-03	1.911989e-01	8.550390e-03
1.771772e+00	5.388258e-27	1.895757e-22	1.193540e-18	3.665214e-15	7.901739e-12	1.368088e-08	1.755132e-05	9.156572e-03	1.897736e-01	9.230524e-03
1.776777e+00	4.462554e-27	1.569269e-22	9.908436e-19	3.061938e-15	6.671755e-12	1.174993e-08	1.549679e-05	8.476362e-03	1.882720e-01	9.948493e-03
1.781782e+00	3.697225e-27	1.299397e-22	8.227538e-19	2.558282e-15	5.633247e-12	1.008989e-08	1.367740e-05	7.841224e-03	1.866960e-01	1.070502e-02
1.786787e+00	3.064259e-27	1.076257e-22	6.833318e-19	2.137747e-15	4.756418e-12	8.663005e-09	1.206697e-05	7.248678e-03	1.850474e-01	1.150075e-02
1.791792e+00	2.540575e-27	8.917029e-23	5.676632e-19	1.786572e-15	4.016106e-12	7.436767e-09	1.064211e-05	6.696337e-03	1.833279e-01	1.233620e-02
1.796797e+00	2.107149e-27	7.390171e-23	4.716802e-19	1.493284e-15	3.391059e-12	6.383148e-09	9.381999e-06	6.181901e-03	1.815395e-01	1.321181e-02
1.801802e+00	1.748297e-27	6.126592e-23	3.920151e-19	1.248310e-15	2.863334e-12	5.478008e-09	8.268051e-06	5.703167e-03	1.796841e-01	1.412789e-02
1.806807e+00	1.451081e-27	5.080585e-23	3.258792e-19	1.043666e-15	2.417778e-12	4.700557e-09	7.283728e-06	5.258018e-03	1.777634e-01	1.508464e-02
1.811812e+00	1.204826e-27	4.214431e-23	2.709628e-19	8.726902e-16	2.041595e-12	4.032891e-09	6.414305e-06	4.844433e-03	1.757795e-01	1.608213e-02
1.816817e+00	1.000721e-27	3.496991e-23	2.253523e-19	7.298260e-16	1.723982e-12	3.459602e-09	5.646681e-06	4.460480e-03	1.737342e-01	1.712033e-02
1.821822e+00	8.314906e-28	2.902557e-23	1.874625e-19	6.104357e-16	1.455819e-12	2.967425e-09	4.969207e-06	4.104315e-03	1.716296e-01	1.819904e-02
1.826827e+00	6.911264e-28	2.409892e-23	1.559792e-19	5.106490e-16	1.229403e-12	2.544951e-09	4.371530e-06	3.774185e-03	1.694677e-01	1.931795e-02
1.831832e+00	5.746627e-28	2.001451e-23	1.298135e-19	4.272359e-16	1.038233e-12	2.182361e-09	3.844456e-06	3.468421e-03	1.672506e-01	2.047662e-02
1.836837e+00	4.779955e-28	1.662736e-23	1.080623e-19	3.575004e-16	8.768199e-13	1.871212e-09	3.379820e-06	3.185439e-03	1.649804e-01	2.167446e-02
1.841842e+00	3.977312e-28	1.381759e-23	8.997657e-20	2.991916e-16	7.405283e-13	1.604243e-09	2.970380e-06	2.923739e-03	1.626593e-01	2.291074e-02
1.846847e+00	3.310628e-28	1.148609e-23	7.493531e-20	2.504304e-16	6.254461e-13	1.375213e-09	2.609711e-06	2.681898e-03	1.602895e-01	2.418461e-02
1.851852e+00	2.756675e-28	9.550877e-24	6.242314e-20	2.096478e-16	5.282703e-13	1.178757e-09	2.292118e-06	2.458574e-03	1.578734e-01	2.549507e-02
1.856857e+00	2.296229e-28	7.944107e-24	5.201242e-20	1.755334e-16	4.462124e-13	1.010262e-09	2.012557e-06	2.252497e-03	1.554132e-01	2.684099e-02
1.861862e+00	1.913371e-28	6.609642e-24	4.334820e-20	1.469928e-16	3.769184e-13	8.657673e-10	1.766559e-06	2.062471e-03	1.529115e-01	2.822110e-02
1.866867e+00	1.594913e-28	5.501002e-24	3.613584e-20	1.231118e-16	3.184009e-13	7.418692e-10	1.550169e-06	1.887370e-03	1.503707e-01	2.963401e-02
1.871872e+00	1.329929e-28	4.579697e-24	3.013064e-20	1.031268e-16	2.689823e-13	6.356440e-10	1.359888e-06	1.726133e-03	1.477934e-01	3.107819e-02
1.876877e+00	1.109362e-28	3.813842e-24	2.512941e-20	8.639968e-17	2.272460e-13	5.445811e-10	1.192621e-06	1.577765e-03	1.451821e-01	3.255201e-02
1.881882e+00	9.257031e-29	3.177019e-24	2.096331e-20	7.239724e-17	1.919964e-13	4.665247e-10	1.045633e-06	1.441332e-03	1.425394e-01	3.405372e-02
1.886887e+00	7.727216e-29	2.647329e-24	1.749209e-20	6.067388e-17	1.622241e-13	3.996242e-10	9.165069e-07	1.315958e-03	1.398682e-01	3.558144e-02
1.891892e+00	6.452488e-29	2.206619e-24	1.459916e-20	5.085716e-17	1.370768e-13	3.422908e-10	8.031079e-07	1.200822e-03	1.371711e-01	3.713321e-02
1.896897e+00	5.389940e-29	1.839830e-24	1.218762e-20	4.263571e-17	1.158350e-13	2.931614e-10	7.035514e-07	1.095158e-03	1.344509e-01	3.870697e-02
1.901902e+00	4.503944e-29	1.534473e-24	1.017688e-20	3.574922e-17	9.789122e-14	2.510658e-10	6.161743e-07	9.982498e-04	1.317104e-01	4.030057e-02
1.906907e+00	3.764906e-29	1.280182e-24	8.499934e-21	2.998001e-17	8.273264e-14	2.150003e-10	5.395097e-07	9.094279e-04	1.289525e-01	4.191178e-02
1.911912e+00	3.148235e-29	1.068355e-24	7.101039e-21	2.514605e-17	6.992622e-14	1.841039e-10	4.722639e-07	8.280692e-04	1.261801e-01	4.353830e-02
1.916917e+00	2.633491e-29	8.918468e-25	5.933814e-21	2.109508e-17	5.910636e-14	1.576377e-10	4.132969e-07	7.535930e-04	1.233961e-01	4.517776e-02
1.921922e+00	2.203676e-29	7.447252e-25	4.959659e-21	1.769971e-17	4.996434e-14	1.349685e-10	3.616041e-07	6.854591e-04	1.206033e-01	4.682775e-02
1.926927e+00	1.844654e-29	6.220609e-25	4.146444e-21	1.485340e-17	4.223952e-14	1.155529e-10	3.163009e-07	6.231653e-04	1.178047e-01	4.848583e-02
1.931932e+00	1.544660e-29	5.197575e-25	3.467417e-21	1.246695e-17	3.571176e-14	9.892516e-11	2.766082e-07	5.662450e-04	1.150033e-01	5.014949e-02
1.936937e+00	1.293903e-29	4.344097e-25	2.900300e-21	1.046573e-17	3.019521e-14	8.468601e-11	2.418407e-07	5.142658e-04	1.122019e-01	5.181622e-02
1.941942e+00	1.084228e-29	3.631861e-25	2.426534e-21	8.787295e-18	2.553290e-14	7.249311e-11	2.113953e-07	4.668263e-04	1.094033e-01	5.348350e-02
1.946947e+00	9.088447e-30	3.037315e-25	2.030658e-21	7.379331e-18	2.159227e-14	6.205307e-11	1.847415e-07	4.235553e-04	1.066105e-01	5.514881e-02
1.951952e+00	7.620942e-30	2.540863e-25	1.699787e-21	6.198058e-18	1.826138e-14	5.311443e-11	1.614131e-07	3.841088e-04	1.038263e-01	5.680960e-02
1.956957e+00	6.392595e-30	2.126197e-25	1.423178e-21	5.206806e-18	1.544566e-14	4.546171e-11	1.410004e-07	3.481692e-04	1.010534e-01	5.846339e-02
1.961962e+00	5.364078e-30	1.779740e-25	1.191878e-21	4.374868e-18	1.306526e-14	3.891027e-11	1.231433e-07	3.154429e-04	9.829463e-02	6.010768e-02
1.966967e+00	4.502587e-30	1.490185e-25	9.984164e-22	3.676517e-18	1.105271e-14	3.330191e-11	1.075255e-07	2.856590e-04	9.555261e-02	6.174002e-02
1.971972e+00	3.780749e-30	1.248114e-25	8.365647e-22	3.090202e-18	9.351036e-15	2.850110e-11	9.386960e-08	2.585676e-04	9.282998e-02	6.335801e-02
1.976977e+00	3.175720e-30	1.045681e-25	7.011248e-22	2.597862e-18	7.912096e-15	2.439175e-11	8.193179e-08	2.339386e-04	9.012926e-02	6.495930e-02
1.981982e+00	2.668424e-30	8.763437e-26	5.877590e-22	2.184363e-18	6.695221e-15	2.087441e-11	7.149831e-08	2.115600e-04	8.745293e-02	6.654158e-02
1.986987e+00	2.242929e-30	7.346495e-26	4.928463e-22	1.837018e-18	5.666054e-15	1.786392e-11	6.238163e-08	1.912367e-04	8.480337e-02	6.810263e-02
1.991992e+00	1.885923e-30	6.160504e-26	4.133635e-22	1.545191e-18	4.795562e-15	1.528732e-11	5.441729e-08	1.727896e-04	8.218286e-02	6.964028e-02
1.996997e+00	1.586280e-30	5.167524e-26	3.467858e-22	1.299964e-18	4.059216e-15	1.308216e-11	4.746113e-08	1.560539e-04	7.959361e-02	7.115248e-02
2.002002e+00	1.334698e-30	4.335898e-26	2.910041e-22	1.093860e-18	3.436285e-15	1.119495e-11	4.138680e-08	1.408785e-04	7.703772e-02	7.263721e-02
2.007007e+00	1.123396e-30	3.639197e-26	2.442563e-22	9.206058e-19	2.909253e-15	9.579887e-12	3.608360e-08	1.271248e-04	7.451717e-02	7.409260e-02
2.012012e+00	9.458659e-31	3.055359e-26	2.050697e-22	7.749386e-19	2.463313e-15	8.197763e-12	3.145457e-08	1.146657e-04	7.203385e-02	7.551682e-02
2.017017e+00	7.966594e-31	2.565953e-26	1.722131e-22	6.524437e-19	2.085952e-15	7.015007e-12	2.741480e-08	1.033848e-04	6.958954e-02	7.690820e-02
2.022022e+00	6.712153e-31	2.155585e-26	1.446572e-22	5.494160e-19	1.766592e-15	6.002880e-12	2.388996e-08	9.317550e-05	6.718590e-02	7.826512e-02
2.027027e+00	5.657139e-31	1.811387e-26	1.215411e-22	4.627456e-19	1.496291e-15	5.136782e-12	2.081500e-08	8.394041e-05	6.482447e-02	7.958610e-02
2.032032e+00	4.769551e-31	1.522604e-26	1.021447e-22	3.898222e-19	1.267489e-15	4.395654e-12	1.813299e-08	7.559045e-05	6.250667e-02	8.086976e-02
2.037037e+00	4.022567e-31	1.280242e-26	8.586531e-23	3.284539e-19	1.073796e-15	3.761472e-12	1.579415e-08	6.804423e-05	6.023382e-02	8.211483e-02
2.042042e+00	3.393706e-31	1.076780e-26	7.219869e-23	2.768000e-19	9.098062e-16	3.218808e-12	1.375493e-08	6.122750e-05	5.800709e-02	8.332017e-02
2.047047e+00	2.864110e-31	9.059220e-27	6.072263e-23	2.333146e-19	7.709504e-16	2.754458e-12	1.197725e-08	5.507247e-05	5.582755e-02	8.448473e-02
2.052052e+00	2.417964e-31	7.624020e-27	5.108361e-23	1.966990e-19	6.533636e-16	2.357123e-12	1.042783e-08	4.951737e-05	5.369614e-02	8.560759e-02
2.057057e+00	2.041991e-31	6.418097e-27	4.298554e-23	1.658621e-19	5.537771e-16	2.017131e-12	9.077591e-09	4.450591e-05	5.161368e-02	8.668794e-02
2.062062e+00	1.725051e-31	5.404525e-27	3.618037e-23	1.398870e-19	4.694261e-16	1.726207e-12	7.901113e-09	3.998683e-05	4.958089e-02	8.772508e-02
2.067067e+00	1.457785e-31	4.552371e-27	3.046027e-23	1.180030e-19	3.979717e-16	1.477268e-12	6.876200e-09	3.591348e-05	4.759835e-02	8.871844e-02
2.072072e+00	1.232334e-31	3.835717e-27	2.565100e-23	9.956217e-20	3.374353e-16	1.264255e-12	5.983464e-09	3.224343e-05	4.566653e-02	8.966754e-02
2.077077e+00	1.042093e-31	3.232839e-27	2.160654e-23	8.401979e-20	2.861427e-16	1.081980e-12	5.205976e-09	2.893811e-05	4.378579e-02	9.057201e-02
2.082082e+00	8.815094e-32	2.725524e-27	1.820439e-23	7.091778e-20	2.426773e-16	9.260078e-13	4.528959e-09	2.596250e-05	4.195638e-02	9.143160e-02
2.087087e+00	7.459162e-32	2.298499e-27	1.534183e-23	5.987081e-20	2.058404e-16	7.925404e-13	3.939515e-09	2.328478e-05	4.017846e-02	9.224616e-02
2.092092e+00	6.313864e-32	1.938951e-27	1.293268e-23	5.055474e-20	1.746174e-16	6.783290e-13	3.426389e-09	2.087608e-05	3.845205e-02	9.301563e-02
2.097097e+00	5.346164e-32	1.636129e-27	1.090461e-23	4.269684e-20	1.481496e-16	5.805941e-13	2.979760e-09	1.871022e-05	3.677711e-02	9.374005e-02
2.102102e+00	4.528255e-32	1.381008e-27	9.196915e-24	3.606756e-20	1.257101e-16	4.969570e-13	2.591063e-09	1.676347e-05	3.515347e-02	9.441956e-02
2.107107e+00	3.836726e-32	1.166011e-27	7.758621e-24	3.047372e-20	1.066833e-16	4.253828e-13	2.252829e-09	1.501434e-05	3.358090e-02	9.505439e-02
2.112112e+00	3.251859e-32	9.847745e-28	6.546924e-24	2.575264e-20	9.054835e-17	3.641302e-13	1.958544e-09	1.344335e-05	3.205907e-02	9.564484e-02
2.117117e+00	2.757041e-32	8.319524e-28	5.525868e-24	2.176738e-20	7.686394e-17	3.117095e-13	1.702528e-09	1.203288e-05	3.058755e-02	9.619131e-02
2.122122e+00	2.338273e-32	7.030522e-28	4.665241e-24	1.840259e-20	6.525641e-17	2.668460e-13	1.479832e-09	1.076699e-05	2.916586e-02	9.669426e-02
2.127127e+00	1.983752e-32	5.942975e-28	3.939655e-24	1.556109e-20	5.540931e-17	2.284492e-13	1.286143e-09	9.631271e-06	2.779344e-02	9.715424e-02
2.132132e+00	1.683524e-32	5.025131e-28	3.327767e-24	1.316102e-20	4.705456e-17	1.955858e-13	1.117702e-09	8.612701e-06	2.646965e-02	9.757184e-02
2.137137e+00	1.429192e-32	4.250283e-28	2.811629e-24	1.113341e-20	3.996507e-17	1.674576e-13	9.712335e-10	7.699515e-06	2.519380e-02	9.794774e-02
2.142142e+00	1.213672e-32	3.595961e-28	2.376149e-24	9.420113e-21	3.394844e-17	1.433815e-13	8.438855e-10	6.881093e-06	2.396513e-02	9.828265e-02
2.147147e+00	1.030981e-32	3.043259e-28	2.008629e-24	7.972107e-21	2.884164e-17	1.227728e-13	7.331736e-10	6.147851e-06	2.278284e-02	9.857737e-02
2.152152e+00	8.760702e-33	2.576257e-28	1.698387e-24	6.748071e-21	2.450649e-17	1.051317e-13	6.369344e-10	5.491144e-06	2.164606e-02	9.883271e-02
2.157157e+00	7.446727e-33	2.181554e-28	1.436428e-24	5.713153e-21	2.082592e-17	9.003011e-14	5.532844e-10	4.903179e-06	2.055390e-02	9.904955e-02
2.162162e+00	6.331841e-33	1.847859e-28	1.215183e-24	4.837956e-21	1.770065e-17	7.710196e-14	4.805837e-10	4.376932e-06	1.950542e-02	9.922879e-02
2.167167e+00	5.385577e-33	1.565661e-28	1.028276e-24	4.097680e-21	1.504655e-17	6.603395e-14	4.174051e-10	3.906075e-06	1.849963e-02	9.937138e-02
2.172172e+00	4.582178e-33	1.326944e-28	8.703395e-25	3.471398e-21	1.279226e-17	5.655801e-14	3.625064e-10	3.484914e-06	1.753554e-02	9.947829e-02
2.177177e+00	3.899859e-33	1.124950e-28	7.368482e-25	2.941448e-21	1.087730e-17	4.844473e-14	3.148067e-10	3.108320e-06	1.661211e-02	9.955052e-02
2.182182e+00	3.320187e-33	9.539795e-29	6.239903e-25	2.492921e-21	9.250361e-18	4.149783e-14	2.733655e-10	2.771681e-06	1.572829e-02	9.958909e-02
2.187187e+00	2.827567e-33	8.092271e-29	5.285525e-25	2.113229e-21	7.867928e-18	3.554931e-14	2.373646e-10	2.470850e-06	1.488300e-02	9.959505e-02
2.192192e+00	2.408792e-33	6.866366e-29	4.478256e-25	1.791742e-21	6.693088e-18	3.045543e-14	2.060924e-10	2.202099e-06	1.407516e-02	9.956943e-02
2.197197e+00	2.052683e-33	5.827852e-29	3.795247e-25	1.519482e-21	5.694525e-18	2.609316e-14	1.789297e-10	1.962077e-06	1.330367e-02	9.951331e-02
2.202202e+00	1.749766e-33	4.947832e-29	3.217227e-25	1.288863e-21	4.845669e-18	2.235722e-14	1.553384e-10	1.747777e-06	1.256742e-02	9.942776e-02
2.207207e+00	1.492016e-33	4.201903e-29	2.727932e-25	1.093476e-21	4.123971e-18	1.915748e-14	1.348503e-10	1.556496e-06	1.186531e-02	9.931385e-02
2.212212e+00	1.272630e-33	3.569453e-29	2.313640e-25	9.279040e-22	3.510294e-18	1.641683e-14	1.170585e-10	1.385809e-06	1.119623e-02	9.917265e-02
2.217217e+00	1.085839e-33	3.033064e-29	1.962766e-25	7.875690e-22	2.988392e-18	1.406926e-14	1.016092e-10	1.233543e-06	1.055907e-02	9.900524e-02
2.222222e+00	9.267510e-34	2.578016e-29	1.665526e-25	6.685993e-22	2.544476e-18	1.205827e-14	8.819475e-11	1.097747e-06	9.952730e-03	9.881268e-02
2.227227e+00	7.912158e-34	2.191865e-29	1.413658e-25	5.677211e-22	2.166836e-18	1.033548e-14	7.654791e-11	9.766707e-07	9.376118e-03	9.859603e-02
2.232232e+00	6.757106e-34	1.864084e-29	1.200183e-25	4.821656e-22	1.845530e-18	8.859500e-15	6.643636e-11	8.687487e-07	8.828150e-03	9.835633e-02
2.237237e+00	5.772448e-34	1.585773e-29	1.019204e-25	4.095901e-22	1.572114e-18	7.594885e-15	5.765821e-11	7.725767e-07	8.307757e-03	9.809463e-02
2.242242e+00	4.932790e-34	1.349398e-29	8.657340e-26	3.480125e-22	1.339413e-18	6.511292e-15	5.003804e-11	6.868976e-07	7.813881e-03	9.781195e-02
2.247247e+00	4.216558e-34	1.148582e-29	7.355598e-26	2.957554e-22	1.141336e-18	5.582745e-15	4.342344e-11	6.105859e-07	7.345483e-03	9.750928e-02
2.252252e+00	3.605424e-34	9.779287e-30	6.251172e-26	2.513986e-22	9.727050e-19	4.787001e-15	3.768199e-11	5.426346e-07	6.901541e-03	9.718762e-02
2.257257e+00	3.083804e-34	8.328662e-30	5.313918e-26	2.137399e-22	8.291205e-19	4.105017e-15	3.269867e-11	4.821426e-07	6.481052e-03	9.684794e-02
2.262262e+00	2.638453e-34	7.095221e-30	4.518332e-26	1.817612e-22	7.068435e-19	3.520487e-15	2.837357e-11	4.283043e-07	6.083036e-03	9.649118e-02
2.267267e+00	2.258103e-34	6.046153e-30	3.842830e-26	1.545999e-22	6.026962e-19	3.019446e-15	2.461990e-11	3.803991e-07	5.706531e-03	9.611826e-02
2.272272e+00	1.933168e-34	5.153647e-30	3.269144e-26	1.315256e-22	5.139766e-19	2.589938e-15	2.136230e-11	3.377834e-07	5.350601e-03	9.573009e-02
2.277277e+00	1.655490e-34	4.394124e-30	2.781804e-26	1.119191e-22	4.383877e-19	2.221719e-15	1.853531e-11	2.998818e-07	5.014334e-03	9.532756e-02
2.282282e+00	1.418124e-34	3.747588e-30	2.367711e-26	9.525569e-23	3.739759e-19	1.906021e-15	1.608211e-11	2.661806e-07	4.696841e-03	9.491150e-02
2.287287e+00	1.215158e-34	3.197077e-30	2.015767e-26	8.109067e-23	3.190800e-19	1.635328e-15	1.395334e-11	2.362211e-07	4.397257e-03	9.448275e-02
2.292292e+00	1.041553e-34	2.728198e-30	1.716570e-26	6.904686e-23	2.722866e-19	1.403207e-15	1.210616e-11	2.095936e-07	4.114747e-03	9.404213e-02
2.297297e+00	8.930170e-35	2.328735e-30	1.462150e-26	5.880446e-23	2.323936e-19	1.204144e-15	1.050335e-11	1.859328e-07	3.848497e-03	9.359039e-02
2.302302e+00	7.658927e-35	1.988316e-30	1.245753e-26	5.009218e-23	1.983780e-19	1.033418e-15	9.112644e-12	1.649126e-07	3.597722e-03	9.312830e-02
2.307307e+00	6.570606e-35	1.698132e-30	1.061649e-26	4.267985e-23	1.693692e-19	8.869808e-16	7.905988e-12	1.462423e-07	3.361663e-03	9.265658e-02
2.312312e+00	5.638610e-35	1.450703e-30	9.049803e-27	3.637218e-23	1.446263e-19	7.613670e-16	6.859054e-12	1.296626e-07	3.139586e-03	9.217593e-02
2.317317e+00	4.840245e-35	1.239670e-30	7.716253e-27	3.100339e-23	1.235185e-19	6.536056e-16	5.950717e-12	1.149424e-07	2.930786e-03	9.168702e-02
2.322322e+00	4.156149e-35	1.059629e-30	6.580862e-27	2.643277e-23	1.055090e-19	5.611513e-16	5.162644e-12	1.018758e-07	2.734581e-03	9.119051e-02
2.327327e+00	3.569793e-35	9.059868e-31	5.613943e-27	2.254082e-23	9.014033e-20	4.818225e-16	4.478925e-12	9.027928e-08	2.550317e-03	9.068701e-02
2.332332e+00	3.067064e-35	7.748360e-31	4.790293e-27	1.922607e-23	7.702324e-20	4.137495e-16	3.885750e-12	7.998950e-08	2.377366e-03	9.017712e-02
2.337337e+00	2.635908e-35	6.628534e-31	4.088508e-27	1.640230e-23	6.582601e-20	3.553299e-16	3.371134e-12	7.086092e-08	2.215122e-03	8.966140e-02
2.342342e+00	2.266025e-35	5.672111e-31	3.490408e-27	1.399629e-23	5.626605e-20	3.051900e-16	2.924680e-12	6.276403e-08	2.063009e-03	8.914042e-02
2.347347e+00	1.948616e-35	4.855023e-31	2.980549e-27	1.194579e-23	4.810263e-20	2.621522e-16	2.537361e-12	5.558355e-08	1.920471e-03	8.861468e-02
2.352352e+00	1.676156e-35	4.156780e-31	2.545802e-27	1.019790e-23	4.113059e-20	2.252070e-16	2.201348e-12	4.921692e-08	1.786979e-03	8.808469e-02
2.357357e+00	1.442212e-35	3.559931e-31	2.175011e-27	8.707635e-24	3.517507e-20	1.934888e-16	1.909846e-12	4.357290e-08	1.662025e-03	8.755091e-02
2.362362e+00	1.241280e-35	3.049615e-31	1.858688e-27	7.436759e-24	3.008701e-20	1.662554e-16	1.656960e-12	3.857034e-08	1.545126e-03	8.701381e-02
2.367367e+00	1.068651e-35	2.613165e-31	1.588765e-27	6.352741e-24	2.573933e-20	1.428703e-16	1.437575e-12	3.413711e-08	1.435820e-03	8.647382e-02
2.372372e+00	9.202965e-36	2.239788e-31	1.358379e-27	5.427908e-24	2.202369e-20	1.227877e-16	1.247252e-12	3.020908e-08	1.333667e-03	8.593133e-02
2.377377e+00	7.927655e-36	1.920283e-31	1.161690e-27	4.638717e-24	1.884766e-20	1.055396e-16	1.082141e-12	2.672925e-08	1.238249e-03	8.538674e-02
2.382382e+00	6.831036e-36	1.646802e-31	9.937271e-28	3.965128e-24	1.613243e-20	9.072422e-17	9.389028e-13	2.364699e-08	1.149168e-03	8.484042e-02
2.387387e+00	5.887799e-36	1.412652e-31	8.502603e-28	3.390085e-24	1.381074e-20	7.799723e-17	8.146382e-13	2.091731e-08	1.066044e-03	8.429271e-02
2.392392e+00	5.076258e-36	1.212123e-31	7.276865e-28	2.899065e-24	1.182523e-20	6.706308e-17	7.068335e-13	1.850025e-08	9.885184e-04	8.374394e-02
2.397397e+00	4.377824e-36	1.040339e-31	6.229372e-28	2.479701e-24	1.012692e-20	5.766822e-17	6.133076e-13	1.636036e-08	9.162497e-04	8.319443e-02
2.402402e+00	3.776562e-36	8.931424e-32	5.333983e-28	2.121460e-24	8.674027e-21	4.959510e-17	5.321684e-13	1.446612e-08	8.489147e-04	8.264446e-02
2.407407e+00	3.258804e-36	7.669784e-32	4.568422e-28	1.815367e-24	7.430873e-21	4.265702e-17	4.617745e-13	1.278959e-08	7.862071e-04	8.209431e-02
2.412412e+00	2.812827e-36	6.588131e-32	3.913705e-28	1.553775e-24	6.366999e-21	3.669375e-17	4.007022e-13	1.130596e-08	7.278371e-04	8.154424e-02
2.417417e+00	2.428570e-36	5.660538e-32	3.353644e-28	1.330166e-24	5.456393e-21	3.156777e-17	3.477162e-13	9.993234e-09	6.735306e-04	8.099449e-02
2.422422e+00	2.097397e-36	4.864850e-32	2.874437e-28	1.138984e-24	4.676843e-21	2.716103e-17	3.017452e-13	8.831878e-09	6.230285e-04	8.044530e-02
2.427427e+00	1.811894e-36	4.182126e-32	2.464311e-28	9.754911e-25	4.009370e-21	2.337220e-17	2.618595e-13	7.804583e-09	5.760862e-04	7.989688e-02
2.432432e+00	1.565695e-36	3.596173e-32	2.113221e-28	8.356477e-25	3.437764e-21	2.011427e-17	2.272531e-13	6.895995e-09	5.324731e-04	7.934942e-02
2.437437e+00	1.353327e-36	3.093140e-32	1.812596e-28	7.160069e-25	2.948169e-21	1.731253e-17	1.972265e-13	6.092505e-09	4.919716e-04	7.880313e-02
2.442442e+00	1.170092e-36	2.661178e-32	1.555118e-28	6.136281e-25	2.528748e-21	1.490283e-17	1.711730e-13	5.382048e-09	4.543767e-04	7.825816e-02
2.447447e+00	1.011947e-36	2.290147e-32	1.334542e-28	5.260019e-25	2.169380e-21	1.283007e-17	1.485664e-13	4.753931e-09	4.194955e-04	7.771470e-02
2.452452e+00	8.754206e-37	1.971369e-32	1.145532e-28	4.509864e-25	1.861413e-21	1.104695e-17	1.289500e-13	4.198682e-09	3.871465e-04	7.717289e-02
2.457457e+00	7.575233e-37	1.697411e-32	9.835317e-29	3.867529e-25	1.597448e-21	9.512795e-18	1.119280e-13	3.707907e-09	3.571591e-04	7.663287e-02
2.462462e+00	6.556852e-37	1.461910e-32	8.446475e-29	3.317399e-25	1.371160e-21	8.192705e-18	9.715677e-14	3.274170e-09	3.293729e-04	7.609477e-02
2.467467e+00	5.676944e-37	1.259414e-32	7.255518e-29	2.846137e-25	1.177137e-21	7.056674e-18	8.433831e-14	2.890889e-09	3.036375e-04	7.555872e-02
2.472472e+00	4.916470e-37	1.085251e-32	6.234005e-29	2.442350e-25	1.010749e-21	6.078922e-18	7.321410e-14	2.552233e-09	2.798116e-04	7.502483e-02
2.477477e+00	4.259037e-37	9.354186e-33	5.357613e-29	2.096303e-25	8.680349e-22	5.237298e-18	6.355990e-14	2.253039e-09	2.577629e-04	7.449320e-02
2.482482e+00	3.690528e-37	8.064833e-33	4.605546e-29	1.799674e-25	7.456049e-22	4.512761e-18	5.518117e-14	1.988738e-09	2.373673e-04	7.396393e-02
2.487487e+00	3.198779e-37	6.955016e-33	3.960009e-29	1.545353e-25	6.405575e-22	3.888949e-18	4.790913e-14	1.755286e-09	2.185087e-04	7.343711e-02
2.492492e+00	2.773309e-37	5.999486e-33	3.405778e-29	1.327258e-25	5.504089e-22	3.351792e-18	4.159738e-14	1.549105e-09	2.010783e-04	7.291282e-02
2.497497e+00	2.405085e-37	5.176580e-33	2.929825e-29	1.140189e-25	4.730323e-22	2.889197e-18	3.611890e-14	1.367026e-09	1.849746e-04	7.239113e-02
2.502503e+00	2.086318e-37	4.467705e-33	2.520994e-29	9.796983e-26	4.066065e-22	2.490765e-18	3.136348e-14	1.206250e-09	1.701025e-04	7.187212e-02
2.507508e+00	1.810290e-37	3.856903e-33	2.169735e-29	8.419793e-26	3.495715e-22	2.147554e-18	2.723553e-14	1.064297e-09	1.563732e-04	7.135584e-02
2.512513e+00	1.571205e-37	3.330467e-33	1.867869e-29	7.237761e-26	3.005910e-22	1.851875e-18	2.365211e-14	9.389756e-10	1.437039e-04	7.084235e-02
2.517518e+00	1.364064e-37	2.876628e-33	1.608387e-29	6.223014e-26	2.585202e-22	1.597113e-18	2.054124e-14	8.283478e-10	1.320173e-04	7.033170e-02
2.522523e+00	1.184549e-37	2.485273e-33	1.385285e-29	5.351689e-26	2.223778e-22	1.377578e-18	1.784050e-14	7.306996e-10	1.212413e-04	6.982393e-02
2.527528e+00	1.028935e-37	2.147712e-33	1.193416e-29	4.603357e-26	1.913228e-22	1.188375e-18	1.549569e-14	6.445160e-10	1.113088e-04	6.931909e-02
2.532533e+00	8.940022e-38	1.856477e-33	1.028368e-29	3.960518e-26	1.646345e-22	1.025293e-18	1.345983e-14	5.684576e-10	1.021570e-04	6.881721e-02
2.537538e+00	7.769718e-38	1.605145e-33	8.863581e-30	3.408182e-26	1.416948e-22	8.847077e-19	1.169210e-14	5.013404e-10	9.372789e-05	6.831833e-02
2.542543e+00	6.754410e-38	1.388193e-33	7.641415e-30	2.933507e-26	1.219735e-22	7.635003e-19	1.015713e-14	4.421184e-10	8.596714e-05	6.782247e-02
2.547548e+00	5.873336e-38	1.200871e-33	6.589340e-30	2.525485e-26	1.050162e-22	6.589864e-19	8.824203e-15	3.898670e-10	7.882438e-05	6.732966e-02
2.552553e+00	5.108544e-38	1.039090e-33	5.683471e-30	2.174682e-26	9.043273e-23	5.688553e-19	7.666657e-15	3.437694e-10	7.225277e-05	6.683992e-02
2.557558e+00	4.444513e-38	8.993329e-34	4.903303e-30	1.873011e-26	7.788865e-23	4.911175e-19	6.661365e-15	3.031040e-10	6.620878e-05	6.635327e-02
2.562563e+00	3.867814e-38	7.785703e-34	4.231233e-30	1.613533e-26	6.709680e-23	4.240602e-19	5.788255e-15	2.672332e-10	6.065201e-05	6.586972e-02
2.567568e+00	3.366829e-38	6.741943e-34	3.652148e-30	1.390301e-26	5.781075e-23	3.662085e-19	5.029903e-15	2.355942e-10	5.554497e-05	6.538928e-02
2.572573e+00	2.931503e-38	5.839585e-34	3.153063e-30	1.198209e-26	4.981895e-23	3.162920e-19	4.371189e-15	2.076896e-10	5.085287e-05	6.491197e-02
2.577578e+00	2.553131e-38	5.059276e-34	2.722824e-30	1.032880e-26	4.293978e-23	2.732167e-19	3.798990e-15	1.830803e-10	4.654347e-05	6.443779e-02
2.582583e+00	2.224176e-38	4.384337e-34	2.351848e-30	8.905534e-27	3.701728e-23	2.360400e-19	3.301912e-15	1.613787e-10	4.258689e-05	6.396675e-02
2.587588e+00	1.938109e-38	3.800393e-34	2.031896e-30	7.680033e-27	3.191747e-23	2.039500e-19	2.870068e-15	1.422425e-10	3.895546e-05	6.349884e-02
2.592593e+00	1.689273e-38	3.295048e-34	1.755884e-30	6.624591e-27	2.752528e-23	1.762469e-19	2.494874e-15	1.253694e-10	3.562355e-05	6.303408e-02
2.597598e+00	1.472767e-38	2.857615e-34	1.517723e-30	5.715417e-27	2.374186e-23	1.523278e-19	2.168879e-15	1.104927e-10	3.256745e-05	6.257246e-02
2.602603e+00	1.284341e-38	2.478871e-34	1.312173e-30	4.932074e-27	2.048222e-23	1.316731e-19	1.885613e-15	9.737694e-11	2.976525e-05	6.211398e-02
2.607608e+00	1.120310e-38	2.150860e-34	1.134728e-30	4.257003e-27	1.767336e-23	1.138349e-19	1.639459e-15	8.581440e-11	2.719666e-05	6.165864e-02
2.612613e+00	9.774802e-39	1.866717e-34	9.815084e-31	3.675115e-27	1.525248e-23	9.842704e-20	1.425543e-15	7.562167e-11	2.484296e-05	6.120643e-02
2.617618e+00	8.530783e-39	1.620512e-34	8.491762e-31	3.173441e-27	1.316563e-23	8.511657e-20	1.239629e-15	6.663697e-11	2.268683e-05	6.075734e-02
2.622623e+00	7.446991e-39	1.407128e-34	7.348573e-31	2.740832e-27	1.136639e-23	7.361642e-20	1.078041e-15	5.871752e-11	2.071231e-05	6.031137e-02
2.627628e+00	6.502547e-39	1.222143e-34	6.360767e-31	2.367702e-27	9.814841e-24	6.367903e-20	9.375861e-16	5.173739e-11	1.890465e-05	5.986850e-02
2.632633e+00	5.679324e-39	1.061739e-34	5.507025e-31	2.045803e-27	8.476638e-24	5.509084e-20	8.154928e-16	4.558544e-11	1.725025e-05	5.942874e-02
2.637638e+00	4.961580e-39	9.226139e-35	4.768981e-31	1.768043e-27	7.322236e-24	4.766767e-20	7.093531e-16	4.016368e-11	1.573657e-05	5.899206e-02
2.642643e+00	4.335640e-39	8.019160e-35	4.130806e-31	1.528320e-27	6.326211e-24	4.125057e-20	6.170757e-16	3.538565e-11	1.435204e-05	5.855846e-02
2.647648e+00	3.789623e-39	6.971787e-35	3.578860e-31	1.321380e-27	5.466677e-24	3.570244e-20	5.368444e-16	3.117510e-11	1.308602e-05	5.812793e-02
2.652653e+00	3.313204e-39	6.062691e-35	3.101381e-31	1.142702e-27	4.724796e-24	3.090493e-20	4.670817e-16	2.746478e-11	1.192869e-05	5.770045e-02
2.657658e+00	2.897407e-39	5.273423e-35	2.688226e-31	9.883951e-28	4.084346e-24	2.675591e-20	4.064172e-16	2.419540e-11	1.087104e-05	5.727600e-02
2.662663e+00	2.534426e-39	4.588022e-35	2.330648e-31	8.551060e-28	3.531360e-24	2.316722e-20	3.536603e-16	2.131467e-11	9.904733e-06	5.685459e-02
2.667668e+00	2.217472e-39	3.992674e-35	2.021098e-31	7.399478e-28	3.053805e-24	2.006276e-20	3.077769e-16	1.877647e-11	9.022142e-06	5.643618e-02
2.672673e+00	1.940640e-39	3.475421e-35	1.753065e-31	6.404334e-28	2.641317e-24	1.737680e-20	2.678685e-16	1.654016e-11	8.216233e-06	5.602077e-02
2.677678e+00	1.698791e-39	3.025910e-35	1.520927e-31	5.544194e-28	2.284966e-24	1.505261e-20	2.331542e-16	1.456989e-11	7.480543e-06	5.560834e-02
2.682683e+00	1.487451e-39	2.635174e-35	1.319831e-31	4.800589e-28	1.977055e-24	1.304118e-20	2.029558e-16	1.283407e-11	6.809137e-06	5.519887e-02
2.687688e+00	1.302725e-39	2.295447e-35	1.145585e-31	4.157593e-28	1.710953e-24	1.130016e-20	1.766837e-16	1.130485e-11	6.196559e-06	5.479235e-02
2.692693e+00	1.141221e-39	1.999998e-35	9.945708e-32	3.601479e-28	1.480939e-24	9.792997e-21	1.538256e-16	9.957678e-12	5.637803e-06	5.438877e-02
2.697698e+00	9.999860e-40	1.742994e-35	8.636606e-32	3.120406e-28	1.282083e-24	8.488089e-21	1.339363e-16	8.770912e-12	5.128273e-06	5.398810e-02
2.702703e+00	8.764451e-40	1.519380e-35	7.501521e-32	2.704160e-28	1.110134e-24	7.358133e-21	1.166287e-16	7.725480e-12	4.663751e-06	5.359033e-02
2.707708e+00	7.683549e-40	1.324769e-35	6.517098e-32	2.343931e-28	9.614225e-25	6.379533e-21	1.015666e-16	6.804573e-12	4.240369e-06	5.319544e-02
2.712713e+00	6.737598e-40	1.155361e-35	5.663145e-32	2.032116e-28	8.327858e-25	5.531894e-21	8.845750e-17	5.993376e-12	3.854581e-06	5.280341e-02
2.717718e+00	5.909547e-40	1.007856e-35	4.922203e-32	1.762150e-28	7.214934e-25	4.797584e-21	7.704726e-17	5.278833e-12	3.503137e-06	5.241423e-02
2.722723e+00	5.184524e-40	8.793912e-36	4.279170e-32	1.528368e-28	6.251891e-25	4.161360e-21	6.711486e-17	4.649442e-12	3.183056e-06	5.202788e-02
2.727728e+00	4.549554e-40	7.674828e-36	3.720983e-32	1.325879e-28	5.418392e-25	3.610040e-21	5.846816e-17	4.095064e-12	2.891612e-06	5.164434e-02
2.732733e+00	3.993317e-40	6.699737e-36	3.236336e-32	1.150458e-28	4.696880e-25	3.132225e-21	5.094010e-17	3.606767e-12	2.626306e-06	5.126359e-02
2.737738e+00	3.505933e-40	5.849910e-36	2.815447e-32	9.984535e-29	4.072194e-25	2.718054e-21	4.438539e-17	3.176682e-12	2.384851e-06	5.088562e-02
2.742743e+00	3.078775e-40	5.109081e-36	2.449844e-32	8.667133e-29	3.531241e-25	2.358998e-21	3.867769e-17	2.797873e-12	2.165154e-06	5.051041e-02
2.747748e+00	2.704310e-40	4.463117e-36	2.132196e-32	7.525119e-29	3.062713e-25	2.047678e-21	3.370709e-17	2.464232e-12	1.965300e-06	5.013794e-02
2.752753e+00	2.375959e-40	3.899739e-36	1.856149e-32	6.534940e-29	2.656838e-25	1.777707e-21	2.937804e-17	2.170375e-12	1.783540e-06	4.976819e-02
2.757758e+00	2.087974e-40	3.408272e-36	1.616202e-32	5.676230e-29	2.305175e-25	1.543560e-21	2.560740e-17	1.911562e-12	1.618272e-06	4.940114e-02
2.762763e+00	1.835333e-40	2.979437e-36	1.407588e-32	4.931379e-29	2.000426e-25	1.340453e-21	2.232283e-17	1.683616e-12	1.468034e-06	4.903678e-02
2.767768e+00	1.613644e-40	2.605165e-36	1.226174e-32	4.285157e-29	1.736285e-25	1.164246e-21	1.946142e-17	1.482856e-12	1.331488e-06	4.867508e-02
2.772773e+00	1.419069e-40	2.278438e-36	1.068378e-32	3.724388e-29	1.507300e-25	1.011353e-21	1.696843e-17	1.306041e-12	1.207414e-06	4.831604e-02
2.777778e+00	1.248252e-40	1.993148e-36	9.310957e-33	3.237672e-29	1.308754e-25	8.786703e-22	1.479623e-17	1.150316e-12	1.094698e-06	4.795962e-02
2.782783e+00	1.098255e-40	1.743984e-36	8.116334e-33	2.815142e-29	1.136570e-25	7.635092e-22	1.290335e-17	1.013166e-12	9.923202e-07	4.760582e-02
2.787788e+00	9.665096e-41	1.526320e-36	7.076550e-33	2.448260e-29	9.872203e-26	6.635412e-22	1.125373e-17	8.923747e-13	8.993531e-07	4.725462e-02
2.792793e+00	8.507681e-41	1.336129e-36	6.171334e-33	2.129629e-29	8.576535e-26	5.767491e-22	9.815973e-18	7.859918e-13	8.149489e-07	4.690599e-02
2.797798e+00	7.490621e-41	1.169907e-36	5.383098e-33	1.852848e-29	7.452284e-26	5.013850e-22	8.562750e-18	6.922983e-13	7.383346e-07	4.655993e-02
2.802803e+00	6.596687e-41	1.024598e-36	4.696573e-33	1.612371e-29	6.476595e-26	4.359346e-22	7.470273e-18	6.097805e-13	6.688053e-07	4.621640e-02
2.807808e+00	5.810788e-41	8.975426e-37	4.098502e-33	1.403392e-29	5.629680e-26	3.790853e-22	6.517833e-18	5.371051e-13	6.057185e-07	4.587540e-02
2.812813e+00	5.119707e-41	7.864221e-37	3.577375e-33	1.221750e-29	4.894411e-26	3.296994e-22	5.687399e-18	4.730978e-13	5.484885e-07	4.553691e-02
2.817818e+00	4.511861e-41	6.892159e-37	3.123193e-33	1.063835e-29	4.255953e-26	2.867908e-22	4.963274e-18	4.167245e-13	4.965817e-07	4.520090e-02
2.822823e+00	3.977102e-41	6.041621e-37	2.727270e-33	9.265205e-30	3.701457e-26	2.495044e-22	4.331786e-18	3.670743e-13	4.495120e-07	4.486737e-02
2.827828e+00	3.506533e-41	5.297245e-37	2.382056e-33	8.070947e-30	3.219796e-26	2.170986e-22	3.781030e-18	3.233452e-13	4.068368e-07	4.453629e-02
2.832833e+00	3.092352e-41	4.645633e-37	2.080992e-33	7.032060e-30	2.801325e-26	1.889304e-22	3.300639e-18	2.848306e-13	3.681531e-07	4.420765e-02
2.837838e+00	2.727718e-41	4.075095e-37	1.818374e-33	6.128145e-30	2.437688e-26	1.644420e-22	2.881580e-18	2.509084e-13	3.330940e-07	4.388143e-02
2.842843e+00	2.406631e-41	3.575431e-37	1.589243e-33	5.341508e-30	2.121643e-26	1.431494e-22	2.515988e-18	2.210306e-13	3.013258e-07	4.355761e-02
2.847848e+00	2.123824e-41	3.137738e-37	1.389285e-33	4.656793e-30	1.846910e-26	1.246329e-22	2.197009e-18	1.947148e-13	2.725447e-07	4.323617e-02
2.852853e+00	1.874677e-41	2.754243e-37	1.214748e-33	4.060673e-30	1.608047e-26	1.085281e-22	1.918671e-18	1.715359e-13	2.464745e-07	4.291710e-02
2.857858e+00	1.655133e-41	2.418160e-37	1.062367e-33	3.541581e-30	1.400332e-26	9.451877e-23	1.675772e-18	1.511198e-13	2.228641e-07	4.260039e-02
2.862863e+00	1.461631e-41	2.123561e-37	9.293015e-34	3.089472e-30	1.219671e-26	8.233039e-23	1.463778e-18	1.331368e-13	2.014850e-07	4.228601e-02
2.867868e+00	1.291043e-41	1.865267e-37	8.130776e-34	2.695622e-30	1.062512e-26	7.172470e-23	1.278739e-18	1.172967e-13	1.821297e-07	4.197394e-02
2.872873e+00	1.140621e-41	1.638755e-37	7.115419e-34	2.352456e-30	9.257719e-27	6.249478e-23	1.117210e-18	1.033439e-13	1.646096e-07	4.166418e-02
2.877878e+00	1.007952e-41	1.440069e-37	6.228192e-34	2.053390e-30	8.067767e-27	5.446096e-23	9.761894e-19	9.105334e-14	1.487534e-07	4.135670e-02
2.882883e+00	8.909138e-42	1.265752e-37	5.452759e-34	1.792705e-30	7.032049e-27	4.746718e-23	8.530613e-19	8.022672e-14	1.344054e-07	4.105150e-02
2.887888e+00	7.876415e-42	1.112781e-37	4.774889e-34	1.565429e-30	6.130410e-27	4.137788e-23	7.455440e-19	7.068948e-14	1.214242e-07	4.074854e-02
2.892893e+00	6.964955e-42	9.785127e-38	4.182181e-34	1.367242e-30	5.345351e-27	3.607528e-23	6.516485e-19	6.228790e-14	1.096815e-07	4.044782e-02
2.897898e+00	6.160340e-42	8.606345e-38	3.663824e-34	1.194385e-30	4.661675e-27	3.145704e-23	5.696405e-19	5.488655e-14	9.906088e-08	4.014931e-02
2.902903e+00	5.449886e-42	7.571226e-38	3.210395e-34	1.043590e-30	4.066180e-27	2.743423e-23	4.980073e-19	4.836622e-14	8.945658e-08	3.985302e-02
2.907908e+00	4.822434e-42	6.662063e-38	2.813678e-34	9.120166e-31	3.547400e-27	2.392955e-23	4.354299e-19	4.262187e-14	8.077270e-08	3.955891e-02
2.912913e+00	4.268164e-42	5.863353e-38	2.466505e-34	7.971905e-31	3.095370e-27	2.087580e-23	3.807576e-19	3.756104e-14	7.292222e-08	3.926697e-02
2.917918e+00	3.778431e-42	5.161524e-38	2.162625e-34	6.969603e-31	2.701430e-27	1.821456e-23	3.329867e-19	3.310226e-14	6.582622e-08	3.897718e-02
2.922923e+00	3.345625e-42	4.544690e-38	1.896584e-34	6.094534e-31	2.358054e-27	1.589502e-23	2.912416e-19	2.917381e-14	5.941314e-08	3.868954e-02
2.927928e+00	2.963045e-42	4.002439e-38	1.663620e-34	5.330393e-31	2.058697e-27	1.387301e-23	2.547583e-19	2.571251e-14	5.361810e-08	3.840402e-02
2.932933e+00	2.624788e-42	3.525650e-38	1.459578e-34	4.662987e-31	1.797669e-27	1.211008e-23	2.228700e-19	2.266271e-14	4.838230e-08	3.812062e-02
2.937938e+00	2.325652e-42	3.106329e-38	1.280829e-34	4.079954e-31	1.570021e-27	1.057281e-23	1.949950e-19	1.997542e-14	4.365243e-08	3.783930e-02
2.942943e+00	2.061056e-42	2.737469e-38	1.124207e-34	3.570527e-31	1.371450e-27	9.232108e-24	1.706257e-19	1.760746e-14	3.938022e-08	3.756007e-02
2.947948e+00	1.826960e-42	2.412928e-38	9.869419e-35	3.125325e-31	1.198209e-27	8.062662e-24	1.493187e-19	1.552083e-14	3.552190e-08	3.728290e-02
2.952953e+00	1.619803e-42	2.127318e-38	8.666175e-35	2.736175e-31	1.047041e-27	7.042440e-24	1.306872e-19	1.368204e-14	3.203786e-08	3.700778e-02
2.957958e+00	1.436445e-42	1.875917e-38	7.611207e-35	2.395952e-31	9.151103e-28	6.152264e-24	1.143934e-19	1.206159e-14	2.889220e-08	3.673469e-02
2.962963e+00	1.274117e-42	1.654579e-38	6.686052e-35	2.098446e-31	7.999471e-28	5.375440e-24	1.001426e-19	1.063351e-14	2.605245e-08	3.646362e-02
2.967968e+00	1.130376e-42	1.459667e-38	5.874567e-35	1.838243e-31	6.994027e-28	4.697428e-24	8.767704e-20	9.374922e-15	2.348918e-08	3.619455e-02
2.972973e+00	1.003066e-42	1.287990e-38	5.162639e-35	1.610620e-31	6.116056e-28	4.105571e-24	7.677198e-20	8.265660e-15	2.117578e-08	3.592748e-02
2.977978e+00	8.902850e-43	1.136746e-38	4.537923e-35	1.411460e-31	5.349261e-28	3.588841e-24	6.723099e-20	7.287974e-15	1.908814e-08	3.566238e-02
2.982983e+00	7.903528e-43	1.003474e-38	3.989624e-35	1.237169e-31	4.679442e-28	3.137633e-24	5.888250e-20	6.426223e-15	1.720448e-08	3.539924e-02
2.987988e+00	7.017869e-43	8.860134e-39	3.508294e-35	1.084612e-31	4.094231e-28	2.743578e-24	5.157665e-20	5.666629e-15	1.550507e-08	3.513805e-02
2.992993e+00	6.232777e-43	7.824671e-39	3.085668e-35	9.510518e-32	3.582849e-28	2.399383e-24	4.518250e-20	4.997056e-15	1.397208e-08	3.487879e-02
2.997998e+00	5.536684e-43	6.911672e-39	2.714508e-35	8.341012e-32	3.135902e-28	2.098695e-24	3.958565e-20	4.406810e-15	1.258937e-08	3.462145e-02
3.003003e+00	4.919371e-43	6.106484e-39	2.388481e-35	7.316743e-32	2.745201e-28	1.835974e-24	3.468614e-20	3.886471e-15	1.134236e-08	3.436601e-02
3.008008e+00	4.371804e-43	5.396227e-39	2.102040e-35	6.419500e-32	2.403607e-28	1.606389e-24	3.039658e-20	3.427740e-15	1.021786e-08	3.411247e-02
3.013013e+00	3.886002e-43	4.769577e-39	1.850328e-35	5.633377e-32	2.104896e-28	1.405732e-24	2.664061e-20	3.023305e-15	9.203952e-09	3.386080e-02
3.018018e+00	3.454906e-43	4.216576e-39	1.629088e-35	4.944479e-32	1.843636e-28	1.230330e-24	2.335150e-20	2.666724e-15	8.289859e-09	3.361099e-02
3.023023e+00	3.072275e-43	3.728467e-39	1.434592e-35	4.340664e-32	1.615092e-28	1.076980e-24	2.047087e-20	2.352321e-15	7.465847e-09	3.336303e-02
3.028028e+00	2.732590e-43	3.297544e-39	1.263572e-35	3.811323e-32	1.415131e-28	9.428911e-25	1.794771e-20	2.075093e-15	6.723120e-09	3.311691e-02
3.033033e+00	2.430967e-43	2.917030e-39	1.113165e-35	3.347179e-32	1.240148e-28	8.256246e-25	1.573740e-20	1.830633e-15	6.053731e-09	3.287261e-02
3.038038e+00	2.163086e-43	2.580956e-39	9.808585e-36	2.940125e-32	1.086995e-28	7.230545e-25	1.380093e-20	1.615059e-15	5.450502e-09	3.263012e-02
3.043043e+00	1.925121e-43	2.284073e-39	8.644514e-36	2.583069e-32	9.529247e-29	6.333253e-25	1.210417e-20	1.424948e-15	4.906950e-09	3.238942e-02
3.048048e+00	1.713689e-43	2.021754e-39	7.620124e-36	2.269810e-32	8.355393e-29	5.548173e-25	1.061729e-20	1.257283e-15	4.417223e-09	3.215051e-02
3.053053e+00	1.525791e-43	1.789930e-39	6.718472e-36	1.994924e-32	7.327440e-29	4.861167e-25	9.314163e-21	1.109409e-15	3.976033e-09	3.191337e-02
3.058058e+00	1.358775e-43	1.585011e-39	5.924692e-36	1.753663e-32	6.427093e-29	4.259890e-25	8.171953e-21	9.789810e-16	3.578610e-09	3.167798e-02
3.063063e+00	1.210288e-43	1.403839e-39	5.225739e-36	1.541874e-32	5.638372e-29	3.733565e-25	7.170673e-21	8.639361e-16	3.220647e-09	3.144434e-02
3.068068e+00	1.078247e-43	1.243628e-39	4.610162e-36	1.355921e-32	4.947317e-29	3.272776e-25	6.292829e-21	7.624544e-16	2.898257e-09	3.121242e-02
3.073073e+00	9.608082e-44	1.101926e-39	4.067906e-36	1.192622e-32	4.341726e-29	2.869302e-25	5.523116e-21	6.729322e-16	2.607932e-09	3.098223e-02
3.078078e+00	8.563339e-44	9.765667e-40	3.590144e-36	1.049189e-32	3.810937e-29	2.515959e-25	4.848134e-21	5.939559e-16	2.346507e-09	3.075374e-02
3.083083e+00	7.633743e-44	8.656441e-40	3.169121e-36	9.231808e-33	3.345629e-29	2.206471e-25	4.256155e-21	5.242795e-16	2.111126e-09	3.052694e-02
3.088088e+00	6.806434e-44	7.674754e-40	2.798024e-36	8.124605e-33	2.937651e-29	1.935353e-25	3.736910e-21	4.628044e-16	1.899214e-09	3.030183e-02
3.093093e+00	6.070009e-44	6.805766e-40	2.470870e-36	7.151545e-33	2.579877e-29	1.697811e-25	3.281410e-21	4.085624e-16	1.708448e-09	3.007838e-02
3.098098e+00	5.414350e-44	6.036383e-40	2.182397e-36	6.296214e-33	2.266074e-29	1.489656e-25	2.881780e-21	3.606997e-16	1.536732e-09	2.985658e-02
3.103103e+00	4.830481e-44	5.355050e-40	1.927982e-36	5.544228e-33	1.990790e-29	1.307224e-25	2.531128e-21	3.184637e-16	1.382178e-09	2.963644e-02
3.108108e+00	4.310437e-44	4.751570e-40	1.703559e-36	4.882973e-33	1.749255e-29	1.147311e-25	2.223412e-21	2.811909e-16	1.243081e-09	2.941792e-02
3.113113e+00	3.847148e-44	4.216940e-40	1.505555e-36	4.301394e-33	1.537293e-29	1.007116e-25	1.953345e-21	2.482960e-16	1.117906e-09	2.920102e-02
3.118118e+00	3.434337e-44	3.743209e-40	1.330824e-36	3.789794e-33	1.351252e-29	8.841891e-26	1.716290e-21	2.192632e-16	1.005268e-09	2.898573e-02
3.123123e+00	3.066430e-44	3.323357e-40	1.176601e-36	3.339669e-33	1.187933e-29	7.763868e-26	1.508189e-21	1.936376e-16	9.039209e-10	2.877204e-02
3.128128e+00	2.738478e-44	2.951182e-40	1.040453e-36	2.943557e-33	1.044536e-29	6.818334e-26	1.325482e-21	1.710179e-16	8.127385e-10	2.855993e-02
3.133133e+00	2.446084e-44	2.621204e-40	9.202377e-37	2.594911e-33	9.186087e-30	5.988881e-26	1.165051e-21	1.510503e-16	7.307082e-10	2.834939e-02
3.138138e+00	2.185339e-44	2.328581e-40	8.140698e-37	2.287987e-33	8.080038e-30	5.261144e-26	1.024164e-21	1.334229e-16	6.569167e-10	2.814041e-02
3.143143e+00	1.952773e-44	2.069033e-40	7.202897e-37	2.017741e-33	7.108399e-30	4.622554e-26	9.004253e-22	1.178604e-16	5.905414e-10	2.793298e-02
3.148148e+00	1.745299e-44	1.838775e-40	6.374360e-37	1.779746e-33	6.254688e-30	4.062102e-26	7.917338e-22	1.041200e-16	5.308414e-10	2.772709e-02
3.153153e+00	1.560173e-44	1.634462e-40	5.642214e-37	1.570114e-33	5.504463e-30	3.570153e-26	6.962483e-22	9.198768e-17	4.771490e-10	2.752273e-02
3.158158e+00	1.394955e-44	1.453135e-40	4.995121e-37	1.385430e-33	4.845064e-30	3.138267e-26	6.123543e-22	8.127457e-17	4.288631e-10	2.731988e-02
3.163163e+00	1.247477e-44	1.292177e-40	4.423090e-37	1.222696e-33	4.265396e-30	2.759053e-26	5.386357e-22	7.181404e-17	3.854423e-10	2.711854e-02
3.168168e+00	1.115806e-44	1.149270e-40	3.917317e-37	1.079276e-33	3.755730e-30	2.426037e-26	4.738503e-22	6.345910e-17	3.463988e-10	2.691869e-02
3.173173e+00	9.982271e-45	1.022367e-40	3.470040e-37	9.528546e-34	3.307535e-30	2.133544e-26	4.169088e-22	5.608007e-17	3.112938e-10	2.672032e-02
3.178178e+00	8.932102e-45	9.096527e-41	3.074420e-37	8.413963e-34	2.913328e-30	1.876605e-26	3.668553e-22	4.956254e-17	2.797319e-10	2.652342e-02
3.183183e+00	7.993954e-45	8.095213e-41	2.724422e-37	7.431121e-34	2.566548e-30	1.650863e-26	3.228513e-22	4.380554e-17	2.513574e-10	2.632798e-02
3.188188e+00	7.155715e-45	7.205509e-41	2.414727e-37	6.564288e-34	2.261434e-30	1.452501e-26	2.841608e-22	3.871999e-17	2.258499e-10	2.613400e-02
3.193193e+00	6.406600e-45	6.414822e-41	2.140642e-37	5.799633e-34	1.992936e-30	1.278169e-26	2.501382e-22	3.422728e-17	2.029210e-10	2.594145e-02
3.198198e+00	5.737005e-45	5.711996e-41	1.898026e-37	5.124986e-34	1.756618e-30	1.124935e-26	2.202165e-22	3.025804e-17	1.823114e-10	2.575033e-02
3.203203e+00	5.138374e-45	5.087147e-41	1.683226e-37	4.529645e-34	1.548588e-30	9.902237e-27	1.938983e-22	2.675103e-17	1.637874e-10	2.556062e-02
3.208208e+00	4.603082e-45	4.531518e-41	1.493015e-37	4.004190e-34	1.365428e-30	8.717782e-27	1.707467e-22	2.365221e-17	1.471391e-10	2.537233e-02
3.213213e+00	4.124337e-45	4.037345e-41	1.324548e-37	3.540334e-34	1.204137e-30	7.676186e-27	1.503782e-22	2.091389e-17	1.321771e-10	2.518543e-02
3.218218e+00	3.696083e-45	3.597747e-41	1.175311e-37	3.130780e-34	1.062081e-30	6.760078e-27	1.324561e-22	1.849396e-17	1.187316e-10	2.499991e-02
3.223223e+00	3.312923e-45	3.206622e-41	1.043083e-37	2.769106e-34	9.369431e-31	5.954217e-27	1.166846e-22	1.635524e-17	1.066494e-10	2.481578e-02
3.228228e+00	2.970042e-45	2.858559e-41	9.259050e-38	2.449656e-34	8.266905e-31	5.245228e-27	1.028038e-22	1.446494e-17	9.579276e-11	2.463300e-02
3.233233e+00	2.663149e-45	2.548758e-41	8.220435e-38	2.167450e-34	7.295358e-31	4.621369e-27	9.058572e-23	1.279407e-17	8.603796e-11	2.445159e-02
3.238238e+00	2.388415e-45	2.272960e-41	7.299683e-38	1.918101e-34	6.439085e-31	4.072336e-27	7.982974e-23	1.131705e-17	7.727356e-11	2.427152e-02
3.243243e+00	2.142423e-45	2.027387e-41	6.483266e-38	1.697743e-34	5.684281e-31	3.589080e-27	7.035974e-23	1.001132e-17	6.939940e-11	2.409279e-02
3.248248e+00	1.922125e-45	1.808685e-41	5.759226e-38	1.502970e-34	5.018807e-31	3.163656e-27	6.202096e-23	8.856904e-18	6.232536e-11	2.391538e-02
3.253253e+00	1.724800e-45	1.613877e-41	5.116992e-38	1.330781e-34	4.431994e-31	2.789085e-27	5.467734e-23	7.836209e-18	5.597045e-11	2.373929e-02
3.258258e+00	1.548019e-45	1.440321e-41	4.547215e-38	1.178530e-34	3.914454e-31	2.459240e-27	4.820932e-23	6.933677e-18	5.026180e-11	2.356450e-02
3.263263e+00	1.389615e-45	1.285668e-41	4.041628e-38	1.043885e-34	3.457934e-31	2.168734e-27	4.251180e-23	6.135568e-18	4.513391e-11	2.339101e-02
3.268268e+00	1.247649e-45	1.147834e-41	3.592914e-38	9.247870e-35	3.055171e-31	1.912838e-27	3.749235e-23	5.429749e-18	4.052790e-11	2.321881e-02
3.273273e+00	1.120394e-45	1.024967e-41	3.194605e-38	8.194233e-35	2.699775e-31	1.687394e-27	3.306974e-23	4.805502e-18	3.639083e-11	2.304789e-02
3.278278e+00	1.006302e-45	9.154215e-42	2.840971e-38	7.261931e-35	2.386122e-31	1.488747e-27	2.917251e-23	4.253357e-18	3.267509e-11	2.287823e-02
3.283283e+00	9.039947e-46	8.177348e-42	2.526946e-38	6.436844e-35	2.109264e-31	1.313687e-27	2.573782e-23	3.764951e-18	2.933791e-11	2.270984e-02
3.288288e+00	8.122368e-46	7.306070e-42	2.248041e-38	5.706512e-35	1.864841e-31	1.159388e-27	2.271040e-23	3.332892e-18	2.634083e-11	2.254269e-02
3.293293e+00	7.299255e-46	6.528824e-42	2.000283e-38	5.059940e-35	1.649020e-31	1.023368e-27	2.004161e-23	2.950651e-18	2.364929e-11	2.237678e-02
3.298298e+00	6.560748e-46	5.835334e-42	1.780154e-38	4.487420e-35	1.458419e-31	9.034442e-28	1.768869e-23	2.612458e-18	2.123223e-11	2.221211e-02
3.303303e+00	5.898030e-46	5.216461e-42	1.584537e-38	3.980380e-35	1.290065e-31	7.976948e-28	1.561398e-23	2.313213e-18	1.906173e-11	2.204866e-02
3.308308e+00	5.303214e-46	4.664073e-42	1.410671e-38	3.531253e-35	1.141336e-31	7.044306e-28	1.378437e-23	2.048411e-18	1.711270e-11	2.188641e-02
3.313313e+00	4.769245e-46	4.170940e-42	1.256109e-38	3.133353e-35	1.009922e-31	6.221651e-28	1.217069e-23	1.814070e-18	1.536261e-11	2.172538e-02
3.318318e+00	4.289813e-46	3.730623e-42	1.118683e-38	2.780776e-35	8.937875e-32	5.495903e-28	1.074728e-23	1.606668e-18	1.379119e-11	2.156554e-02
3.323323e+00	3.859268e-46	3.337394e-42	9.964719e-39	2.468305e-35	7.911395e-32	4.855549e-28	9.491553e-24	1.423096e-18	1.238025e-11	2.140688e-02
3.328328e+00	3.472557e-46	2.986153e-42	8.877708e-39	2.191328e-35	7.003965e-32	4.290456e-28	8.383611e-24	1.260601e-18	1.111343e-11	2.124940e-02
3.333333e+00	3.125154e-46	2.672361e-42	7.910691e-39	1.945770e-35	6.201646e-32	3.791704e-28	7.405941e-24	1.116753e-18	9.976057e-12	2.109309e-02
3.338338e+00	2.813007e-46	2.391973e-42	7.050266e-39	1.728031e-35	5.492144e-32	3.351437e-28	6.543116e-24	9.894018e-19	8.954918e-12	2.093794e-02
3.343343e+00	2.532488e-46	2.141389e-42	6.284547e-39	1.534924e-35	4.864617e-32	2.962740e-28	5.781550e-24	8.766463e-19	8.038163e-12	2.078394e-02
3.348348e+00	2.280347e-46	1.917399e-42	5.602988e-39	1.363633e-35	4.309503e-32	2.619519e-28	5.109274e-24	7.768058e-19	7.215141e-12	2.063109e-02
3.353353e+00	2.053674e-46	1.717146e-42	4.996231e-39	1.211668e-35	3.818364e-32	2.316409e-28	4.515746e-24	6.883938e-19	6.476287e-12	2.047936e-02
3.358358e+00	1.849858e-46	1.538081e-42	4.455970e-39	1.076824e-35	3.383756e-32	2.048681e-28	3.991675e-24	6.100959e-19	5.813008e-12	2.032877e-02
3.363363e+00	1.666564e-46	1.377935e-42	3.974832e-39	9.571510e-36	2.999108e-32	1.812171e-28	3.528875e-24	5.407493e-19	5.217589e-12	2.017929e-02
3.368368e+00	1.501695e-46	1.234682e-42	3.546271e-39	8.509248e-36	2.658622e-32	1.603206e-28	3.120130e-24	4.793257e-19	4.683096e-12	2.003092e-02
3.373373e+00	1.353373e-46	1.106518e-42	3.164473e-39	7.566178e-36	2.357178e-32	1.418550e-28	2.759081e-24	4.249154e-19	4.203307e-12	1.988365e-02
3.378378e+00	1.219913e-46	9.918334e-43	2.824277e-39	6.728783e-36	2.090255e-32	1.255352e-28	2.440123e-24	3.767136e-19	3.772631e-12	1.973748e-02
3.383383e+00	1.099807e-46	8.891919e-43	2.521096e-39	5.985092e-36	1.853861e-32	1.111096e-28	2.158313e-24	3.340085e-19	3.386047e-12	1.959239e-02
3.388388e+00	9.916973e-47	7.973127e-43	2.250854e-39	5.324507e-36	1.644470e-32	9.835651e-29	1.909293e-24	2.961700e-19	3.039048e-12	1.944837e-02
3.393393e+00	8.943700e-47	7.150527e-43	2.009931e-39	4.737641e-36	1.458968e-32	8.708024e-29	1.689220e-24	2.626408e-19	2.727585e-12	1.930543e-02
3.398398e+00	8.067341e-47	6.413919e-43	1.795108e-39	4.216177e-36	1.294601e-32	7.710833e-29	1.494704e-24	2.329276e-19	2.448024e-12	1.916354e-02
3.403403e+00	7.278109e-47	5.754198e-43	1.603524e-39	3.752749e-36	1.148940e-32	6.828857e-29	1.322756e-24	2.065939e-19	2.197100e-12	1.902271e-02
3.408408e+00	6.567218e-47	5.163235e-43	1.432636e-39	3.340826e-36	1.019832e-32	6.048668e-29	1.170738e-24	1.832533e-19	1.971884e-12	1.888292e-02
3.413413e+00	5.926780e-47	4.633770e-43	1.280181e-39	2.974622e-36	9.053798e-33	5.358415e-29	1.036324e-24	1.625640e-19	1.769745e-12	1.874417e-02
3.418418e+00	5.349715e-47	4.159321e-43	1.144147e-39	2.649007e-36	8.039021e-33	4.747641e-29	9.174587e-25	1.442231e-19	1.588319e-12	1.860645e-02
3.423423e+00	4.829661e-47	3.734096e-43	1.022745e-39	2.359434e-36	7.139138e-33	4.207114e-29	8.123312e-25	1.279628e-19	1.425487e-12	1.846975e-02
3.428428e+00	4.360905e-47	3.352924e-43	9.143813e-40	2.101870e-36	6.341011e-33	3.728683e-29	7.193417e-25	1.135458e-19	1.279345e-12	1.833407e-02
3.433433e+00	3.938315e-47	3.011180e-43	8.176398e-40	1.872737e-36	5.633019e-33	3.305151e-29	6.370784e-25	1.007620e-19	1.148182e-12	1.819939e-02
3.438438e+00	3.557279e-47	2.704733e-43	7.312589e-40	1.668863e-36	5.004883e-33	2.930163e-29	5.642949e-25	8.942543e-20	1.030465e-12	1.806571e-02
3.443443e+00	3.213652e-47	2.429890e-43	6.541157e-40	1.487433e-36	4.447504e-33	2.598106e-29	4.998905e-25	7.937140e-20	9.248164e-13	1.793302e-02
3.448448e+00	2.903708e-47	2.183348e-43	5.852104e-40	1.325949e-36	3.952834e-33	2.304021e-29	4.428933e-25	7.045403e-20	8.299993e-13	1.780132e-02
3.453453e+00	2.624099e-47	1.962157e-43	5.236529e-40	1.182194e-36	3.513746e-33	2.043528e-29	3.924452e-25	6.254414e-20	7.449040e-13	1.767060e-02
3.458458e+00	2.371813e-47	1.763674e-43	4.686501e-40	1.054200e-36	3.123933e-33	1.812755e-29	3.477878e-25	5.552728e-20	6.685340e-13	1.754084e-02
3.463463e+00	2.144141e-47	1.585539e-43	4.194958e-40	9.402204e-37	2.777809e-33	1.608281e-29	3.082516e-25	4.930208e-20	5.999950e-13	1.741205e-02
3.468468e+00	1.938648e-47	1.425637e-43	3.755606e-40	8.387034e-37	2.470429e-33	1.427082e-29	2.732447e-25	4.377875e-20	5.384844e-13	1.728421e-02
3.473473e+00	1.753141e-47	1.282079e-43	3.362837e-40	7.482715e-37	2.197413e-33	1.266486e-29	2.422444e-25	3.887773e-20	4.832815e-13	1.715732e-02
3.478478e+00	1.585648e-47	1.153171e-43	3.011651e-40	6.677007e-37	1.954880e-33	1.124128e-29	2.147887e-25	3.452850e-20	4.337397e-13	1.703138e-02
3.483483e+00	1.434395e-47	1.037399e-43	2.697594e-40	5.959038e-37	1.739391e-33	9.979192e-30	1.904691e-25	3.066862e-20	3.892785e-13	1.690636e-02
3.488488e+00	1.297785e-47	9.334069e-44	2.416693e-40	5.319149e-37	1.547902e-33	8.860108e-30	1.689247e-25	2.724270e-20	3.493769e-13	1.678228e-02
3.493493e+00	1.174379e-47	8.399800e-44	2.165404e-40	4.748754e-37	1.377712e-33	7.867678e-30	1.498364e-25	2.420171e-20	3.135673e-13	1.665911e-02
3.498498e+00	1.062883e-47	7.560309e-44	1.940569e-40	4.240221e-37	1.226428e-33	6.987440e-30	1.329221e-25	2.150214e-20	2.814300e-13	1.653686e-02
3.503504e+00	9.621304e-48	6.805855e-44	1.739369e-40	3.786766e-37	1.091929e-33	6.206595e-30	1.179322e-25	1.910544e-20	2.525885e-13	1.641551e-02
3.508509e+00	8.710708e-48	6.127709e-44	1.559289e-40	3.382358e-37	9.723333e-34	5.513819e-30	1.046461e-25	1.697746e-20	2.267047e-13	1.629507e-02
3.513514e+00	7.887584e-48	5.518051e-44	1.398085e-40	3.021633e-37	8.659728e-34	4.899088e-30	9.286869e-26	1.508788e-20	2.034752e-13	1.617552e-02
3.518519e+00	7.143405e-48	4.969873e-44	1.253754e-40	2.699818e-37	7.713680e-34	4.353532e-30	8.242730e-26	1.340985e-20	1.826277e-13	1.605685e-02
3.523524e+00	6.470490e-48	4.476893e-44	1.124510e-40	2.412671e-37	6.872063e-34	3.869294e-30	7.316920e-26	1.191956e-20	1.639179e-13	1.593907e-02
3.528529e+00	5.861915e-48	4.033479e-44	1.008755e-40	2.156415e-37	6.123232e-34	3.439420e-30	6.495926e-26	1.059587e-20	1.471266e-13	1.582216e-02
3.533534e+00	5.311439e-48	3.634581e-44	9.050648e-41	1.927688e-37	5.456853e-34	3.057751e-30	5.767788e-26	9.420053e-21	1.320569e-13	1.570611e-02
3.538539e+00	4.813433e-48	3.275671e-44	8.121664e-41	1.723502e-37	4.863754e-34	2.718833e-30	5.121922e-26	8.375499e-21	1.185322e-13	1.559093e-02
3.543544e+00	4.362823e-48	2.952687e-44	7.289229e-41	1.541192e-37	4.335795e-34	2.417832e-30	4.548959e-26	7.447468e-21	1.063941e-13	1.547660e-02
3.548549e+00	3.955032e-48	2.661985e-44	6.543186e-41	1.378389e-37	3.865747e-34	2.150468e-30	4.040607e-26	6.622887e-21	9.550027e-14	1.536312e-02
3.553554e+00	3.585931e-48	2.400295e-44	5.874458e-41	1.232982e-37	3.447194e-34	1.912947e-30	3.589522e-26	5.890155e-21	8.572312e-14	1.525048e-02
3.558559e+00	3.251797e-48	2.164683e-44	5.274936e-41	1.103092e-37	3.074436e-34	1.701908e-30	3.189201e-26	5.238983e-21	7.694810e-14	1.513867e-02
3.563564e+00	2.949267e-48	1.952515e-44	4.737369e-41	9.870428e-38	2.742411e-34	1.514371e-30	2.833888e-26	4.660239e-21	6.907242e-14	1.502769e-02
3.568569e+00	2.675308e-48	1.761429e-44	4.255275e-41	8.833441e-38	2.446621e-34	1.347694e-30	2.518482e-26	4.145819e-21	6.200382e-14	1.491754e-02
3.573574e+00	2.427183e-48	1.589300e-44	3.822861e-41	7.906663e-38	2.183072e-34	1.199536e-30	2.238465e-26	3.688532e-21	5.565955e-14	1.480821e-02
3.578579e+00	2.202418e-48	1.434223e-44	3.434943e-41	7.078249e-38	1.948213e-34	1.067820e-30	1.989836e-26	3.281995e-21	4.996530e-14	1.469968e-02
3.583584e+00	1.998784e-48	1.294486e-44	3.086886e-41	6.337640e-38	1.738888e-34	9.507050e-31	1.769047e-26	2.920543e-21	4.485441e-14	1.459196e-02
3.588589e+00	1.814263e-48	1.168552e-44	2.774543e-41	5.675423e-38	1.552293e-34	8.465567e-31	1.572957e-26	2.599144e-21	4.026706e-14	1.448504e-02
3.593594e+00	1.647035e-48	1.055038e-44	2.494205e-41	5.083207e-38	1.385934e-34	7.539264e-31	1.398781e-26	2.313336e-21	3.614957e-14	1.437891e-02
3.598599e+00	1.495455e-48	9.527029e-45	2.242552e-41	4.553509e-38	1.237593e-34	6.715283e-31	1.244050e-26	2.059151e-21	3.245375e-14	1.427356e-02
3.603604e+00	1.358038e-48	8.604314e-45	2.016612e-41	4.079652e-38	1.105299e-34	5.982218e-31	1.106576e-26	1.833071e-21	2.913638e-14	1.416900e-02
3.608609e+00	1.233441e-48	7.772202e-45	1.813725e-41	3.655683e-38	9.872973e-35	5.329942e-31	9.844184e-27	1.631970e-21	2.615866e-14	1.406521e-02
3.613614e+00	1.120449e-48	7.021678e-45	1.631510e-41	3.276290e-38	8.820282e-35	4.749470e-31	8.758576e-27	1.453070e-21	2.348577e-14	1.396219e-02
3.618619e+00	1.017967e-48	6.344633e-45	1.467834e-41	2.936732e-38	7.881032e-35	4.232822e-31	7.793678e-27	1.293905e-21	2.108645e-14	1.385994e-02
3.623624e+00	9.250007e-49	5.733776e-45	1.320788e-41	2.632779e-38	7.042872e-35	3.772915e-31	6.935961e-27	1.152286e-21	1.893269e-14	1.375844e-02
3.628629e+00	8.406548e-49	5.182549e-45	1.188661e-41	2.360655e-38	6.294808e-35	3.363459e-31	6.173421e-27	1.026265e-21	1.699930e-14	1.365770e-02
3.633634e+00	7.641177e-49	4.685052e-45	1.069920e-41	2.116988e-38	5.627053e-35	2.998868e-31	5.495413e-27	9.141155e-22	1.526371e-14	1.355770e-02
3.638639e+00	6.946557e-49	4.235977e-45	9.631933e-42	1.898769e-38	5.030895e-35	2.674179e-31	4.892489e-27	8.142999e-22	1.370566e-14	1.345844e-02
3.643644e+00	6.316049e-49	3.830547e-45	8.672488e-42	1.703309e-38	4.498577e-35	2.384984e-31	4.356267e-27	7.254537e-22	1.230695e-14	1.335992e-02
3.648649e+00	5.743648e-49	3.464463e-45	7.809839e-42	1.528206e-38	4.023191e-35	2.127367e-31	3.879306e-27	6.463639e-22	1.105127e-14	1.326213e-02
3.653654e+00	5.223919e-49	3.133853e-45	7.034100e-42	1.371318e-38	3.598583e-35	1.897846e-31	3.455006e-27	5.759523e-22	9.923958e-15	1.316506e-02
3.658659e+00	4.751943e-49	2.835235e-45	6.336404e-42	1.230726e-38	3.219273e-35	1.693329e-31	3.077503e-27	5.132609e-22	8.911879e-15	1.306872e-02
3.663664e+00	4.323265e-49	2.565469e-45	5.708801e-42	1.104719e-38	2.880376e-35	1.511065e-31	2.741594e-27	4.574377e-22	8.003231e-15	1.297308e-02
3.668669e+00	3.933855e-49	2.321730e-45	5.144160e-42	9.917653e-39	2.577542e-35	1.348611e-31	2.442658e-27	4.077257e-22	7.187425e-15	1.287816e-02
3.673674e+00	3.580062e-49	2.101473e-45	4.636087e-42	8.904982e-39	2.306892e-35	1.203792e-31	2.176593e-27	3.634515e-22	6.454959e-15	1.278393e-02
3.678679e+00	3.258578e-49	1.902404e-45	4.178842e-42	7.996940e-39	2.064970e-35	1.074676e-31	1.939754e-27	3.240166e-22	5.797303e-15	1.269041e-02
3.683684e+00	2.966409e-49	1.722458e-45	3.767277e-42	7.182592e-39	1.848694e-35	9.595446e-32	1.728904e-27	2.888886e-22	5.206803e-15	1.259758e-02
3.688689e+00	2.700842e-49	1.559772e-45	3.396770e-42	6.452159e-39	1.655316e-35	8.568680e-32	1.541168e-27	2.575942e-22	4.676588e-15	1.250543e-02
3.693694e+00	2.459417e-49	1.412667e-45	3.063173e-42	5.796892e-39	1.482387e-35	7.652860e-32	1.373991e-27	2.297123e-22	4.200491e-15	1.241397e-02
3.698699e+00	2.239908e-49	1.279632e-45	2.762764e-42	5.208966e-39	1.327720e-35	6.835885e-32	1.225103e-27	2.048683e-22	3.772978e-15	1.232319e-02
3.703704e+00	2.040294e-49	1.159302e-45	2.492199e-42	4.681381e-39	1.189367e-35	6.106983e-32	1.092487e-27	1.827293e-22	3.389081e-15	1.223308e-02
3.708709e+00	1.858745e-49	1.050447e-45	2.248474e-42	4.207870e-39	1.065589e-35	5.456568e-32	9.743484e-28	1.629987e-22	3.044340e-15	1.214363e-02
3.713714e+00	1.693602e-49	9.519574e-46	2.028895e-42	3.782828e-39	9.548331e-36	4.876108e-32	8.690947e-28	1.454128e-22	2.734755e-15	1.205485e-02
3.718719e+00	1.543360e-49	8.628328e-46	1.831038e-42	3.401233e-39	8.557155e-36	4.358006e-32	7.753086e-28	1.297371e-22	2.456731e-15	1.196673e-02
3.723724e+00	1.406653e-49	7.821704e-46	1.652727e-42	3.058595e-39	7.669998e-36	3.895498e-32	6.917302e-28	1.157626e-22	2.207044e-15	1.187925e-02
3.728729e+00	1.282244e-49	7.091556e-46	1.492007e-42	2.750887e-39	6.875828e-36	3.482562e-32	6.172391e-28	1.033036e-22	1.982800e-15	1.179243e-02
3.733734e+00	1.169010e-49	6.430533e-46	1.347121e-42	2.474509e-39	6.164793e-36	3.113832e-32	5.508390e-28	9.219453e-23	1.781400e-15	1.170625e-02
3.738739e+00	1.065932e-49	5.832001e-46	1.216488e-42	2.226232e-39	5.528096e-36	2.784531e-32	4.916437e-28	8.228826e-23	1.600512e-15	1.162070e-02
3.743744e+00	9.720841e-50	5.289970e-46	1.098688e-42	2.003166e-39	4.957883e-36	2.490401e-32	4.388648e-28	7.345368e-23	1.438041e-15	1.153579e-02
3.748749e+00	8.866286e-50	4.799032e-46	9.924450e-43	1.802721e-39	4.447136e-36	2.227649e-32	3.918010e-28	6.557408e-23	1.292109e-15	1.145151e-02
3.753754e+00	8.088030e-50	4.354305e-46	8.966103e-43	1.622575e-39	3.989586e-36	1.992895e-32	3.498281e-28	5.854555e-23	1.161027e-15	1.136785e-02
3.758759e+00	7.379157e-50	3.951378e-46	8.101512e-43	1.460649e-39	3.579633e-36	1.783128e-32	3.123907e-28	5.227555e-23	1.043280e-15	1.128481e-02
3.763764e+00	6.733387e-50	3.586268e-46	7.321387e-43	1.315077e-39	3.212272e-36	1.595660e-32	2.789948e-28	4.668168e-23	9.375092e-16	1.120239e-02
3.768769e+00	6.145018e-50	3.255376e-46	6.617371e-43	1.184190e-39	2.883029e-36	1.428099e-32	2.492001e-28	4.169053e-23	8.424926e-16	1.112057e-02
3.773774e+00	5.608868e-50	2.955450e-46	5.981943e-43	1.066487e-39	2.587908e-36	1.278310e-32	2.226151e-28	3.723672e-23	7.571341e-16	1.103936e-02
3.778779e+00	5.120233e-50	2.683553e-46	5.408335e-43	9.606258e-40	2.323332e-36	1.144390e-32	1.988911e-28	3.326203e-23	6.804495e-16	1.095876e-02
3.783784e+00	4.674837e-50	2.437028e-46	4.890456e-43	8.654001e-40	2.086107e-36	1.024641e-32	1.777175e-28	2.971455e-23	6.115549e-16	1.087874e-02
3.788789e+00	4.268796e-50	2.213475e-46	4.422821e-43	7.797288e-40	1.873373e-36	9.175481e-33	1.588179e-28	2.654807e-23	5.496570e-16	1.079932e-02
3.793794e+00	3.898577e-50	2.010723e-46	4.000493e-43	7.026419e-40	1.682576e-36	8.217612e-33	1.419458e-28	2.372138e-23	4.940433e-16	1.072049e-02
3.798799e+00	3.560974e-50	1.826810e-46	3.619026e-43	6.332690e-40	1.511428e-36	7.360749e-33	1.268819e-28	2.119778e-23	4.440739e-16	1.064224e-02
3.803804e+00	3.253067e-50	1.659960e-46	3.274415e-43	5.708290e-40	1.357883e-36	6.594135e-33	1.134308e-28	1.894454e-23	3.991744e-16	1.056457e-02
3.808809e+00	2.972205e-50	1.508569e-46	2.963054e-43	5.146207e-40	1.220111e-36	5.908171e-33	1.014183e-28	1.693250e-23	3.588291e-16	1.048747e-02
3.813814e+00	2.715976e-50	1.371183e-46	2.681692e-43	4.640149e-40	1.096475e-36	5.294288e-33	9.068923e-29	1.513566e-23	3.225745e-16	1.041095e-02
3.818819e+00	2.482186e-50	1.246490e-46	2.427402e-43	4.184464e-40	9.855076e-37	4.744837e-33	8.110525e-29	1.353086e-23	2.899949e-16	1.033499e-02
3.823824e+00	2.268839e-50	1.133300e-46	2.197546e-43	3.774077e-40	8.858967e-37	4.252988e-33	7.254309e-29	1.209741e-23	2.607165e-16	1.025959e-02
3.828829e+00	2.074121e-50	1.030536e-46	1.989744e-43	3.404433e-40	7.964673e-37	3.812642e-33	6.489288e-29	1.081691e-23	2.344038e-16	1.018475e-02
3.833834e+00	1.896379e-50	9.372257e-47	1.801854e-43	3.071437e-40	7.161673e-37	3.418353e-33	5.805662e-29	9.672919e-24	2.107556e-16	1.011046e-02
3.838839e+00	1.734111e-50	8.524863e-47	1.631943e-43	2.771413e-40	6.440544e-37	3.065256e-33	5.194698e-29	8.650781e-24	1.895012e-16	1.003672e-02
3.843844e+00	1.585949e-50	7.755196e-47	1.478268e-43	2.501056e-40	5.792847e-37	2.749004e-33	4.648604e-29	7.737428e-24	1.703976e-16	9.963530e-03
3.848849e+00	1.450647e-50	7.056026e-47	1.339258e-43	2.257398e-40	5.211023e-37	2.465714e-33	4.160433e-29	6.921201e-24	1.532264e-16	9.890877e-03
3.853854e+00	1.327072e-50	6.420803e-47	1.213494e-43	2.037771e-40	4.688297e-37	2.211917e-33	3.723986e-29	6.191700e-24	1.377915e-16	9.818762e-03
3.858859e+00	1.214192e-50	5.843598e-47	1.099698e-43	1.839775e-40	4.218601e-37	1.984510e-33	3.333736e-29	5.539645e-24	1.239169e-16	9.747179e-03
3.863864e+00	1.111067e-50	5.319035e-47	9.967161e-44	1.661255e-40	3.796494e-37	1.780724e-33	2.984750e-29	4.956757e-24	1.114443e-16	9.676126e-03
3.868869e+00	1.016840e-50	4.842246e-47	9.035075e-44	1.500272e-40	3.417102e-37	1.598078e-33	2.672626e-29	4.435647e-24	1.002316e-16	9.605597e-03
3.873874e+00	9.307325e-51	4.408818e-47	8.191323e-44	1.355081e-40	3.076055e-37	1.434359e-33	2.393437e-29	3.969720e-24	9.015101e-17	9.535590e-03
3.878879e+00	8.520333e-51	4.014751e-47	7.427424e-44	1.224116e-40	2.769433e-37	1.287586e-33	2.143676e-29	3.553093e-24	8.108796e-17	9.466099e-03
3.883884e+00	7.800952e-51	3.656421e-47	6.735722e-44	1.105966e-40	2.493724e-37	1.155986e-33	1.920214e-29	3.180511e-24	7.293935e-17	9.397122e-03
3.888889e+00	7.143283e-51	3.330539e-47	6.109304e-44	9.993607e-41	2.245776e-37	1.037975e-33	1.720257e-29	2.847285e-24	6.561262e-17	9.328654e-03
3.893894e+00	6.541949e-51	3.034127e-47	5.541927e-44	9.031591e-41	2.022762e-37	9.321363e-34	1.541312e-29	2.549228e-24	5.902459e-17	9.260691e-03
3.898899e+00	5.992050e-51	2.764481e-47	5.027954e-44	8.163334e-41	1.822147e-37	8.372013e-34	1.381150e-29	2.282602e-24	5.310052e-17	9.193231e-03
3.903904e+00	5.489116e-51	2.519149e-47	4.562291e-44	7.379587e-41	1.641657e-37	7.520352e-34	1.237783e-29	2.044069e-24	4.777327e-17	9.126268e-03
3.908909e+00	5.029075e-51	2.295908e-47	4.140338e-44	6.672025e-41	1.479250e-37	6.756228e-34	1.109433e-29	1.830647e-24	4.298250e-17	9.059800e-03
3.913914e+00	4.608211e-51	2.092741e-47	3.757938e-44	6.033152e-41	1.333093e-37	6.070550e-34	9.945144e-30	1.639674e-24	3.867400e-17	8.993822e-03
3.918919e+00	4.223135e-51	1.907815e-47	3.411334e-44	5.456218e-41	1.201544e-37	5.455185e-34	8.916080e-30	1.468771e-24	3.479904e-17	8.928331e-03
3.923924e+00	3.870756e-51	1.739471e-47	3.097132e-44	4.935144e-41	1.083124e-37	4.902848e-34	7.994474e-30	1.315814e-24	3.131384e-17	8.863323e-03
3.928929e+00	3.548254e-51	1.586200e-47	2.812261e-44	4.464457e-41	9.765103e-38	4.407018e-34	7.169003e-30	1.178905e-24	2.817906e-17	8.798794e-03
3.933934e+00	3.253057e-51	1.446633e-47	2.553949e-44	4.039224e-41	8.805113e-38	3.961856e-34	6.429550e-30	1.056347e-24	2.535934e-17	8.734741e-03
3.938939e+00	2.982815e-51	1.319528e-47	2.319685e-44	3.655002e-41	7.940585e-38	3.562130e-34	5.767070e-30	9.466265e-25	2.282289e-17	8.671161e-03
3.943944e+00	2.735387e-51	1.203754e-47	2.107202e-44	3.307787e-41	7.161921e-38	3.203156e-34	5.173480e-30	8.483878e-25	2.054115e-17	8.608049e-03
3.948949e+00	2.508816e-51	1.098289e-47	1.914447e-44	2.993971e-41	6.460495e-38	2.880737e-34	4.641550e-30	7.604209e-25	1.848845e-17	8.545402e-03
3.953954e+00	2.301316e-51	1.002200e-47	1.739565e-44	2.710302e-41	5.828560e-38	2.591112e-34	4.164818e-30	6.816438e-25	1.664172e-17	8.483216e-03
3.958959e+00	2.111256e-51	9.146426e-48	1.580875e-44	2.453849e-41	5.259154e-38	2.330911e-34	3.737505e-30	6.110895e-25	1.498020e-17	8.421489e-03
3.963964e+00	1.937148e-51	8.348476e-48	1.436860e-44	2.221967e-41	4.746019e-38	2.097114e-34	3.354440e-30	5.478934e-25	1.348525e-17	8.360216e-03
3.968969e+00	1.777631e-51	7.621172e-48	1.306143e-44	2.012274e-41	4.283531e-38	1.887015e-34	3.011002e-30	4.912824e-25	1.214010e-17	8.299394e-03
3.973974e+00	1.631463e-51	6.958169e-48	1.187481e-44	1.822620e-41	3.866635e-38	1.698186e-34	2.703052e-30	4.405652e-25	1.092970e-17	8.239019e-03
3.978979e+00	1.497510e-51	6.353700e-48	1.079746e-44	1.651067e-41	3.490785e-38	1.528453e-34	2.426891e-30	3.951237e-25	9.840479e-18	8.179089e-03
3.983984e+00	1.374735e-51	5.802522e-48	9.819203e-45	1.495866e-41	3.151895e-38	1.375863e-34	2.179208e-30	3.544050e-25	8.860267e-18	8.119599e-03
3.988989e+00	1.262190e-51	5.299869e-48	8.930788e-45	1.355439e-41	2.846287e-38	1.238668e-34	1.957039e-30	3.179146e-25	7.978110e-18	8.060546e-03
3.993994e+00	1.159008e-51	4.841407e-48	8.123858e-45	1.228361e-41	2.570657e-38	1.115298e-34	1.757732e-30	2.852102e-25	7.184159e-18	8.001927e-03
3.998999e+00	1.064400e-51	4.423194e-48	7.390838e-45	1.113349e-41	2.322030e-38	1.004346e-34	1.578912e-30	2.558961e-25	6.469559e-18	7.943739e-03
4.004004e+00	9.776403e-52	4.041646e-48	6.724869e-45	1.009243e-41	2.097730e-38	9.045491e-35	1.418455e-30	2.296181e-25	5.826348e-18	7.885977e-03
4.009009e+00	8.980683e-52	3.693502e-48	6.119735e-45	9.149946e-42	1.895351e-38	8.147737e-35	1.274457e-30	2.060594e-25	5.247364e-18	7.828639e-03
4.014014e+00	8.250788e-52	3.375794e-48	5.569803e-45	8.296600e-42	1.712725e-38	7.340033e-35	1.145216e-30	1.849365e-25	4.726169e-18	7.771722e-03
4.019019e+00	7.581187e-52	3.085824e-48	5.069971e-45	7.523853e-42	1.547902e-38	6.613250e-35	1.029204e-30	1.659957e-25	4.256969e-18	7.715221e-03
4.024024e+00	6.966820e-52	2.821133e-48	4.615613e-45	6.823998e-42	1.399127e-38	5.959199e-35	9.250546e-31	1.490098e-25	3.834557e-18	7.659135e-03
4.029029e+00	6.403057e-52	2.579487e-48	4.202535e-45	6.190073e-42	1.264819e-38	5.370523e-35	8.315443e-31	1.337756e-25	3.454248e-18	7.603458e-03
4.034034e+00	5.885665e-52	2.358849e-48	3.826938e-45	5.615791e-42	1.143555e-38	4.840622e-35	7.475760e-31	1.201110e-25	3.111827e-18	7.548189e-03
4.039039e+00	5.410767e-52	2.157366e-48	3.485373e-45	5.095469e-42	1.034055e-38	4.363564e-35	6.721670e-31	1.078531e-25	2.803503e-18	7.493323e-03
4.044044e+00	4.974818e-52	1.973351e-48	3.174717e-45	4.623973e-42	9.351630e-39	3.934025e-35	6.044367e-31	9.685596e-26	2.525867e-18	7.438858e-03
4.049049e+00	4.574572e-52	1.805268e-48	2.892133e-45	4.196666e-42	8.458402e-39	3.547223e-35	5.435960e-31	8.698893e-26	2.275852e-18	7.384790e-03
4.054054e+00	4.207058e-52	1.651717e-48	2.635052e-45	3.809353e-42	7.651499e-39	3.198860e-35	4.889376e-31	7.813499e-26	2.050697e-18	7.331116e-03
4.059059e+00	3.869557e-52	1.511423e-48	2.401139e-45	3.458245e-42	6.922482e-39	2.885077e-35	4.398274e-31	7.018931e-26	1.847920e-18	7.277832e-03
4.064064e+00	3.559579e-52	1.383225e-48	2.188280e-45	3.139914e-42	6.263746e-39	2.602404e-35	3.956969e-31	6.305802e-26	1.665288e-18	7.224936e-03
4.069069e+00	3.274842e-52	1.266064e-48	1.994553e-45	2.851263e-42	5.668436e-39	2.347726e-35	3.560366e-31	5.665701e-26	1.500789e-18	7.172424e-03
4.074074e+00	3.013258e-52	1.158977e-48	1.818216e-45	2.589489e-42	5.130376e-39	2.118239e-35	3.203894e-31	5.091090e-26	1.352616e-18	7.120293e-03
4.079079e+00	2.772915e-52	1.061084e-48	1.657686e-45	2.352058e-42	4.643996e-39	1.911427e-35	2.883455e-31	4.575218e-26	1.219141e-18	7.068540e-03
4.084084e+00	2.552059e-52	9.715848e-49	1.511526e-45	2.136678e-42	4.204275e-39	1.725025e-35	2.595371e-31	4.112034e-26	1.098900e-18	7.017161e-03
4.089089e+00	2.349086e-52	8.897486e-49	1.378434e-45	1.941275e-42	3.806684e-39	1.556998e-35	2.336346e-31	3.696115e-26	9.905742e-19	6.966153e-03
4.094094e+00	2.162524e-52	8.149098e-49	1.257224e-45	1.763974e-42	3.447140e-39	1.405515e-35	2.103421e-31	3.322601e-26	8.929781e-19	6.915513e-03
4.099099e+00	1.991024e-52	7.464612e-49	1.146822e-45	1.603075e-42	3.121960e-39	1.268930e-35	1.893941e-31	2.987134e-26	8.050439e-19	6.865237e-03
4.104104e+00	1.833351e-52	6.838491e-49	1.046250e-45	1.457042e-42	2.827821e-39	1.145762e-35	1.705524e-31	2.685809e-26	7.258108e-19	6.815323e-03
4.109109e+00	1.688372e-52	6.265685e-49	9.546218e-46	1.324485e-42	2.561726e-39	1.034679e-35	1.536033e-31	2.415123e-26	6.544138e-19	6.765767e-03
4.114114e+00	1.555049e-52	5.741588e-49	8.711307e-46	1.204144e-42	2.320969e-39	9.344826e-36	1.383547e-31	2.171937e-26	5.900743e-19	6.716565e-03
4.119119e+00	1.432429e-52	5.261995e-49	7.950441e-46	1.094879e-42	2.103110e-39	8.440950e-36	1.246346e-31	1.953436e-26	5.320915e-19	6.667716e-03
4.124124e+00	1.319639e-52	4.823071e-49	7.256965e-46	9.956576e-43	1.905945e-39	7.625454e-36	1.122883e-31	1.757094e-26	4.798344e-19	6.619214e-03
4.129129e+00	1.215879e-52	4.421318e-49	6.624828e-46	9.055450e-43	1.727486e-39	6.889605e-36	1.011768e-31	1.580645e-26	4.327349e-19	6.571057e-03
4.134134e+00	1.120413e-52	4.053540e-49	6.048530e-46	8.236943e-43	1.565937e-39	6.225541e-36	9.117553e-32	1.422059e-26	3.902817e-19	6.523242e-03
4.139139e+00	1.032568e-52	3.716821e-49	5.523071e-46	7.493384e-43	1.419677e-39	5.626184e-36	8.217250e-32	1.279513e-26	3.520141e-19	6.475766e-03
4.144144e+00	9.517254e-53	3.408500e-49	5.043904e-46	6.817822e-43	1.287242e-39	5.085162e-36	7.406711e-32	1.151372e-26	3.175176e-19	6.428624e-03
4.149149e+00	8.773183e-53	3.126145e-49	4.606894e-46	6.203961e-43	1.167310e-39	4.596735e-36	6.676903e-32	1.036169e-26	2.864187e-19	6.381814e-03
4.154154e+00	8.088259e-53	2.867538e-49	4.208283e-46	5.646093e-43	1.058686e-39	4.155737e-36	6.019707e-32	9.325859e-27	2.583812e-19	6.335333e-03
4.159159e+00	7.457704e-53	2.630651e-49	3.844649e-46	5.139045e-43	9.602925e-40	3.757511e-36	5.427829e-32	8.394426e-27	2.331023e-19	6.289176e-03
4.164164e+00	6.877130e-53	2.413633e-49	3.512880e-46	4.678129e-43	8.711538e-40	3.397866e-36	4.894717e-32	7.556782e-27	2.103093e-19	6.243341e-03
4.169169e+00	6.342513e-53	2.214793e-49	3.210147e-46	4.259094e-43	7.903894e-40	3.073022e-36	4.414478e-32	6.803408e-27	1.897564e-19	6.197824e-03
4.174174e+00	5.850154e-53	2.032584e-49	2.933872e-46	3.878086e-43	7.172032e-40	2.779577e-36	3.981820e-32	6.125758e-27	1.712224e-19	6.152622e-03
4.179179e+00	5.396659e-53	1.865596e-49	2.681711e-46	3.531609e-43	6.508757e-40	2.514462e-36	3.591983e-32	5.516160e-27	1.545081e-19	6.107731e-03
4.184184e+00	4.978910e-53	1.712538e-49	2.451531e-46	3.216494e-43	5.907565e-40	2.274913e-36	3.240688e-32	4.967725e-27	1.394339e-19	6.063148e-03
4.189189e+00	4.594043e-53	1.572230e-49	2.241389e-46	2.929866e-43	5.362577e-40	2.058438e-36	2.924087e-32	4.474267e-27	1.258381e-19	6.018870e-03
4.194194e+00	4.239428e-53	1.443594e-49	2.049516e-46	2.669116e-43	4.868476e-40	1.862790e-36	2.638722e-32	4.030230e-27	1.135749e-19	5.974893e-03
4.199199e+00	3.912647e-53	1.325645e-49	1.874302e-46	2.431877e-43	4.420453e-40	1.685944e-36	2.381481e-32	3.630626e-27	1.025131e-19	5.931213e-03
4.204204e+00	3.611480e-53	1.217482e-49	1.714280e-46	2.216004e-43	4.014162e-40	1.526074e-36	2.149565e-32	3.270972e-27	9.253440e-20	5.887827e-03
4.209209e+00	3.333886e-53	1.118280e-49	1.568116e-46	2.019546e-43	3.645668e-40	1.381531e-36	1.940458e-32	2.947241e-27	8.353218e-20	5.844732e-03
4.214214e+00	3.077991e-53	1.027286e-49	1.434591e-46	1.840735e-43	3.311414e-40	1.250831e-36	1.751893e-32	2.655817e-27	7.541042e-20	5.801923e-03
4.219219e+00	2.842069e-53	9.438106e-50	1.312599e-46	1.677965e-43	3.008179e-40	1.132634e-36	1.581835e-32	2.393449e-27	6.808256e-20	5.759398e-03
4.224224e+00	2.624536e-53	8.672231e-50	1.201128e-46	1.529779e-43	2.733052e-40	1.025730e-36	1.428448e-32	2.157216e-27	6.147061e-20	5.717152e-03
4.229229e+00	2.423935e-53	7.969466e-50	1.099260e-46	1.394853e-43	2.483395e-40	9.290288e-37	1.290082e-32	1.944495e-27	5.550425e-20	5.675183e-03
4.234234e+00	2.238927e-53	7.324533e-50	1.006154e-46	1.271985e-43	2.256823e-40	8.415459e-37	1.165253e-32	1.752926e-27	5.012014e-20	5.633486e-03
4.239239e+00	2.068280e-53	6.732601e-50	9.210479e-47	1.160084e-43	2.051175e-40	7.623930e-37	1.052622e-32	1.580388e-27	4.526114e-20	5.592058e-03
4.244244e+00	1.910859e-53	6.189247e-50	8.432435e-47	1.058158e-43	1.864495e-40	6.907682e-37	9.509870e-33	1.424975e-27	4.087578e-20	5.550895e-03
4.249249e+00	1.765624e-53	5.690426e-50	7.721058e-47	9.653065e-44	1.695015e-40	6.259477e-37	8.592631e-33	1.284974e-27	3.691766e-20	5.509994e-03
4.254254e+00	1.631616e-53	5.232432e-50	7.070556e-47	8.807109e-44	1.541129e-40	5.672781e-37	7.764746e-33	1.158844e-27	3.334492e-20	5.469350e-03
4.259259e+00	1.507951e-53	4.811873e-50	6.475648e-47	8.036276e-44	1.401385e-40	5.141692e-37	7.017425e-33	1.045199e-27	3.011985e-20	5.428961e-03
4.264264e+00	1.393820e-53	4.425642e-50	5.931514e-47	7.333809e-44	1.274469e-40	4.660882e-37	6.342752e-33	9.427928e-28	2.720843e-20	5.388821e-03
4.269269e+00	1.288473e-53	4.070896e-50	5.433761e-47	6.693565e-44	1.159188e-40	4.225540e-37	5.733594e-33	8.505053e-28	2.458000e-20	5.348928e-03
4.274274e+00	1.191225e-53	3.745028e-50	4.978380e-47	6.109961e-44	1.054464e-40	3.831318e-37	5.183528e-33	7.673282e-28	2.220690e-20	5.309277e-03
4.279279e+00	1.101442e-53	3.445652e-50	4.561713e-47	5.577921e-44	9.593173e-41	3.474289e-37	4.686764e-33	6.923547e-28	2.006421e-20	5.269866e-03
4.284284e+00	1.018542e-53	3.170582e-50	4.180423e-47	5.092829e-44	8.728620e-41	3.150906e-37	4.238088e-33	6.247690e-28	1.812942e-20	5.230689e-03
4.289289e+00	9.419875e-54	2.917814e-50	3.831463e-47	4.650489e-44	7.942944e-41	2.857962e-37	3.832798e-33	5.638370e-28	1.638225e-20	5.191744e-03
4.294294e+00	8.712856e-54	2.685512e-50	3.512054e-47	4.247083e-44	7.228864e-41	2.592562e-37	3.466657e-33	5.088983e-28	1.480442e-20	5.153026e-03
4.299299e+00	8.059813e-54	2.471995e-50	3.219657e-47	3.879140e-44	6.579774e-41	2.352087e-37	3.135847e-33	4.593584e-28	1.337942e-20	5.114531e-03
4.304304e+00	7.456555e-54	2.275720e-50	2.951957e-47	3.543501e-44	5.989690e-41	2.134170e-37	2.836924e-33	4.146824e-28	1.209237e-20	5.076256e-03
4.309309e+00	6.899224e-54	2.095273e-50	2.706837e-47	3.237294e-44	5.453182e-41	1.936671e-37	2.566784e-33	3.743887e-28	1.092983e-20	5.038196e-03
4.314314e+00	6.384265e-54	1.929358e-50	2.482367e-47	2.957902e-44	4.965326e-41	1.757656e-37	2.322629e-33	3.380439e-28	9.879706e-21	5.000348e-03
4.319319e+00	5.908403e-54	1.776788e-50	2.276781e-47	2.702948e-44	4.521658e-41	1.595377e-37	2.101934e-33	3.052577e-28	8.931055e-21	4.962708e-03
4.324324e+00	5.468620e-54	1.636472e-50	2.088469e-47	2.470265e-44	4.118126e-41	1.448251e-37	1.902423e-33	2.756787e-28	8.074021e-21	4.925272e-03
4.329329e+00	5.062135e-54	1.507412e-50	1.915959e-47	2.257883e-44	3.751055e-41	1.314847e-37	1.722041e-33	2.489907e-28	7.299707e-21	4.888036e-03
4.334334e+00	4.686384e-54	1.388690e-50	1.757906e-47	2.064007e-44	3.417111e-41	1.193871e-37	1.558937e-33	2.249085e-28	6.600084e-21	4.850996e-03
4.339339e+00	4.339005e-54	1.279466e-50	1.613081e-47	1.887003e-44	3.113268e-41	1.084153e-37	1.411439e-33	2.031758e-28	5.967906e-21	4.814148e-03
4.344344e+00	4.017820e-54	1.178967e-50	1.480361e-47	1.725383e-44	2.836779e-41	9.846335e-38	1.278039e-33	1.835612e-28	5.396636e-21	4.777488e-03
4.349349e+00	3.720819e-54	1.086488e-50	1.358721e-47	1.577794e-44	2.585152e-41	8.943536e-38	1.157376e-33	1.658567e-28	4.880372e-21	4.741012e-03
4.354354e+00	3.446153e-54	1.001376e-50	1.247221e-47	1.443000e-44	2.356123e-41	8.124460e-38	1.048222e-33	1.498746e-28	4.413787e-21	4.704717e-03
4.359359e+00	3.192112e-54	9.230379e-51	1.145005e-47	1.319877e-44	2.147640e-41	7.381256e-38	9.494678e-34	1.354460e-28	3.992074e-21	4.668598e-03
4.364364e+00	2.957122e-54	8.509247e-51	1.051289e-47	1.207403e-44	1.957835e-41	6.706818e-38	8.601128e-34	1.224185e-28	3.610893e-21	4.632652e-03
4.369369e+00	2.739731e-54	7.845346e-51	9.653556e-48	1.104643e-44	1.785015e-41	6.094711e-38	7.792535e-34	1.106550e-28	3.266326e-21	4.596874e-03
4.374374e+00	2.538598e-54	7.234063e-51	8.865493e-48	1.010748e-44	1.627642e-41	5.539111e-38	7.060739e-34	1.000318e-28	2.954835e-21	4.561262e-03
4.379379e+00	2.352487e-54	6.671164e-51	8.142706e-48	9.249421e-45	1.484317e-41	5.034741e-38	6.398373e-34	9.043735e-29	2.673228e-21	4.525810e-03
4.384384e+00	2.180256e-54	6.152760e-51	7.479711e-48	8.465199e-45	1.353772e-41	4.576826e-38	5.798784e-34	8.177121e-29	2.418620e-21	4.490516e-03
4.389389e+00	2.020854e-54	5.675279e-51	6.871491e-48	7.748374e-45	1.234853e-41	4.161038e-38	5.255962e-34	7.394279e-29	2.188408e-21	4.455374e-03
4.394394e+00	1.873308e-54	5.235441e-51	6.313456e-48	7.093075e-45	1.126511e-41	3.783459e-38	4.764478e-34	6.687042e-29	1.980242e-21	4.420383e-03
4.399399e+00	1.736723e-54	4.830233e-51	5.801406e-48	6.493953e-45	1.027795e-41	3.440537e-38	4.319428e-34	6.048046e-29	1.791997e-21	4.385537e-03
4.404404e+00	1.610269e-54	4.456885e-51	5.331496e-48	5.946127e-45	9.378385e-42	3.129055e-38	3.916381e-34	5.470649e-29	1.621756e-21	4.350834e-03
4.409409e+00	1.493182e-54	4.112855e-51	4.900210e-48	5.445147e-45	8.558547e-42	2.846099e-38	3.551331e-34	4.948862e-29	1.467786e-21	4.316269e-03
4.414414e+00	1.384758e-54	3.795803e-51	4.504326e-48	4.986953e-45	7.811284e-42	2.589026e-38	3.220662e-34	4.477283e-29	1.328524e-21	4.281839e-03
4.419419e+00	1.284344e-54	3.503582e-51	4.140897e-48	4.567842e-45	7.130091e-42	2.355442e-38	2.921101e-34	4.051038e-29	1.202557e-21	4.247540e-03
4.424424e+00	1.191338e-54	3.234216e-51	3.807225e-48	4.184437e-45	6.509055e-42	2.143177e-38	2.649692e-34	3.665733e-29	1.088606e-21	4.213369e-03
4.429429e+00	1.105185e-54	2.985891e-51	3.500836e-48	3.833654e-45	5.942797e-42	1.950262e-38	2.403764e-34	3.317401e-29	9.855206e-22	4.179322e-03
4.434434e+00	1.025371e-54	2.756937e-51	3.219470e-48	3.512681e-45	5.426425e-42	1.774914e-38	2.180899e-34	3.002463e-29	8.922569e-22	4.145397e-03
4.439439e+00	9.514217e-55	2.545819e-51	2.961051e-48	3.218950e-45	4.955491e-42	1.615515e-38	1.978912e-34	2.717690e-29	8.078741e-22	4.111588e-03
4.444444e+00	8.828989e-55	2.351127e-51	2.723683e-48	2.950119e-45	4.525946e-42	1.470597e-38	1.795828e-34	2.460167e-29	7.315213e-22	4.077895e-03
4.449449e+00	8.193977e-55	2.171562e-51	2.505625e-48	2.704048e-45	4.134108e-42	1.338830e-38	1.629860e-34	2.227265e-29	6.624298e-22	4.044312e-03
4.454454e+00	7.605436e-55	2.005931e-51	2.305283e-48	2.478784e-45	3.776626e-42	1.219008e-38	1.479390e-34	2.016608e-29	5.999048e-22	4.010837e-03
4.459459e+00	7.059910e-55	1.853136e-51	2.121198e-48	2.272545e-45	3.450449e-42	1.110034e-38	1.342958e-34	1.826054e-29	5.433185e-22	3.977466e-03
4.464464e+00	6.554200e-55	1.712167e-51	1.952031e-48	2.083701e-45	3.152803e-42	1.010916e-38	1.219239e-34	1.653668e-29	4.921033e-22	3.944198e-03
4.469469e+00	6.085350e-55	1.582093e-51	1.796556e-48	1.910767e-45	2.881160e-42	9.207524e-39	1.107038e-34	1.497701e-29	4.457464e-22	3.911028e-03
4.474474e+00	5.650629e-55	1.462060e-51	1.653649e-48	1.752384e-45	2.633220e-42	8.387242e-39	1.005271e-34	1.356577e-29	4.037841e-22	3.877954e-03
4.479479e+00	5.247509e-55	1.351280e-51	1.522278e-48	1.607310e-45	2.406890e-42	7.640894e-39	9.129568e-35	1.228870e-29	3.657972e-22	3.844973e-03
4.484484e+00	4.873653e-55	1.249029e-51	1.401500e-48	1.474412e-45	2.200262e-42	6.961739e-39	8.292095e-35	1.113294e-29	3.314068e-22	3.812083e-03
4.489489e+00	4.526902e-55	1.154640e-51	1.290447e-48	1.352655e-45	2.011600e-42	6.343659e-39	7.532254e-35	1.008686e-29	3.002703e-22	3.779281e-03
4.494494e+00	4.205256e-55	1.067498e-51	1.188325e-48	1.241092e-45	1.839323e-42	5.781098e-39	6.842776e-35	9.139963e-30	2.720778e-22	3.746564e-03
4.499499e+00	3.906867e-55	9.870400e-52	1.094405e-48	1.138858e-45	1.681988e-42	5.269012e-39	6.217077e-35	8.282758e-30	2.465494e-22	3.713929e-03
4.504505e+00	3.630024e-55	9.127437e-52	1.008019e-48	1.045162e-45	1.538285e-42	4.802820e-39	5.649196e-35	7.506676e-30	2.234317e-22	3.681376e-03
4.509510e+00	3.373144e-55	8.441302e-52	9.285544e-49	9.592823e-46	1.407017e-42	4.378361e-39	5.133736e-35	6.803972e-30	2.024956e-22	3.648901e-03
4.514515e+00	3.134764e-55	7.807579e-52	8.554477e-49	8.805569e-46	1.287095e-42	3.991857e-39	4.665808e-35	6.167647e-30	1.835340e-22	3.616503e-03
4.519520e+00	2.913528e-55	7.222202e-52	7.881831e-49	8.083821e-46	1.177525e-42	3.639875e-39	4.240982e-35	5.591373e-30	1.663594e-22	3.584179e-03
4.524525e+00	2.708182e-55	6.681424e-52	7.262868e-49	7.422055e-46	1.077403e-42	3.319295e-39	3.855248e-35	5.069435e-30	1.508025e-22	3.551927e-03
4.529530e+00	2.517565e-55	6.181795e-52	6.693242e-49	6.815217e-46	9.859043e-43	3.027284e-39	3.504971e-35	4.596662e-30	1.367098e-22	3.519746e-03
4.534535e+00	2.340602e-55	5.720132e-52	6.168963e-49	6.258687e-46	9.022762e-43	2.761267e-39	3.186858e-35	4.168383e-30	1.239428e-22	3.487634e-03
4.539540e+00	2.176299e-55	5.293507e-52	5.686368e-49	5.748238e-46	8.258333e-43	2.518902e-39	2.897925e-35	3.780372e-30	1.123758e-22	3.455590e-03
4.544545e+00	2.023734e-55	4.899217e-52	5.242093e-49	5.280001e-46	7.559505e-43	2.298062e-39	2.635466e-35	3.428810e-30	1.018955e-22	3.423612e-03
4.549550e+00	1.882054e-55	4.534774e-52	4.833053e-49	4.850439e-46	6.920578e-43	2.096813e-39	2.397032e-35	3.110242e-30	9.239894e-23	3.391699e-03
4.554555e+00	1.750470e-55	4.197881e-52	4.456410e-49	4.456313e-46	6.336351e-43	1.913398e-39	2.180399e-35	2.821543e-30	8.379334e-23	3.359850e-03
4.559560e+00	1.628248e-55	3.886424e-52	4.109562e-49	4.094661e-46	5.802084e-43	1.746218e-39	1.983555e-35	2.559889e-30	7.599454e-23	3.328063e-03
4.564565e+00	1.514712e-55	3.598451e-52	3.790116e-49	3.762769e-46	5.313449e-43	1.593818e-39	1.804671e-35	2.322722e-30	6.892640e-23	3.296339e-03
4.569570e+00	1.409234e-55	3.332164e-52	3.495877e-49	3.458156e-46	4.866499e-43	1.454878e-39	1.642093e-35	2.107731e-30	6.252004e-23	3.264675e-03
4.574575e+00	1.311232e-55	3.085904e-52	3.224826e-49	3.178549e-46	4.457634e-43	1.328193e-39	1.494318e-35	1.912823e-30	5.671309e-23	3.233071e-03
4.579580e+00	1.220167e-55	2.858140e-52	2.975108e-49	2.921867e-46	4.083566e-43	1.212672e-39	1.359984e-35	1.736105e-30	5.144910e-23	3.201528e-03
4.584585e+00	1.135539e-55	2.647462e-52	2.745020e-49	2.686204e-46	3.741298e-43	1.107318e-39	1.237857e-35	1.575864e-30	4.667699e-23	3.170044e-03
4.589590e+00	1.056885e-55	2.452567e-52	2.532996e-49	2.469816e-46	3.428090e-43	1.011226e-39	1.126814e-35	1.430551e-30	4.235048e-23	3.138619e-03
4.594595e+00	9.837767e-56	2.272253e-52	2.337597e-49	2.271104e-46	3.141445e-43	9.235731e-40	1.025840e-35	1.298762e-30	3.842769e-23	3.107253e-03
4.599600e+00	9.158159e-56	2.105414e-52	2.157499e-49	2.088606e-46	2.879081e-43	8.436086e-40	9.340118e-36	1.179226e-30	3.487072e-23	3.075947e-03
4.604605e+00	8.526339e-56	1.951025e-52	1.991488e-49	1.920978e-46	2.638914e-43	7.706505e-40	8.504923e-36	1.070795e-30	3.164522e-23	3.044699e-03
4.609610e+00	7.938889e-56	1.808143e-52	1.838444e-49	1.766995e-46	2.419044e-43	7.040778e-40	7.745218e-36	9.724263e-31	2.872009e-23	3.013511e-03
4.614615e+00	7.392638e-56	1.675896e-52	1.697341e-49	1.625528e-46	2.217732e-43	6.433249e-40	7.054107e-36	8.831789e-31	2.606719e-23	2.982383e-03
4.619620e+00	6.884646e-56	1.553481e-52	1.567232e-49	1.495548e-46	2.033393e-43	5.878773e-40	6.425333e-36	8.021990e-31	2.366101e-23	2.951315e-03
4.624625e+00	6.412188e-56	1.440154e-52	1.447248e-49	1.376108e-46	1.864576e-43	5.372660e-40	5.853212e-36	7.287136e-31	2.147846e-23	2.920308e-03
4.629630e+00	5.972734e-56	1.335231e-52	1.336590e-49	1.266341e-46	1.709959e-43	4.910644e-40	5.332586e-36	6.620228e-31	1.949860e-23	2.889364e-03
4.634635e+00	5.563938e-56	1.238077e-52	1.234522e-49	1.165455e-46	1.568331e-43	4.488838e-40	4.858771e-36	6.014926e-31	1.770250e-23	2.858481e-03
4.639640e+00	5.183625e-56	1.148109e-52	1.140368e-49	1.072720e-46	1.438588e-43	4.103699e-40	4.427513e-36	5.465488e-31	1.607299e-23	2.827663e-03
4.644645e+00	4.829775e-56	1.064786e-52	1.053503e-49	9.874678e-47	1.319719e-43	3.752004e-40	4.034950e-36	4.966710e-31	1.459450e-23	2.796910e-03
4.649650e+00	4.500514e-56	9.876101e-53	9.733570e-50	9.090875e-47	1.210801e-43	3.430814e-40	3.677572e-36	4.513878e-31	1.325295e-23	2.766223e-03
4.654655e+00	4.194105e-56	9.161200e-53	8.994009e-50	8.370170e-47	1.110991e-43	3.137452e-40	3.352192e-36	4.102721e-31	1.203558e-23	2.735603e-03
4.659660e+00	3.908932e-56	8.498903e-53	8.311501e-50	7.707413e-47	1.019517e-43	2.869477e-40	3.055914e-36	3.729368e-31	1.093080e-23	2.705053e-03
4.664665e+00	3.643500e-56	7.885277e-53	7.681577e-50	7.097880e-47	9.356731e-44	2.624669e-40	2.786109e-36	3.390311e-31	9.928141e-24	2.674573e-03
4.669670e+00	3.396416e-56	7.316687e-53	7.100126e-50	6.537237e-47	8.588157e-44	2.400999e-40	2.540385e-36	3.082372e-31	9.018093e-24	2.644166e-03
4.674675e+00	3.166391e-56	6.789775e-53	6.563363e-50	6.021510e-47	7.883549e-44	2.196620e-40	2.316570e-36	2.802666e-31	8.192046e-24	2.613834e-03
4.679680e+00	2.952226e-56	6.301436e-53	6.067801e-50	5.547048e-47	7.237513e-44	2.009851e-40	2.112690e-36	2.548583e-31	7.442194e-24	2.583578e-03
4.684685e+00	2.752808e-56	5.848802e-53	5.610230e-50	5.110505e-47	6.645118e-44	1.839154e-40	1.926949e-36	2.317752e-31	6.761460e-24	2.553400e-03
4.689690e+00	2.567105e-56	5.429219e-53	5.187695e-50	4.708808e-47	6.101853e-44	1.683131e-40	1.757718e-36	2.108027e-31	6.143430e-24	2.523303e-03
4.694695e+00	2.394155e-56	5.040236e-53	4.797473e-50	4.339136e-47	5.603590e-44	1.540505e-40	1.603512e-36	1.917460e-31	5.582289e-24	2.493289e-03
4.699700e+00	2.233069e-56	4.679585e-53	4.437055e-50	3.998901e-47	5.146553e-44	1.410112e-40	1.462984e-36	1.744284e-31	5.072764e-24	2.463361e-03
4.704705e+00	2.083017e-56	4.345168e-53	4.104131e-50	3.685725e-47	4.727288e-44	1.290891e-40	1.334907e-36	1.586897e-31	4.610075e-24	2.433520e-03
4.709710e+00	1.943231e-56	4.035047e-53	3.796572e-50	3.397428e-47	4.342631e-44	1.181872e-40	1.218165e-36	1.443847e-31	4.189887e-24	2.403770e-03
4.714715e+00	1.812996e-56	3.747427e-53	3.512416e-50	3.132004e-47	3.989690e-44	1.082173e-40	1.111746e-36	1.313815e-31	3.808270e-24	2.374112e-03
4.719720e+00	1.691648e-56	3.480651e-53	3.249856e-50	2.887614e-47	3.665814e-44	9.909869e-41	1.014726e-36	1.195605e-31	3.461657e-24	2.344551e-03
4.724725e+00	1.578570e-56	3.233182e-53	3.007227e-50	2.662568e-47	3.368581e-44	9.075782e-41	9.262664e-37	1.088134e-31	3.146817e-24	2.315088e-03
4.729730e+00	1.473188e-56	3.003601e-53	2.782991e-50	2.455312e-47	3.095768e-44	8.312758e-41	8.456035e-37	9.904150e-32	2.860817e-24	2.285726e-03
4.734735e+00	1.374969e-56	2.790594e-53	2.575735e-50	2.264421e-47	2.845345e-44	7.614669e-41	7.720428e-37	9.015561e-32	2.600996e-24	2.256469e-03
4.739740e+00	1.283417e-56	2.592945e-53	2.384152e-50	2.088585e-47	2.615448e-44	6.975923e-41	7.049522e-37	8.207460e-32	2.364941e-24	2.227320e-03
4.744745e+00	1.198073e-56	2.409528e-53	2.207039e-50	1.926600e-47	2.404375e-44	6.391415e-41	6.437564e-37	7.472489e-32	2.150463e-24	2.198280e-03
4.749750e+00	1.118507e-56	2.239303e-53	2.043288e-50	1.777358e-47	2.210564e-44	5.856484e-41	5.879318e-37	6.803968e-32	1.955577e-24	2.169355e-03
4.754755e+00	1.044322e-56	2.081304e-53	1.891875e-50	1.639844e-47	2.032584e-44	5.366874e-41	5.370020e-37	6.195832e-32	1.778480e-24	2.140546e-03
4.759760e+00	9.751467e-57	1.934640e-53	1.751856e-50	1.513123e-47	1.869125e-44	4.918700e-41	4.905330e-37	5.642575e-32	1.617537e-24	2.111857e-03
4.764765e+00	9.106374e-57	1.798484e-53	1.622361e-50	1.396336e-47	1.718988e-44	4.508413e-41	4.481299e-37	5.139198e-32	1.471263e-24	2.083292e-03
4.769770e+00	8.504736e-57	1.672071e-53	1.502586e-50	1.288693e-47	1.581072e-44	4.132771e-41	4.094331e-37	4.681162e-32	1.338314e-24	2.054853e-03
4.774775e+00	7.943575e-57	1.554693e-53	1.391792e-50	1.189468e-47	1.454370e-44	3.788814e-41	3.741151e-37	4.264345e-32	1.217465e-24	2.026544e-03
4.779780e+00	7.420118e-57	1.445692e-53	1.289295e-50	1.097994e-47	1.337957e-44	3.473837e-41	3.418776e-37	3.885001e-32	1.107609e-24	1.998368e-03
4.784785e+00	6.931786e-57	1.344462e-53	1.194463e-50	1.013656e-47	1.230988e-44	3.185368e-41	3.124491e-37	3.539729e-32	1.007738e-24	1.970330e-03
4.789790e+00	6.476182e-57	1.250439e-53	1.106715e-50	9.358907e-48	1.132686e-44	2.921150e-41	2.855820e-37	3.225441e-32	9.169374e-25	1.942431e-03
4.794795e+00	6.051072e-57	1.163102e-53	1.025514e-50	8.641775e-48	1.042339e-44	2.679119e-41	2.610511e-37	2.939330e-32	8.343785e-25	1.914676e-03
4.799800e+00	5.654380e-57	1.081968e-53	9.503637e-51	7.980391e-48	9.592959e-45	2.457390e-41	2.386509e-37	2.678845e-32	7.593077e-25	1.887068e-03
4.804805e+00	5.284171e-57	1.006589e-53	8.808064e-51	7.370360e-48	8.829578e-45	2.254240e-41	2.181944e-37	2.441669e-32	6.910408e-25	1.859610e-03
4.809810e+00	4.938646e-57	9.365494e-54	8.164196e-51	6.807639e-48	8.127764e-45	2.068091e-41	1.995110e-37	2.225697e-32	6.289568e-25	1.832306e-03
4.814815e+00	4.616130e-57	8.714657e-54	7.568130e-51	6.288506e-48	7.482486e-45	1.897506e-41	1.824454e-37	2.029015e-32	5.724918e-25	1.805160e-03
4.819820e+00	4.315063e-57	8.109811e-54	7.016264e-51	5.809537e-48	6.889130e-45	1.741166e-41	1.668560e-37	1.849883e-32	5.211334e-25	1.778174e-03
4.824825e+00	4.033993e-57	7.547653e-54	6.505271e-51	5.367580e-48	6.343462e-45	1.597867e-41	1.526136e-37	1.686721e-32	4.744166e-25	1.751353e-03
4.829830e+00	3.771569e-57	7.025121e-54	6.032075e-51	4.959735e-48	5.841599e-45	1.466508e-41	1.396006e-37	1.538091e-32	4.319187e-25	1.724699e-03
4.834835e+00	3.526531e-57	6.539376e-54	5.593840e-51	4.583331e-48	5.379979e-45	1.346083e-41	1.277097e-37	1.402686e-32	3.932561e-25	1.698216e-03
4.839840e+00	3.297706e-57	6.087785e-54	5.187943e-51	4.235910e-48	4.955331e-45	1.235670e-41	1.168430e-37	1.279319e-32	3.580802e-25	1.671907e-03
4.844845e+00	3.084003e-57	5.667908e-54	4.811961e-51	3.915209e-48	4.564655e-45	1.134427e-41	1.069114e-37	1.166908e-32	3.260741e-25	1.645776e-03
4.849850e+00	2.884405e-57	5.277480e-54	4.463655e-51	3.619143e-48	4.205198e-45	1.041582e-41	9.783358e-38	1.064472e-32	2.969503e-25	1.619826e-03
4.854855e+00	2.697963e-57	4.914401e-54	4.140957e-51	3.345793e-48	3.874432e-45	9.564316e-42	8.953524e-38	9.711171e-33	2.704471e-25	1.594060e-03
4.859860e+00	2.523796e-57	4.576726e-54	3.841955e-51	3.093391e-48	3.570036e-45	8.783290e-42	8.194874e-38	8.860299e-33	2.463272e-25	1.568482e-03
4.864865e+00	2.361080e-57	4.262646e-54	3.564883e-51	2.860309e-48	3.289880e-45	8.066840e-42	7.501234e-38	8.084716e-33	2.243746e-25	1.543093e-03
4.869870e+00	2.209048e-57	3.970486e-54	3.308108e-51	2.645046e-48	3.032008e-45	7.409564e-42	6.866972e-38	7.377694e-33	2.043931e-25	1.517899e-03
4.874875e+00	2.066988e-57	3.698690e-54	3.070119e-51	2.446222e-48	2.794624e-45	6.806513e-42	6.286949e-38	6.733113e-33	1.862045e-25	1.492901e-03
4.879880e+00	1.934232e-57	3.445817e-54	2.849522e-51	2.262562e-48	2.576079e-45	6.253158e-42	5.756474e-38	6.145407e-33	1.696467e-25	1.468103e-03
4.884885e+00	1.810162e-57	3.210526e-54	2.645025e-51	2.092894e-48	2.374858e-45	5.745355e-42	5.271268e-38	5.609508e-33	1.545724e-25	1.443507e-03
4.889890e+00	1.694197e-57	2.991575e-54	2.455437e-51	1.936136e-48	2.189569e-45	5.279308e-42	4.827424e-38	5.120805e-33	1.408478e-25	1.419117e-03
4.894895e+00	1.585799e-57	2.787810e-54	2.279652e-51	1.791292e-48	2.018933e-45	4.851540e-42	4.421379e-38	4.675101e-33	1.283510e-25	1.394935e-03
4.899900e+00	1.484466e-57	2.598160e-54	2.116650e-51	1.657444e-48	1.861777e-45	4.458870e-42	4.049876e-38	4.268576e-33	1.169715e-25	1.370963e-03
4.904905e+00	1.389728e-57	2.421633e-54	1.965489e-51	1.533744e-48	1.717022e-45	4.098381e-42	3.709944e-38	3.897752e-33	1.066085e-25	1.347206e-03
4.909910e+00	1.301149e-57	2.257303e-54	1.825293e-51	1.419413e-48	1.583675e-45	3.767405e-42	3.398871e-38	3.559464e-33	9.717068e-26	1.323664e-03
4.914915e+00	1.218321e-57	2.104316e-54	1.695256e-51	1.313729e-48	1.460827e-45	3.463494e-42	3.114179e-38	3.250829e-33	8.857475e-26	1.300341e-03
4.919920e+00	1.140864e-57	1.961874e-54	1.574630e-51	1.216031e-48	1.347638e-45	3.184409e-42	2.853606e-38	2.969223e-33	8.074506e-26	1.277240e-03
4.924925e+00	1.068423e-57	1.829239e-54	1.462724e-51	1.125706e-48	1.243340e-45	2.928097e-42	2.615085e-38	2.712255e-33	7.361280e-26	1.254361e-03
4.929930e+00	1.000667e-57	1.705724e-54	1.358896e-51	1.042189e-48	1.147225e-45	2.692676e-42	2.396730e-38	2.477748e-33	6.711538e-26	1.231708e-03
4.934935e+00	9.372887e-58	1.590692e-54	1.262556e-51	9.649598e-49	1.058642e-45	2.476422e-42	2.196816e-38	2.263721e-33	6.119588e-26	1.209283e-03
4.939940e+00	8.779993e-58	1.483551e-54	1.173155e-51	8.935384e-49	9.769923e-46	2.277756e-42	2.013769e-38	2.068366e-33	5.580250e-26	1.187087e-03
4.944945e+00	8.225305e-58	1.383750e-54	1.090184e-51	8.274815e-49	9.017271e-46	2.095230e-42	1.846149e-38	1.890040e-33	5.088812e-26	1.165123e-03
4.949950e+00	7.706314e-58	1.290778e-54	1.013176e-51	7.663804e-49	8.323399e-46	1.927516e-42	1.692642e-38	1.727242e-33	4.640990e-26	1.143393e-03
4.954955e+00	7.220683e-58	1.204159e-54	9.416932e-52	7.098579e-49	7.683656e-46	1.773397e-42	1.552045e-38	1.578608e-33	4.232882e-26	1.121898e-03
4.959960e+00	6.766228e-58	1.123453e-54	8.753346e-52	6.575660e-49	7.093761e-46	1.631757e-42	1.423262e-38	1.442894e-33	3.860940e-26	1.100640e-03
4.964965e+00	6.340911e-58	1.048250e-54	8.137267e-52	6.091834e-49	6.549779e-46	1.501574e-42	1.305288e-38	1.318964e-33	3.521935e-26	1.079621e-03
4.969970e+00	5.942830e-58	9.781665e-55	7.565241e-52	5.644137e-49	6.048088e-46	1.381910e-42	1.197205e-38	1.205786e-33	3.212928e-26	1.058841e-03
4.974975e+00	5.570209e-58	9.128495e-55	7.034069e-52	5.229830e-49	5.585356e-46	1.271903e-42	1.098176e-38	1.102418e-33	2.931244e-26	1.038303e-03
4.979980e+00	5.221390e-58	8.519692e-55	6.540789e-52	4.846389e-49	5.158517e-46	1.170764e-42	1.007432e-38	1.008001e-33	2.674448e-26	1.018008e-03
4.984985e+00	4.894825e-58	7.952190e-55	6.082654e-52	4.491479e-49	4.764748e-46	1.077771e-42	9.242739e-39	9.217518e-34	2.440326e-26	9.979562e-04
4.989990e+00	4.589068e-58	7.423142e-55	5.657122e-52	4.162948e-49	4.401453e-46	9.922581e-43	8.480592e-39	8.429574e-34	2.226860e-26	9.781494e-04
4.994995e+00	4.302769e-58	6.929898e-55	5.261836e-52	3.858806e-49	4.066242e-46	9.136168e-43	7.782019e-39	7.709669e-34	2.032214e-26	9.585884e-04
5.000000e+00	4.034668e-58	6.469995e-55	4.894614e-52	3.577215e-49	3.756914e-46	8.412878e-43	7.141657e-39	7.051870e-34	1.854715e-26	9.392740e-04
